› Skipping dev server
› Planning build
› Preparing Pods/RNSVG-RNSVGFilters » ResourceBundle-RNSVGFilters-RNSVG-Info.plist
› Preparing Pods/expo-dev-menu-EXDevMenu » ResourceBundle-EXDevMenu-expo-dev-menu-Info.plist
› Preparing Pods/ExpoFileSystem-ExpoFileSystem_privacy » ResourceBundle-ExpoFileSystem_privacy-ExpoFileSystem-Info.plist
› Preparing Pods/React-Core-React-Core_privacy » ResourceBundle-React-Core_privacy-React-Core-Info.plist
› Preparing Pods/React-cxxreact-React-cxxreact_privacy » ResourceBundle-React-cxxreact_privacy-React-cxxreact-Info.plist
› Preparing Pods/RNCAsyncStorage-RNCAsyncStorage_resources » ResourceBundle-RNCAsyncStorage_resources-RNCAsyncStorage-Info.plist
› Executing react-native Pods/hermes-engine » [CP-User] [Hermes] Replace Hermes for the right configuration, if needed
› Executing react-native Pods/ReactNativeDependencies » [CP-User] [RNDeps] Replace React Native Dependencies for the right configuration, if needed
› Preparing Pods/EXConstants-ExpoConstants_privacy » ResourceBundle-ExpoConstants_privacy-EXConstants-Info.plist
› Preparing expo-constants Pods/EXConstants-EXConstants » ResourceBundle-EXConstants-EXConstants-Info.plist
› Preparing Pods/expo-dev-launcher-EXDevLauncher » ResourceBundle-EXDevLauncher-expo-dev-launcher-Info.plist
› Executing react-native Pods/React-Core-prebuilt » [CP-User] [RNDeps] Replace React Native Core for the right configuration, if needed
› Executing react-native Pods/React-RCTFBReactNativeSpec » [CP-User] [RN]Check FBReactNativeSpec
› Compiling dutch-vocab-builder Pods/ReactCodegen » ComponentDescriptors.cpp
› Compiling dutch-vocab-builder Pods/ReactAppDependencyProvider » RCTAppDependencyProvider.mm
› Compiling react-native-reanimated Pods/RNReanimated » ReanimatedModule.mm
› Compiling react-native-svg Pods/RNSVG » RNSVGClipPath.mm
› Packaging dutch-vocab-builder Pods/ReactCodegen » libReactCodegen.a
› Executing expo-constants Pods/EXConstants » [CP-User] Generate app.config for prebuilt Constants.manifest
› Packaging dutch-vocab-builder Pods/ReactAppDependencyProvider » libReactAppDependencyProvider.a
    Run script build phase '[CP-User] [Hermes] Replace Hermes for the right configuration, if needed' will be run during every build because it does not specify any outputs. To address this issue, either add output dependencies to the script phase, or configure it to run in every build by unchecking "Based on dependency analysis" in the script phase. (in target 'hermes-engine' from project 'Pods')

› 0 error(s), and 1 warning(s)

CommandError: Failed to build iOS project. "xcodebuild" exited with error code 65.
To view more error logs, try building the app with Xcode directly, by opening /Users/vivek/Documents/vide coding/antigravity/dutch vocab builder/dutch-vocab-builder/ios/dutchvocabbuilder.xcworkspace.

Command line invocation:
    /Applications/Xcode.app/Contents/Developer/usr/bin/xcodebuild -workspace "/Users/vivek/Documents/vide coding/antigravity/dutch vocab builder/dutch-vocab-builder/ios/dutchvocabbuilder.xcworkspace" -configuration Debug -scheme dutchvocabbuilder -destination id=26CBEFC5-7D3A-41B2-B7D6-D5F9CE78E77D

User defaults from command line:
    IDEPackageSupportUseBuiltinSCM = YES

Prepare packages

ComputeTargetDependencyGraph
note: Building targets in dependency order
note: Target dependency graph (106 targets)
    Target 'dutchvocabbuilder' in project 'dutchvocabbuilder'
        ➜ Implicit dependency on target 'Pods-dutchvocabbuilder' in project 'Pods' via file 'libPods-dutchvocabbuilder.a' in build phase 'Link Binary'
        ➜ Implicit dependency on target 'EXConstants' in project 'Pods' via options '-lEXConstants' in build setting 'OTHER_LDFLAGS'
        ➜ Implicit dependency on target 'EXJSONUtils' in project 'Pods' via options '-lEXJSONUtils' in build setting 'OTHER_LDFLAGS'
        ➜ Implicit dependency on target 'EXManifests' in project 'Pods' via options '-lEXManifests' in build setting 'OTHER_LDFLAGS'
        ➜ Implicit dependency on target 'EXUpdatesInterface' in project 'Pods' via options '-lEXUpdatesInterface' in build setting 'OTHER_LDFLAGS'
        ➜ Implicit dependency on target 'Expo' in project 'Pods' via options '-lExpo' in build setting 'OTHER_LDFLAGS'
        ➜ Implicit dependency on target 'ExpoAsset' in project 'Pods' via options '-lExpoAsset' in build setting 'OTHER_LDFLAGS'
        ➜ Implicit dependency on target 'ExpoDocumentPicker' in project 'Pods' via options '-lExpoDocumentPicker' in build setting 'OTHER_LDFLAGS'
        ➜ Implicit dependency on target 'ExpoFileSystem' in project 'Pods' via options '-lExpoFileSystem' in build setting 'OTHER_LDFLAGS'
        ➜ Implicit dependency on target 'ExpoFont' in project 'Pods' via options '-lExpoFont' in build setting 'OTHER_LDFLAGS'
        ➜ Implicit dependency on target 'ExpoHead' in project 'Pods' via options '-lExpoHead' in build setting 'OTHER_LDFLAGS'
        ➜ Implicit dependency on target 'ExpoKeepAwake' in project 'Pods' via options '-lExpoKeepAwake' in build setting 'OTHER_LDFLAGS'
        ➜ Implicit dependency on target 'ExpoLinking' in project 'Pods' via options '-lExpoLinking' in build setting 'OTHER_LDFLAGS'
        ➜ Implicit dependency on target 'ExpoModulesCore' in project 'Pods' via options '-lExpoModulesCore' in build setting 'OTHER_LDFLAGS'
        ➜ Implicit dependency on target 'ExpoSpeech' in project 'Pods' via options '-lExpoSpeech' in build setting 'OTHER_LDFLAGS'
        ➜ Implicit dependency on target 'ExpoSplashScreen' in project 'Pods' via options '-lExpoSplashScreen' in build setting 'OTHER_LDFLAGS'
        ➜ Implicit dependency on target 'ExpoWebBrowser' in project 'Pods' via options '-lExpoWebBrowser' in build setting 'OTHER_LDFLAGS'
        ➜ Implicit dependency on target 'RNCAsyncStorage' in project 'Pods' via options '-lRNCAsyncStorage' in build setting 'OTHER_LDFLAGS'
        ➜ Implicit dependency on target 'RNGestureHandler' in project 'Pods' via options '-lRNGestureHandler' in build setting 'OTHER_LDFLAGS'
        ➜ Implicit dependency on target 'RNReanimated' in project 'Pods' via options '-lRNReanimated' in build setting 'OTHER_LDFLAGS'
        ➜ Implicit dependency on target 'RNSVG' in project 'Pods' via options '-lRNSVG' in build setting 'OTHER_LDFLAGS'
        ➜ Implicit dependency on target 'RNScreens' in project 'Pods' via options '-lRNScreens' in build setting 'OTHER_LDFLAGS'
        ➜ Implicit dependency on target 'RNWorklets' in project 'Pods' via options '-lRNWorklets' in build setting 'OTHER_LDFLAGS'
        ➜ Implicit dependency on target 'ReactAppDependencyProvider' in project 'Pods' via options '-lReactAppDependencyProvider' in build setting 'OTHER_LDFLAGS'
        ➜ Implicit dependency on target 'ReactCodegen' in project 'Pods' via options '-lReactCodegen' in build setting 'OTHER_LDFLAGS'
        ➜ Implicit dependency on target 'expo-dev-launcher' in project 'Pods' via options '-lexpo-dev-launcher' in build setting 'OTHER_LDFLAGS'
        ➜ Implicit dependency on target 'expo-dev-menu' in project 'Pods' via options '-lexpo-dev-menu' in build setting 'OTHER_LDFLAGS'
        ➜ Implicit dependency on target 'expo-dev-menu-interface' in project 'Pods' via options '-lexpo-dev-menu-interface' in build setting 'OTHER_LDFLAGS'
        ➜ Implicit dependency on target 'react-native-safe-area-context' in project 'Pods' via options '-lreact-native-safe-area-context' in build setting 'OTHER_LDFLAGS'
        ➜ Implicit dependency on target 'react-native-sherpa-onnx-offline-tts' in project 'Pods' via options '-lreact-native-sherpa-onnx-offline-tts' in build setting 'OTHER_LDFLAGS'
    Target 'Pods-dutchvocabbuilder' in project 'Pods'
        ➜ Explicit dependency on target 'EXConstants' in project 'Pods'
        ➜ Explicit dependency on target 'EXJSONUtils' in project 'Pods'
        ➜ Explicit dependency on target 'EXManifests' in project 'Pods'
        ➜ Explicit dependency on target 'EXUpdatesInterface' in project 'Pods'
        ➜ Explicit dependency on target 'Expo' in project 'Pods'
        ➜ Explicit dependency on target 'ExpoAsset' in project 'Pods'
        ➜ Explicit dependency on target 'ExpoDocumentPicker' in project 'Pods'
        ➜ Explicit dependency on target 'ExpoFileSystem' in project 'Pods'
        ➜ Explicit dependency on target 'ExpoFont' in project 'Pods'
        ➜ Explicit dependency on target 'ExpoHead' in project 'Pods'
        ➜ Explicit dependency on target 'ExpoKeepAwake' in project 'Pods'
        ➜ Explicit dependency on target 'ExpoLinking' in project 'Pods'
        ➜ Explicit dependency on target 'ExpoModulesCore' in project 'Pods'
        ➜ Explicit dependency on target 'ExpoSpeech' in project 'Pods'
        ➜ Explicit dependency on target 'ExpoSplashScreen' in project 'Pods'
        ➜ Explicit dependency on target 'ExpoWebBrowser' in project 'Pods'
        ➜ Explicit dependency on target 'FBLazyVector' in project 'Pods'
        ➜ Explicit dependency on target 'RCTDeprecation' in project 'Pods'
        ➜ Explicit dependency on target 'RCTRequired' in project 'Pods'
        ➜ Explicit dependency on target 'RCTTypeSafety' in project 'Pods'
        ➜ Explicit dependency on target 'RNCAsyncStorage' in project 'Pods'
        ➜ Explicit dependency on target 'RNGestureHandler' in project 'Pods'
        ➜ Explicit dependency on target 'RNReanimated' in project 'Pods'
        ➜ Explicit dependency on target 'RNSVG' in project 'Pods'
        ➜ Explicit dependency on target 'RNScreens' in project 'Pods'
        ➜ Explicit dependency on target 'RNWorklets' in project 'Pods'
        ➜ Explicit dependency on target 'React' in project 'Pods'
        ➜ Explicit dependency on target 'React-Core' in project 'Pods'
        ➜ Explicit dependency on target 'React-Core-prebuilt' in project 'Pods'
        ➜ Explicit dependency on target 'React-CoreModules' in project 'Pods'
        ➜ Explicit dependency on target 'React-Fabric' in project 'Pods'
        ➜ Explicit dependency on target 'React-FabricComponents' in project 'Pods'
        ➜ Explicit dependency on target 'React-FabricImage' in project 'Pods'
        ➜ Explicit dependency on target 'React-ImageManager' in project 'Pods'
        ➜ Explicit dependency on target 'React-Mapbuffer' in project 'Pods'
        ➜ Explicit dependency on target 'React-NativeModulesApple' in project 'Pods'
        ➜ Explicit dependency on target 'React-RCTActionSheet' in project 'Pods'
        ➜ Explicit dependency on target 'React-RCTAnimation' in project 'Pods'
        ➜ Explicit dependency on target 'React-RCTAppDelegate' in project 'Pods'
        ➜ Explicit dependency on target 'React-RCTBlob' in project 'Pods'
        ➜ Explicit dependency on target 'React-RCTFBReactNativeSpec' in project 'Pods'
        ➜ Explicit dependency on target 'React-RCTFabric' in project 'Pods'
        ➜ Explicit dependency on target 'React-RCTImage' in project 'Pods'
        ➜ Explicit dependency on target 'React-RCTLinking' in project 'Pods'
        ➜ Explicit dependency on target 'React-RCTNetwork' in project 'Pods'
        ➜ Explicit dependency on target 'React-RCTRuntime' in project 'Pods'
        ➜ Explicit dependency on target 'React-RCTSettings' in project 'Pods'
        ➜ Explicit dependency on target 'React-RCTText' in project 'Pods'
        ➜ Explicit dependency on target 'React-RCTVibration' in project 'Pods'
        ➜ Explicit dependency on target 'React-RuntimeApple' in project 'Pods'
        ➜ Explicit dependency on target 'React-RuntimeCore' in project 'Pods'
        ➜ Explicit dependency on target 'React-RuntimeHermes' in project 'Pods'
        ➜ Explicit dependency on target 'React-callinvoker' in project 'Pods'
        ➜ Explicit dependency on target 'React-cxxreact' in project 'Pods'
        ➜ Explicit dependency on target 'React-debug' in project 'Pods'
        ➜ Explicit dependency on target 'React-defaultsnativemodule' in project 'Pods'
        ➜ Explicit dependency on target 'React-domnativemodule' in project 'Pods'
        ➜ Explicit dependency on target 'React-featureflags' in project 'Pods'
        ➜ Explicit dependency on target 'React-featureflagsnativemodule' in project 'Pods'
        ➜ Explicit dependency on target 'React-graphics' in project 'Pods'
        ➜ Explicit dependency on target 'React-hermes' in project 'Pods'
        ➜ Explicit dependency on target 'React-idlecallbacksnativemodule' in project 'Pods'
        ➜ Explicit dependency on target 'React-jserrorhandler' in project 'Pods'
        ➜ Explicit dependency on target 'React-jsi' in project 'Pods'
        ➜ Explicit dependency on target 'React-jsiexecutor' in project 'Pods'
        ➜ Explicit dependency on target 'React-jsinspector' in project 'Pods'
        ➜ Explicit dependency on target 'React-jsinspectorcdp' in project 'Pods'
        ➜ Explicit dependency on target 'React-jsinspectornetwork' in project 'Pods'
        ➜ Explicit dependency on target 'React-jsinspectortracing' in project 'Pods'
        ➜ Explicit dependency on target 'React-jsitooling' in project 'Pods'
        ➜ Explicit dependency on target 'React-jsitracing' in project 'Pods'
        ➜ Explicit dependency on target 'React-logger' in project 'Pods'
        ➜ Explicit dependency on target 'React-microtasksnativemodule' in project 'Pods'
        ➜ Explicit dependency on target 'React-oscompat' in project 'Pods'
        ➜ Explicit dependency on target 'React-perflogger' in project 'Pods'
        ➜ Explicit dependency on target 'React-performancetimeline' in project 'Pods'
        ➜ Explicit dependency on target 'React-rendererconsistency' in project 'Pods'
        ➜ Explicit dependency on target 'React-renderercss' in project 'Pods'
        ➜ Explicit dependency on target 'React-rendererdebug' in project 'Pods'
        ➜ Explicit dependency on target 'React-runtimeexecutor' in project 'Pods'
        ➜ Explicit dependency on target 'React-runtimescheduler' in project 'Pods'
        ➜ Explicit dependency on target 'React-timing' in project 'Pods'
        ➜ Explicit dependency on target 'React-utils' in project 'Pods'
        ➜ Explicit dependency on target 'ReactAppDependencyProvider' in project 'Pods'
        ➜ Explicit dependency on target 'ReactCodegen' in project 'Pods'
        ➜ Explicit dependency on target 'ReactCommon' in project 'Pods'
        ➜ Explicit dependency on target 'ReactNativeDependencies' in project 'Pods'
        ➜ Explicit dependency on target 'Yoga' in project 'Pods'
        ➜ Explicit dependency on target 'expo-dev-client' in project 'Pods'
        ➜ Explicit dependency on target 'expo-dev-launcher' in project 'Pods'
        ➜ Explicit dependency on target 'expo-dev-menu' in project 'Pods'
        ➜ Explicit dependency on target 'expo-dev-menu-interface' in project 'Pods'
        ➜ Explicit dependency on target 'hermes-engine' in project 'Pods'
        ➜ Explicit dependency on target 'react-native-safe-area-context' in project 'Pods'
        ➜ Explicit dependency on target 'react-native-sherpa-onnx-offline-tts' in project 'Pods'
    Target 'react-native-sherpa-onnx-offline-tts' in project 'Pods'
        ➜ Explicit dependency on target 'RCTRequired' in project 'Pods'
        ➜ Explicit dependency on target 'RCTTypeSafety' in project 'Pods'
        ➜ Explicit dependency on target 'React-Core' in project 'Pods'
        ➜ Explicit dependency on target 'React-Core-prebuilt' in project 'Pods'
        ➜ Explicit dependency on target 'React-Fabric' in project 'Pods'
        ➜ Explicit dependency on target 'React-ImageManager' in project 'Pods'
        ➜ Explicit dependency on target 'React-NativeModulesApple' in project 'Pods'
        ➜ Explicit dependency on target 'React-RCTFabric' in project 'Pods'
        ➜ Explicit dependency on target 'React-debug' in project 'Pods'
        ➜ Explicit dependency on target 'React-featureflags' in project 'Pods'
        ➜ Explicit dependency on target 'React-graphics' in project 'Pods'
        ➜ Explicit dependency on target 'React-jsi' in project 'Pods'
        ➜ Explicit dependency on target 'React-renderercss' in project 'Pods'
        ➜ Explicit dependency on target 'React-rendererdebug' in project 'Pods'
        ➜ Explicit dependency on target 'React-utils' in project 'Pods'
        ➜ Explicit dependency on target 'ReactCodegen' in project 'Pods'
        ➜ Explicit dependency on target 'ReactCommon' in project 'Pods'
        ➜ Explicit dependency on target 'ReactNativeDependencies' in project 'Pods'
        ➜ Explicit dependency on target 'Yoga' in project 'Pods'
        ➜ Explicit dependency on target 'hermes-engine' in project 'Pods'
    Target 'react-native-safe-area-context' in project 'Pods'
        ➜ Explicit dependency on target 'RCTRequired' in project 'Pods'
        ➜ Explicit dependency on target 'RCTTypeSafety' in project 'Pods'
        ➜ Explicit dependency on target 'React-Core' in project 'Pods'
        ➜ Explicit dependency on target 'React-Core-prebuilt' in project 'Pods'
        ➜ Explicit dependency on target 'React-Fabric' in project 'Pods'
        ➜ Explicit dependency on target 'React-ImageManager' in project 'Pods'
        ➜ Explicit dependency on target 'React-NativeModulesApple' in project 'Pods'
        ➜ Explicit dependency on target 'React-RCTFabric' in project 'Pods'
        ➜ Explicit dependency on target 'React-debug' in project 'Pods'
        ➜ Explicit dependency on target 'React-featureflags' in project 'Pods'
        ➜ Explicit dependency on target 'React-graphics' in project 'Pods'
        ➜ Explicit dependency on target 'React-jsi' in project 'Pods'
        ➜ Explicit dependency on target 'React-renderercss' in project 'Pods'
        ➜ Explicit dependency on target 'React-rendererdebug' in project 'Pods'
        ➜ Explicit dependency on target 'React-utils' in project 'Pods'
        ➜ Explicit dependency on target 'ReactCodegen' in project 'Pods'
        ➜ Explicit dependency on target 'ReactCommon' in project 'Pods'
        ➜ Explicit dependency on target 'ReactNativeDependencies' in project 'Pods'
        ➜ Explicit dependency on target 'Yoga' in project 'Pods'
        ➜ Explicit dependency on target 'hermes-engine' in project 'Pods'
    Target 'expo-dev-client' in project 'Pods'
        ➜ Explicit dependency on target 'EXManifests' in project 'Pods'
        ➜ Explicit dependency on target 'expo-dev-launcher' in project 'Pods'
        ➜ Explicit dependency on target 'expo-dev-menu' in project 'Pods'
        ➜ Explicit dependency on target 'expo-dev-menu-interface' in project 'Pods'
        ➜ Explicit dependency on target 'EXUpdatesInterface' in project 'Pods'
    Target 'expo-dev-launcher' in project 'Pods'
        ➜ Explicit dependency on target 'EXManifests' in project 'Pods'
        ➜ Explicit dependency on target 'EXUpdatesInterface' in project 'Pods'
        ➜ Explicit dependency on target 'ExpoModulesCore' in project 'Pods'
        ➜ Explicit dependency on target 'RCTRequired' in project 'Pods'
        ➜ Explicit dependency on target 'RCTTypeSafety' in project 'Pods'
        ➜ Explicit dependency on target 'React-Core' in project 'Pods'
        ➜ Explicit dependency on target 'React-Core-prebuilt' in project 'Pods'
        ➜ Explicit dependency on target 'React-Fabric' in project 'Pods'
        ➜ Explicit dependency on target 'React-ImageManager' in project 'Pods'
        ➜ Explicit dependency on target 'React-NativeModulesApple' in project 'Pods'
        ➜ Explicit dependency on target 'React-RCTAppDelegate' in project 'Pods'
        ➜ Explicit dependency on target 'React-RCTFabric' in project 'Pods'
        ➜ Explicit dependency on target 'React-debug' in project 'Pods'
        ➜ Explicit dependency on target 'React-featureflags' in project 'Pods'
        ➜ Explicit dependency on target 'React-graphics' in project 'Pods'
        ➜ Explicit dependency on target 'React-jsi' in project 'Pods'
        ➜ Explicit dependency on target 'React-jsinspector' in project 'Pods'
        ➜ Explicit dependency on target 'React-renderercss' in project 'Pods'
        ➜ Explicit dependency on target 'React-rendererdebug' in project 'Pods'
        ➜ Explicit dependency on target 'React-utils' in project 'Pods'
        ➜ Explicit dependency on target 'ReactAppDependencyProvider' in project 'Pods'
        ➜ Explicit dependency on target 'ReactCodegen' in project 'Pods'
        ➜ Explicit dependency on target 'ReactCommon' in project 'Pods'
        ➜ Explicit dependency on target 'ReactNativeDependencies' in project 'Pods'
        ➜ Explicit dependency on target 'Yoga' in project 'Pods'
        ➜ Explicit dependency on target 'expo-dev-launcher-EXDevLauncher' in project 'Pods'
        ➜ Explicit dependency on target 'expo-dev-menu' in project 'Pods'
        ➜ Explicit dependency on target 'expo-dev-menu-interface' in project 'Pods'
        ➜ Explicit dependency on target 'hermes-engine' in project 'Pods'
    Target 'expo-dev-menu' in project 'Pods'
        ➜ Explicit dependency on target 'EXManifests' in project 'Pods'
        ➜ Explicit dependency on target 'ExpoModulesCore' in project 'Pods'
        ➜ Explicit dependency on target 'RCTRequired' in project 'Pods'
        ➜ Explicit dependency on target 'RCTTypeSafety' in project 'Pods'
        ➜ Explicit dependency on target 'React-Core' in project 'Pods'
        ➜ Explicit dependency on target 'React-Core-prebuilt' in project 'Pods'
        ➜ Explicit dependency on target 'React-Fabric' in project 'Pods'
        ➜ Explicit dependency on target 'React-ImageManager' in project 'Pods'
        ➜ Explicit dependency on target 'React-NativeModulesApple' in project 'Pods'
        ➜ Explicit dependency on target 'React-RCTFabric' in project 'Pods'
        ➜ Explicit dependency on target 'React-debug' in project 'Pods'
        ➜ Explicit dependency on target 'React-featureflags' in project 'Pods'
        ➜ Explicit dependency on target 'React-graphics' in project 'Pods'
        ➜ Explicit dependency on target 'React-jsi' in project 'Pods'
        ➜ Explicit dependency on target 'React-jsinspector' in project 'Pods'
        ➜ Explicit dependency on target 'React-renderercss' in project 'Pods'
        ➜ Explicit dependency on target 'React-rendererdebug' in project 'Pods'
        ➜ Explicit dependency on target 'React-utils' in project 'Pods'
        ➜ Explicit dependency on target 'ReactCodegen' in project 'Pods'
        ➜ Explicit dependency on target 'ReactCommon' in project 'Pods'
        ➜ Explicit dependency on target 'ReactNativeDependencies' in project 'Pods'
        ➜ Explicit dependency on target 'Yoga' in project 'Pods'
        ➜ Explicit dependency on target 'expo-dev-menu-EXDevMenu' in project 'Pods'
        ➜ Explicit dependency on target 'expo-dev-menu-interface' in project 'Pods'
        ➜ Explicit dependency on target 'hermes-engine' in project 'Pods'
    Target 'expo-dev-menu-interface' in project 'Pods' (no dependencies)
    Target 'expo-dev-menu-EXDevMenu' in project 'Pods' (no dependencies)
    Target 'expo-dev-launcher-EXDevLauncher' in project 'Pods' (no dependencies)
    Target 'React' in project 'Pods'
        ➜ Explicit dependency on target 'React-Core' in project 'Pods'
        ➜ Explicit dependency on target 'React-RCTActionSheet' in project 'Pods'
        ➜ Explicit dependency on target 'React-RCTAnimation' in project 'Pods'
        ➜ Explicit dependency on target 'React-RCTBlob' in project 'Pods'
        ➜ Explicit dependency on target 'React-RCTImage' in project 'Pods'
        ➜ Explicit dependency on target 'React-RCTLinking' in project 'Pods'
        ➜ Explicit dependency on target 'React-RCTNetwork' in project 'Pods'
        ➜ Explicit dependency on target 'React-RCTSettings' in project 'Pods'
        ➜ Explicit dependency on target 'React-RCTText' in project 'Pods'
        ➜ Explicit dependency on target 'React-RCTVibration' in project 'Pods'
    Target 'React-RCTVibration' in project 'Pods'
        ➜ Explicit dependency on target 'React-Core' in project 'Pods'
        ➜ Explicit dependency on target 'React-Core-prebuilt' in project 'Pods'
        ➜ Explicit dependency on target 'React-jsi' in project 'Pods'
        ➜ Explicit dependency on target 'React-NativeModulesApple' in project 'Pods'
        ➜ Explicit dependency on target 'React-RCTFBReactNativeSpec' in project 'Pods'
        ➜ Explicit dependency on target 'ReactCommon' in project 'Pods'
        ➜ Explicit dependency on target 'ReactNativeDependencies' in project 'Pods'
    Target 'React-RCTSettings' in project 'Pods'
        ➜ Explicit dependency on target 'RCTTypeSafety' in project 'Pods'
        ➜ Explicit dependency on target 'React-Core' in project 'Pods'
        ➜ Explicit dependency on target 'React-Core-prebuilt' in project 'Pods'
        ➜ Explicit dependency on target 'React-jsi' in project 'Pods'
        ➜ Explicit dependency on target 'React-NativeModulesApple' in project 'Pods'
        ➜ Explicit dependency on target 'React-RCTFBReactNativeSpec' in project 'Pods'
        ➜ Explicit dependency on target 'ReactCommon' in project 'Pods'
        ➜ Explicit dependency on target 'ReactNativeDependencies' in project 'Pods'
    Target 'React-RCTLinking' in project 'Pods'
        ➜ Explicit dependency on target 'React-Core' in project 'Pods'
        ➜ Explicit dependency on target 'React-jsi' in project 'Pods'
        ➜ Explicit dependency on target 'React-NativeModulesApple' in project 'Pods'
        ➜ Explicit dependency on target 'React-RCTFBReactNativeSpec' in project 'Pods'
        ➜ Explicit dependency on target 'ReactCommon' in project 'Pods'
    Target 'React-RCTActionSheet' in project 'Pods'
        ➜ Explicit dependency on target 'React-Core' in project 'Pods'
    Target 'RNSVG' in project 'Pods'
        ➜ Explicit dependency on target 'RCTRequired' in project 'Pods'
        ➜ Explicit dependency on target 'RCTTypeSafety' in project 'Pods'
        ➜ Explicit dependency on target 'RNSVG-RNSVGFilters' in project 'Pods'
        ➜ Explicit dependency on target 'React-Core' in project 'Pods'
        ➜ Explicit dependency on target 'React-Core-prebuilt' in project 'Pods'
        ➜ Explicit dependency on target 'React-Fabric' in project 'Pods'
        ➜ Explicit dependency on target 'React-ImageManager' in project 'Pods'
        ➜ Explicit dependency on target 'React-NativeModulesApple' in project 'Pods'
        ➜ Explicit dependency on target 'React-RCTFabric' in project 'Pods'
        ➜ Explicit dependency on target 'React-debug' in project 'Pods'
        ➜ Explicit dependency on target 'React-featureflags' in project 'Pods'
        ➜ Explicit dependency on target 'React-graphics' in project 'Pods'
        ➜ Explicit dependency on target 'React-jsi' in project 'Pods'
        ➜ Explicit dependency on target 'React-renderercss' in project 'Pods'
        ➜ Explicit dependency on target 'React-rendererdebug' in project 'Pods'
        ➜ Explicit dependency on target 'React-utils' in project 'Pods'
        ➜ Explicit dependency on target 'ReactCodegen' in project 'Pods'
        ➜ Explicit dependency on target 'ReactCommon' in project 'Pods'
        ➜ Explicit dependency on target 'ReactNativeDependencies' in project 'Pods'
        ➜ Explicit dependency on target 'Yoga' in project 'Pods'
        ➜ Explicit dependency on target 'hermes-engine' in project 'Pods'
    Target 'RNSVG-RNSVGFilters' in project 'Pods' (no dependencies)
    Target 'RNReanimated' in project 'Pods'
        ➜ Explicit dependency on target 'RCTRequired' in project 'Pods'
        ➜ Explicit dependency on target 'RCTTypeSafety' in project 'Pods'
        ➜ Explicit dependency on target 'RNWorklets' in project 'Pods'
        ➜ Explicit dependency on target 'React-Core' in project 'Pods'
        ➜ Explicit dependency on target 'React-Core-prebuilt' in project 'Pods'
        ➜ Explicit dependency on target 'React-Fabric' in project 'Pods'
        ➜ Explicit dependency on target 'React-ImageManager' in project 'Pods'
        ➜ Explicit dependency on target 'React-NativeModulesApple' in project 'Pods'
        ➜ Explicit dependency on target 'React-RCTFabric' in project 'Pods'
        ➜ Explicit dependency on target 'React-debug' in project 'Pods'
        ➜ Explicit dependency on target 'React-featureflags' in project 'Pods'
        ➜ Explicit dependency on target 'React-graphics' in project 'Pods'
        ➜ Explicit dependency on target 'React-hermes' in project 'Pods'
        ➜ Explicit dependency on target 'React-jsi' in project 'Pods'
        ➜ Explicit dependency on target 'React-renderercss' in project 'Pods'
        ➜ Explicit dependency on target 'React-rendererdebug' in project 'Pods'
        ➜ Explicit dependency on target 'React-utils' in project 'Pods'
        ➜ Explicit dependency on target 'ReactCodegen' in project 'Pods'
        ➜ Explicit dependency on target 'ReactCommon' in project 'Pods'
        ➜ Explicit dependency on target 'ReactNativeDependencies' in project 'Pods'
        ➜ Explicit dependency on target 'Yoga' in project 'Pods'
        ➜ Explicit dependency on target 'hermes-engine' in project 'Pods'
    Target 'RNWorklets' in project 'Pods'
        ➜ Explicit dependency on target 'RCTRequired' in project 'Pods'
        ➜ Explicit dependency on target 'RCTTypeSafety' in project 'Pods'
        ➜ Explicit dependency on target 'React-Core' in project 'Pods'
        ➜ Explicit dependency on target 'React-Core-prebuilt' in project 'Pods'
        ➜ Explicit dependency on target 'React-Fabric' in project 'Pods'
        ➜ Explicit dependency on target 'React-ImageManager' in project 'Pods'
        ➜ Explicit dependency on target 'React-NativeModulesApple' in project 'Pods'
        ➜ Explicit dependency on target 'React-RCTFabric' in project 'Pods'
        ➜ Explicit dependency on target 'React-debug' in project 'Pods'
        ➜ Explicit dependency on target 'React-featureflags' in project 'Pods'
        ➜ Explicit dependency on target 'React-graphics' in project 'Pods'
        ➜ Explicit dependency on target 'React-hermes' in project 'Pods'
        ➜ Explicit dependency on target 'React-jsi' in project 'Pods'
        ➜ Explicit dependency on target 'React-renderercss' in project 'Pods'
        ➜ Explicit dependency on target 'React-rendererdebug' in project 'Pods'
        ➜ Explicit dependency on target 'React-utils' in project 'Pods'
        ➜ Explicit dependency on target 'ReactCodegen' in project 'Pods'
        ➜ Explicit dependency on target 'ReactCommon' in project 'Pods'
        ➜ Explicit dependency on target 'ReactNativeDependencies' in project 'Pods'
        ➜ Explicit dependency on target 'Yoga' in project 'Pods'
        ➜ Explicit dependency on target 'hermes-engine' in project 'Pods'
    Target 'RNGestureHandler' in project 'Pods'
        ➜ Explicit dependency on target 'RCTRequired' in project 'Pods'
        ➜ Explicit dependency on target 'RCTTypeSafety' in project 'Pods'
        ➜ Explicit dependency on target 'React-Core' in project 'Pods'
        ➜ Explicit dependency on target 'React-Core-prebuilt' in project 'Pods'
        ➜ Explicit dependency on target 'React-Fabric' in project 'Pods'
        ➜ Explicit dependency on target 'React-ImageManager' in project 'Pods'
        ➜ Explicit dependency on target 'React-NativeModulesApple' in project 'Pods'
        ➜ Explicit dependency on target 'React-RCTFabric' in project 'Pods'
        ➜ Explicit dependency on target 'React-debug' in project 'Pods'
        ➜ Explicit dependency on target 'React-featureflags' in project 'Pods'
        ➜ Explicit dependency on target 'React-graphics' in project 'Pods'
        ➜ Explicit dependency on target 'React-jsi' in project 'Pods'
        ➜ Explicit dependency on target 'React-renderercss' in project 'Pods'
        ➜ Explicit dependency on target 'React-rendererdebug' in project 'Pods'
        ➜ Explicit dependency on target 'React-utils' in project 'Pods'
        ➜ Explicit dependency on target 'ReactCodegen' in project 'Pods'
        ➜ Explicit dependency on target 'ReactCommon' in project 'Pods'
        ➜ Explicit dependency on target 'ReactNativeDependencies' in project 'Pods'
        ➜ Explicit dependency on target 'Yoga' in project 'Pods'
        ➜ Explicit dependency on target 'hermes-engine' in project 'Pods'
    Target 'RNCAsyncStorage' in project 'Pods'
        ➜ Explicit dependency on target 'RCTRequired' in project 'Pods'
        ➜ Explicit dependency on target 'RCTTypeSafety' in project 'Pods'
        ➜ Explicit dependency on target 'RNCAsyncStorage-RNCAsyncStorage_resources' in project 'Pods'
        ➜ Explicit dependency on target 'React-Core' in project 'Pods'
        ➜ Explicit dependency on target 'React-Core-prebuilt' in project 'Pods'
        ➜ Explicit dependency on target 'React-Fabric' in project 'Pods'
        ➜ Explicit dependency on target 'React-ImageManager' in project 'Pods'
        ➜ Explicit dependency on target 'React-NativeModulesApple' in project 'Pods'
        ➜ Explicit dependency on target 'React-RCTFabric' in project 'Pods'
        ➜ Explicit dependency on target 'React-debug' in project 'Pods'
        ➜ Explicit dependency on target 'React-featureflags' in project 'Pods'
        ➜ Explicit dependency on target 'React-graphics' in project 'Pods'
        ➜ Explicit dependency on target 'React-jsi' in project 'Pods'
        ➜ Explicit dependency on target 'React-renderercss' in project 'Pods'
        ➜ Explicit dependency on target 'React-rendererdebug' in project 'Pods'
        ➜ Explicit dependency on target 'React-utils' in project 'Pods'
        ➜ Explicit dependency on target 'ReactCodegen' in project 'Pods'
        ➜ Explicit dependency on target 'ReactCommon' in project 'Pods'
        ➜ Explicit dependency on target 'ReactNativeDependencies' in project 'Pods'
        ➜ Explicit dependency on target 'Yoga' in project 'Pods'
        ➜ Explicit dependency on target 'hermes-engine' in project 'Pods'
    Target 'RNCAsyncStorage-RNCAsyncStorage_resources' in project 'Pods' (no dependencies)
    Target 'ExpoWebBrowser' in project 'Pods'
        ➜ Explicit dependency on target 'ExpoModulesCore' in project 'Pods'
    Target 'ExpoSplashScreen' in project 'Pods'
        ➜ Explicit dependency on target 'ExpoModulesCore' in project 'Pods'
    Target 'ExpoSpeech' in project 'Pods'
        ➜ Explicit dependency on target 'ExpoModulesCore' in project 'Pods'
    Target 'ExpoLinking' in project 'Pods'
        ➜ Explicit dependency on target 'ExpoModulesCore' in project 'Pods'
    Target 'ExpoKeepAwake' in project 'Pods'
        ➜ Explicit dependency on target 'ExpoModulesCore' in project 'Pods'
    Target 'ExpoHead' in project 'Pods'
        ➜ Explicit dependency on target 'ExpoModulesCore' in project 'Pods'
        ➜ Explicit dependency on target 'RNScreens' in project 'Pods'
    Target 'RNScreens' in project 'Pods'
        ➜ Explicit dependency on target 'RCTRequired' in project 'Pods'
        ➜ Explicit dependency on target 'RCTTypeSafety' in project 'Pods'
        ➜ Explicit dependency on target 'React-Core' in project 'Pods'
        ➜ Explicit dependency on target 'React-Core-prebuilt' in project 'Pods'
        ➜ Explicit dependency on target 'React-Fabric' in project 'Pods'
        ➜ Explicit dependency on target 'React-ImageManager' in project 'Pods'
        ➜ Explicit dependency on target 'React-NativeModulesApple' in project 'Pods'
        ➜ Explicit dependency on target 'React-RCTFabric' in project 'Pods'
        ➜ Explicit dependency on target 'React-RCTImage' in project 'Pods'
        ➜ Explicit dependency on target 'React-debug' in project 'Pods'
        ➜ Explicit dependency on target 'React-featureflags' in project 'Pods'
        ➜ Explicit dependency on target 'React-graphics' in project 'Pods'
        ➜ Explicit dependency on target 'React-jsi' in project 'Pods'
        ➜ Explicit dependency on target 'React-renderercss' in project 'Pods'
        ➜ Explicit dependency on target 'React-rendererdebug' in project 'Pods'
        ➜ Explicit dependency on target 'React-utils' in project 'Pods'
        ➜ Explicit dependency on target 'ReactCodegen' in project 'Pods'
        ➜ Explicit dependency on target 'ReactCommon' in project 'Pods'
        ➜ Explicit dependency on target 'ReactNativeDependencies' in project 'Pods'
        ➜ Explicit dependency on target 'Yoga' in project 'Pods'
        ➜ Explicit dependency on target 'hermes-engine' in project 'Pods'
    Target 'ExpoFont' in project 'Pods'
        ➜ Explicit dependency on target 'ExpoModulesCore' in project 'Pods'
    Target 'ExpoFileSystem' in project 'Pods'
        ➜ Explicit dependency on target 'ExpoFileSystem-ExpoFileSystem_privacy' in project 'Pods'
        ➜ Explicit dependency on target 'ExpoModulesCore' in project 'Pods'
    Target 'ExpoFileSystem-ExpoFileSystem_privacy' in project 'Pods' (no dependencies)
    Target 'ExpoDocumentPicker' in project 'Pods'
        ➜ Explicit dependency on target 'ExpoModulesCore' in project 'Pods'
    Target 'ExpoAsset' in project 'Pods'
        ➜ Explicit dependency on target 'ExpoModulesCore' in project 'Pods'
    Target 'Expo' in project 'Pods'
        ➜ Explicit dependency on target 'ExpoModulesCore' in project 'Pods'
        ➜ Explicit dependency on target 'RCTRequired' in project 'Pods'
        ➜ Explicit dependency on target 'RCTTypeSafety' in project 'Pods'
        ➜ Explicit dependency on target 'React-Core' in project 'Pods'
        ➜ Explicit dependency on target 'React-Core-prebuilt' in project 'Pods'
        ➜ Explicit dependency on target 'React-Fabric' in project 'Pods'
        ➜ Explicit dependency on target 'React-ImageManager' in project 'Pods'
        ➜ Explicit dependency on target 'React-NativeModulesApple' in project 'Pods'
        ➜ Explicit dependency on target 'React-RCTAppDelegate' in project 'Pods'
        ➜ Explicit dependency on target 'React-RCTFabric' in project 'Pods'
        ➜ Explicit dependency on target 'React-debug' in project 'Pods'
        ➜ Explicit dependency on target 'React-featureflags' in project 'Pods'
        ➜ Explicit dependency on target 'React-graphics' in project 'Pods'
        ➜ Explicit dependency on target 'React-jsi' in project 'Pods'
        ➜ Explicit dependency on target 'React-renderercss' in project 'Pods'
        ➜ Explicit dependency on target 'React-rendererdebug' in project 'Pods'
        ➜ Explicit dependency on target 'React-utils' in project 'Pods'
        ➜ Explicit dependency on target 'ReactAppDependencyProvider' in project 'Pods'
        ➜ Explicit dependency on target 'ReactCodegen' in project 'Pods'
        ➜ Explicit dependency on target 'ReactCommon' in project 'Pods'
        ➜ Explicit dependency on target 'ReactNativeDependencies' in project 'Pods'
        ➜ Explicit dependency on target 'Yoga' in project 'Pods'
        ➜ Explicit dependency on target 'hermes-engine' in project 'Pods'
    Target 'ReactAppDependencyProvider' in project 'Pods'
        ➜ Explicit dependency on target 'ReactCodegen' in project 'Pods'
    Target 'EXUpdatesInterface' in project 'Pods'
        ➜ Explicit dependency on target 'ExpoModulesCore' in project 'Pods'
    Target 'EXManifests' in project 'Pods'
        ➜ Explicit dependency on target 'ExpoModulesCore' in project 'Pods'
    Target 'EXJSONUtils' in project 'Pods' (no dependencies)
    Target 'EXConstants' in project 'Pods'
        ➜ Explicit dependency on target 'EXConstants-EXConstants' in project 'Pods'
        ➜ Explicit dependency on target 'EXConstants-ExpoConstants_privacy' in project 'Pods'
        ➜ Explicit dependency on target 'ExpoModulesCore' in project 'Pods'
    Target 'ExpoModulesCore' in project 'Pods'
        ➜ Explicit dependency on target 'RCTRequired' in project 'Pods'
        ➜ Explicit dependency on target 'RCTTypeSafety' in project 'Pods'
        ➜ Explicit dependency on target 'React-Core' in project 'Pods'
        ➜ Explicit dependency on target 'React-Core-prebuilt' in project 'Pods'
        ➜ Explicit dependency on target 'React-Fabric' in project 'Pods'
        ➜ Explicit dependency on target 'React-ImageManager' in project 'Pods'
        ➜ Explicit dependency on target 'React-NativeModulesApple' in project 'Pods'
        ➜ Explicit dependency on target 'React-RCTFabric' in project 'Pods'
        ➜ Explicit dependency on target 'React-debug' in project 'Pods'
        ➜ Explicit dependency on target 'React-featureflags' in project 'Pods'
        ➜ Explicit dependency on target 'React-graphics' in project 'Pods'
        ➜ Explicit dependency on target 'React-jsi' in project 'Pods'
        ➜ Explicit dependency on target 'React-jsinspector' in project 'Pods'
        ➜ Explicit dependency on target 'React-renderercss' in project 'Pods'
        ➜ Explicit dependency on target 'React-rendererdebug' in project 'Pods'
        ➜ Explicit dependency on target 'React-utils' in project 'Pods'
        ➜ Explicit dependency on target 'ReactCodegen' in project 'Pods'
        ➜ Explicit dependency on target 'ReactCommon' in project 'Pods'
        ➜ Explicit dependency on target 'ReactNativeDependencies' in project 'Pods'
        ➜ Explicit dependency on target 'Yoga' in project 'Pods'
        ➜ Explicit dependency on target 'hermes-engine' in project 'Pods'
    Target 'ReactCodegen' in project 'Pods'
        ➜ Explicit dependency on target 'RCTRequired' in project 'Pods'
        ➜ Explicit dependency on target 'RCTTypeSafety' in project 'Pods'
        ➜ Explicit dependency on target 'React-Core' in project 'Pods'
        ➜ Explicit dependency on target 'React-Core-prebuilt' in project 'Pods'
        ➜ Explicit dependency on target 'React-Fabric' in project 'Pods'
        ➜ Explicit dependency on target 'React-FabricImage' in project 'Pods'
        ➜ Explicit dependency on target 'React-NativeModulesApple' in project 'Pods'
        ➜ Explicit dependency on target 'React-RCTAppDelegate' in project 'Pods'
        ➜ Explicit dependency on target 'React-debug' in project 'Pods'
        ➜ Explicit dependency on target 'React-featureflags' in project 'Pods'
        ➜ Explicit dependency on target 'React-graphics' in project 'Pods'
        ➜ Explicit dependency on target 'React-jsi' in project 'Pods'
        ➜ Explicit dependency on target 'React-jsiexecutor' in project 'Pods'
        ➜ Explicit dependency on target 'React-rendererdebug' in project 'Pods'
        ➜ Explicit dependency on target 'React-utils' in project 'Pods'
        ➜ Explicit dependency on target 'ReactCommon' in project 'Pods'
        ➜ Explicit dependency on target 'ReactNativeDependencies' in project 'Pods'
        ➜ Explicit dependency on target 'hermes-engine' in project 'Pods'
    Target 'React-RCTAppDelegate' in project 'Pods'
        ➜ Explicit dependency on target 'hermes-engine' in project 'Pods'
        ➜ Explicit dependency on target 'RCTRequired' in project 'Pods'
        ➜ Explicit dependency on target 'RCTTypeSafety' in project 'Pods'
        ➜ Explicit dependency on target 'React-Core' in project 'Pods'
        ➜ Explicit dependency on target 'React-Core-prebuilt' in project 'Pods'
        ➜ Explicit dependency on target 'React-CoreModules' in project 'Pods'
        ➜ Explicit dependency on target 'React-debug' in project 'Pods'
        ➜ Explicit dependency on target 'React-defaultsnativemodule' in project 'Pods'
        ➜ Explicit dependency on target 'React-Fabric' in project 'Pods'
        ➜ Explicit dependency on target 'React-featureflags' in project 'Pods'
        ➜ Explicit dependency on target 'React-graphics' in project 'Pods'
        ➜ Explicit dependency on target 'React-hermes' in project 'Pods'
        ➜ Explicit dependency on target 'React-jsitooling' in project 'Pods'
        ➜ Explicit dependency on target 'React-NativeModulesApple' in project 'Pods'
        ➜ Explicit dependency on target 'React-RCTFabric' in project 'Pods'
        ➜ Explicit dependency on target 'React-RCTFBReactNativeSpec' in project 'Pods'
        ➜ Explicit dependency on target 'React-RCTImage' in project 'Pods'
        ➜ Explicit dependency on target 'React-RCTNetwork' in project 'Pods'
        ➜ Explicit dependency on target 'React-RCTRuntime' in project 'Pods'
        ➜ Explicit dependency on target 'React-rendererdebug' in project 'Pods'
        ➜ Explicit dependency on target 'React-RuntimeApple' in project 'Pods'
        ➜ Explicit dependency on target 'React-RuntimeCore' in project 'Pods'
        ➜ Explicit dependency on target 'React-runtimeexecutor' in project 'Pods'
        ➜ Explicit dependency on target 'React-runtimescheduler' in project 'Pods'
        ➜ Explicit dependency on target 'React-utils' in project 'Pods'
        ➜ Explicit dependency on target 'ReactCommon' in project 'Pods'
        ➜ Explicit dependency on target 'ReactNativeDependencies' in project 'Pods'
    Target 'React-RCTRuntime' in project 'Pods'
        ➜ Explicit dependency on target 'hermes-engine' in project 'Pods'
        ➜ Explicit dependency on target 'React-Core' in project 'Pods'
        ➜ Explicit dependency on target 'React-Core-prebuilt' in project 'Pods'
        ➜ Explicit dependency on target 'React-jsi' in project 'Pods'
        ➜ Explicit dependency on target 'React-jsinspector' in project 'Pods'
        ➜ Explicit dependency on target 'React-jsinspectorcdp' in project 'Pods'
        ➜ Explicit dependency on target 'React-jsinspectortracing' in project 'Pods'
        ➜ Explicit dependency on target 'React-jsitooling' in project 'Pods'
        ➜ Explicit dependency on target 'React-RuntimeApple' in project 'Pods'
        ➜ Explicit dependency on target 'React-RuntimeCore' in project 'Pods'
        ➜ Explicit dependency on target 'React-runtimeexecutor' in project 'Pods'
        ➜ Explicit dependency on target 'React-RuntimeHermes' in project 'Pods'
        ➜ Explicit dependency on target 'ReactNativeDependencies' in project 'Pods'
    Target 'React-RuntimeApple' in project 'Pods'
        ➜ Explicit dependency on target 'hermes-engine' in project 'Pods'
        ➜ Explicit dependency on target 'React-callinvoker' in project 'Pods'
        ➜ Explicit dependency on target 'React-Core' in project 'Pods'
        ➜ Explicit dependency on target 'React-Core-prebuilt' in project 'Pods'
        ➜ Explicit dependency on target 'React-CoreModules' in project 'Pods'
        ➜ Explicit dependency on target 'React-cxxreact' in project 'Pods'
        ➜ Explicit dependency on target 'React-featureflags' in project 'Pods'
        ➜ Explicit dependency on target 'React-jserrorhandler' in project 'Pods'
        ➜ Explicit dependency on target 'React-jsi' in project 'Pods'
        ➜ Explicit dependency on target 'React-jsiexecutor' in project 'Pods'
        ➜ Explicit dependency on target 'React-jsinspector' in project 'Pods'
        ➜ Explicit dependency on target 'React-jsitooling' in project 'Pods'
        ➜ Explicit dependency on target 'React-Mapbuffer' in project 'Pods'
        ➜ Explicit dependency on target 'React-NativeModulesApple' in project 'Pods'
        ➜ Explicit dependency on target 'React-RCTFabric' in project 'Pods'
        ➜ Explicit dependency on target 'React-RCTFBReactNativeSpec' in project 'Pods'
        ➜ Explicit dependency on target 'React-RuntimeCore' in project 'Pods'
        ➜ Explicit dependency on target 'React-runtimeexecutor' in project 'Pods'
        ➜ Explicit dependency on target 'React-RuntimeHermes' in project 'Pods'
        ➜ Explicit dependency on target 'React-runtimescheduler' in project 'Pods'
        ➜ Explicit dependency on target 'React-utils' in project 'Pods'
        ➜ Explicit dependency on target 'ReactNativeDependencies' in project 'Pods'
    Target 'React-RuntimeHermes' in project 'Pods'
        ➜ Explicit dependency on target 'hermes-engine' in project 'Pods'
        ➜ Explicit dependency on target 'React-Core-prebuilt' in project 'Pods'
        ➜ Explicit dependency on target 'React-featureflags' in project 'Pods'
        ➜ Explicit dependency on target 'React-hermes' in project 'Pods'
        ➜ Explicit dependency on target 'React-jsi' in project 'Pods'
        ➜ Explicit dependency on target 'React-jsinspector' in project 'Pods'
        ➜ Explicit dependency on target 'React-jsinspectorcdp' in project 'Pods'
        ➜ Explicit dependency on target 'React-jsinspectortracing' in project 'Pods'
        ➜ Explicit dependency on target 'React-jsitooling' in project 'Pods'
        ➜ Explicit dependency on target 'React-jsitracing' in project 'Pods'
        ➜ Explicit dependency on target 'React-RuntimeCore' in project 'Pods'
        ➜ Explicit dependency on target 'React-runtimeexecutor' in project 'Pods'
        ➜ Explicit dependency on target 'React-utils' in project 'Pods'
        ➜ Explicit dependency on target 'ReactNativeDependencies' in project 'Pods'
    Target 'React-jsitracing' in project 'Pods'
        ➜ Explicit dependency on target 'React-jsi' in project 'Pods'
    Target 'React-RuntimeCore' in project 'Pods'
        ➜ Explicit dependency on target 'hermes-engine' in project 'Pods'
        ➜ Explicit dependency on target 'React-Core-prebuilt' in project 'Pods'
        ➜ Explicit dependency on target 'React-cxxreact' in project 'Pods'
        ➜ Explicit dependency on target 'React-Fabric' in project 'Pods'
        ➜ Explicit dependency on target 'React-featureflags' in project 'Pods'
        ➜ Explicit dependency on target 'React-jserrorhandler' in project 'Pods'
        ➜ Explicit dependency on target 'React-jsi' in project 'Pods'
        ➜ Explicit dependency on target 'React-jsiexecutor' in project 'Pods'
        ➜ Explicit dependency on target 'React-jsinspector' in project 'Pods'
        ➜ Explicit dependency on target 'React-jsitooling' in project 'Pods'
        ➜ Explicit dependency on target 'React-performancetimeline' in project 'Pods'
        ➜ Explicit dependency on target 'React-runtimeexecutor' in project 'Pods'
        ➜ Explicit dependency on target 'React-runtimescheduler' in project 'Pods'
        ➜ Explicit dependency on target 'React-utils' in project 'Pods'
        ➜ Explicit dependency on target 'ReactNativeDependencies' in project 'Pods'
    Target 'React-Mapbuffer' in project 'Pods'
        ➜ Explicit dependency on target 'React-Core-prebuilt' in project 'Pods'
        ➜ Explicit dependency on target 'React-debug' in project 'Pods'
        ➜ Explicit dependency on target 'ReactNativeDependencies' in project 'Pods'
    Target 'React-jserrorhandler' in project 'Pods'
        ➜ Explicit dependency on target 'hermes-engine' in project 'Pods'
        ➜ Explicit dependency on target 'React-Core-prebuilt' in project 'Pods'
        ➜ Explicit dependency on target 'React-cxxreact' in project 'Pods'
        ➜ Explicit dependency on target 'React-debug' in project 'Pods'
        ➜ Explicit dependency on target 'React-featureflags' in project 'Pods'
        ➜ Explicit dependency on target 'React-jsi' in project 'Pods'
        ➜ Explicit dependency on target 'ReactCommon' in project 'Pods'
        ➜ Explicit dependency on target 'ReactNativeDependencies' in project 'Pods'
    Target 'React-defaultsnativemodule' in project 'Pods'
        ➜ Explicit dependency on target 'hermes-engine' in project 'Pods'
        ➜ Explicit dependency on target 'React-Core-prebuilt' in project 'Pods'
        ➜ Explicit dependency on target 'React-domnativemodule' in project 'Pods'
        ➜ Explicit dependency on target 'React-featureflagsnativemodule' in project 'Pods'
        ➜ Explicit dependency on target 'React-idlecallbacksnativemodule' in project 'Pods'
        ➜ Explicit dependency on target 'React-jsi' in project 'Pods'
        ➜ Explicit dependency on target 'React-jsiexecutor' in project 'Pods'
        ➜ Explicit dependency on target 'React-microtasksnativemodule' in project 'Pods'
        ➜ Explicit dependency on target 'React-RCTFBReactNativeSpec' in project 'Pods'
        ➜ Explicit dependency on target 'ReactNativeDependencies' in project 'Pods'
    Target 'React-microtasksnativemodule' in project 'Pods'
        ➜ Explicit dependency on target 'hermes-engine' in project 'Pods'
        ➜ Explicit dependency on target 'React-Core-prebuilt' in project 'Pods'
        ➜ Explicit dependency on target 'React-jsi' in project 'Pods'
        ➜ Explicit dependency on target 'React-jsiexecutor' in project 'Pods'
        ➜ Explicit dependency on target 'React-RCTFBReactNativeSpec' in project 'Pods'
        ➜ Explicit dependency on target 'ReactCommon' in project 'Pods'
        ➜ Explicit dependency on target 'ReactNativeDependencies' in project 'Pods'
    Target 'React-idlecallbacksnativemodule' in project 'Pods'
        ➜ Explicit dependency on target 'hermes-engine' in project 'Pods'
        ➜ Explicit dependency on target 'React-Core-prebuilt' in project 'Pods'
        ➜ Explicit dependency on target 'React-jsi' in project 'Pods'
        ➜ Explicit dependency on target 'React-jsiexecutor' in project 'Pods'
        ➜ Explicit dependency on target 'React-RCTFBReactNativeSpec' in project 'Pods'
        ➜ Explicit dependency on target 'React-runtimeexecutor' in project 'Pods'
        ➜ Explicit dependency on target 'React-runtimescheduler' in project 'Pods'
        ➜ Explicit dependency on target 'ReactCommon' in project 'Pods'
        ➜ Explicit dependency on target 'ReactNativeDependencies' in project 'Pods'
    Target 'React-featureflagsnativemodule' in project 'Pods'
        ➜ Explicit dependency on target 'hermes-engine' in project 'Pods'
        ➜ Explicit dependency on target 'React-Core-prebuilt' in project 'Pods'
        ➜ Explicit dependency on target 'React-featureflags' in project 'Pods'
        ➜ Explicit dependency on target 'React-jsi' in project 'Pods'
        ➜ Explicit dependency on target 'React-jsiexecutor' in project 'Pods'
        ➜ Explicit dependency on target 'React-RCTFBReactNativeSpec' in project 'Pods'
        ➜ Explicit dependency on target 'ReactCommon' in project 'Pods'
        ➜ Explicit dependency on target 'ReactNativeDependencies' in project 'Pods'
    Target 'React-domnativemodule' in project 'Pods'
        ➜ Explicit dependency on target 'hermes-engine' in project 'Pods'
        ➜ Explicit dependency on target 'React-Core-prebuilt' in project 'Pods'
        ➜ Explicit dependency on target 'React-Fabric' in project 'Pods'
        ➜ Explicit dependency on target 'React-FabricComponents' in project 'Pods'
        ➜ Explicit dependency on target 'React-graphics' in project 'Pods'
        ➜ Explicit dependency on target 'React-jsi' in project 'Pods'
        ➜ Explicit dependency on target 'React-jsiexecutor' in project 'Pods'
        ➜ Explicit dependency on target 'React-RCTFBReactNativeSpec' in project 'Pods'
        ➜ Explicit dependency on target 'React-runtimeexecutor' in project 'Pods'
        ➜ Explicit dependency on target 'ReactCommon' in project 'Pods'
        ➜ Explicit dependency on target 'ReactNativeDependencies' in project 'Pods'
        ➜ Explicit dependency on target 'Yoga' in project 'Pods'
    Target 'React-CoreModules' in project 'Pods'
        ➜ Explicit dependency on target 'RCTTypeSafety' in project 'Pods'
        ➜ Explicit dependency on target 'React-Core' in project 'Pods'
        ➜ Explicit dependency on target 'React-Core-prebuilt' in project 'Pods'
        ➜ Explicit dependency on target 'React-jsi' in project 'Pods'
        ➜ Explicit dependency on target 'React-jsinspector' in project 'Pods'
        ➜ Explicit dependency on target 'React-jsinspectorcdp' in project 'Pods'
        ➜ Explicit dependency on target 'React-jsinspectortracing' in project 'Pods'
        ➜ Explicit dependency on target 'React-NativeModulesApple' in project 'Pods'
        ➜ Explicit dependency on target 'React-RCTBlob' in project 'Pods'
        ➜ Explicit dependency on target 'React-RCTFBReactNativeSpec' in project 'Pods'
        ➜ Explicit dependency on target 'React-RCTImage' in project 'Pods'
        ➜ Explicit dependency on target 'React-runtimeexecutor' in project 'Pods'
        ➜ Explicit dependency on target 'ReactCommon' in project 'Pods'
        ➜ Explicit dependency on target 'ReactNativeDependencies' in project 'Pods'
    Target 'React-RCTBlob' in project 'Pods'
        ➜ Explicit dependency on target 'hermes-engine' in project 'Pods'
        ➜ Explicit dependency on target 'React-Core' in project 'Pods'
        ➜ Explicit dependency on target 'React-Core-prebuilt' in project 'Pods'
        ➜ Explicit dependency on target 'React-jsi' in project 'Pods'
        ➜ Explicit dependency on target 'React-jsinspector' in project 'Pods'
        ➜ Explicit dependency on target 'React-jsinspectorcdp' in project 'Pods'
        ➜ Explicit dependency on target 'React-NativeModulesApple' in project 'Pods'
        ➜ Explicit dependency on target 'React-RCTFBReactNativeSpec' in project 'Pods'
        ➜ Explicit dependency on target 'React-RCTNetwork' in project 'Pods'
        ➜ Explicit dependency on target 'ReactCommon' in project 'Pods'
        ➜ Explicit dependency on target 'ReactNativeDependencies' in project 'Pods'
    Target 'React-RCTFabric' in project 'Pods'
        ➜ Explicit dependency on target 'hermes-engine' in project 'Pods'
        ➜ Explicit dependency on target 'React-Core' in project 'Pods'
        ➜ Explicit dependency on target 'React-Core-prebuilt' in project 'Pods'
        ➜ Explicit dependency on target 'React-debug' in project 'Pods'
        ➜ Explicit dependency on target 'React-Fabric' in project 'Pods'
        ➜ Explicit dependency on target 'React-FabricComponents' in project 'Pods'
        ➜ Explicit dependency on target 'React-FabricImage' in project 'Pods'
        ➜ Explicit dependency on target 'React-featureflags' in project 'Pods'
        ➜ Explicit dependency on target 'React-graphics' in project 'Pods'
        ➜ Explicit dependency on target 'React-ImageManager' in project 'Pods'
        ➜ Explicit dependency on target 'React-jsi' in project 'Pods'
        ➜ Explicit dependency on target 'React-jsinspector' in project 'Pods'
        ➜ Explicit dependency on target 'React-jsinspectorcdp' in project 'Pods'
        ➜ Explicit dependency on target 'React-jsinspectornetwork' in project 'Pods'
        ➜ Explicit dependency on target 'React-jsinspectortracing' in project 'Pods'
        ➜ Explicit dependency on target 'React-performancetimeline' in project 'Pods'
        ➜ Explicit dependency on target 'React-RCTAnimation' in project 'Pods'
        ➜ Explicit dependency on target 'React-RCTFBReactNativeSpec' in project 'Pods'
        ➜ Explicit dependency on target 'React-RCTImage' in project 'Pods'
        ➜ Explicit dependency on target 'React-RCTText' in project 'Pods'
        ➜ Explicit dependency on target 'React-rendererconsistency' in project 'Pods'
        ➜ Explicit dependency on target 'React-renderercss' in project 'Pods'
        ➜ Explicit dependency on target 'React-rendererdebug' in project 'Pods'
        ➜ Explicit dependency on target 'React-runtimeexecutor' in project 'Pods'
        ➜ Explicit dependency on target 'React-runtimescheduler' in project 'Pods'
        ➜ Explicit dependency on target 'React-utils' in project 'Pods'
        ➜ Explicit dependency on target 'ReactNativeDependencies' in project 'Pods'
        ➜ Explicit dependency on target 'Yoga' in project 'Pods'
    Target 'React-RCTText' in project 'Pods'
        ➜ Explicit dependency on target 'React-Core' in project 'Pods'
        ➜ Explicit dependency on target 'Yoga' in project 'Pods'
    Target 'React-RCTImage' in project 'Pods'
        ➜ Explicit dependency on target 'RCTTypeSafety' in project 'Pods'
        ➜ Explicit dependency on target 'React-Core' in project 'Pods'
        ➜ Explicit dependency on target 'React-Core-prebuilt' in project 'Pods'
        ➜ Explicit dependency on target 'React-jsi' in project 'Pods'
        ➜ Explicit dependency on target 'React-NativeModulesApple' in project 'Pods'
        ➜ Explicit dependency on target 'React-RCTFBReactNativeSpec' in project 'Pods'
        ➜ Explicit dependency on target 'React-RCTNetwork' in project 'Pods'
        ➜ Explicit dependency on target 'ReactCommon' in project 'Pods'
        ➜ Explicit dependency on target 'ReactNativeDependencies' in project 'Pods'
    Target 'React-RCTNetwork' in project 'Pods'
        ➜ Explicit dependency on target 'RCTTypeSafety' in project 'Pods'
        ➜ Explicit dependency on target 'React-Core' in project 'Pods'
        ➜ Explicit dependency on target 'React-Core-prebuilt' in project 'Pods'
        ➜ Explicit dependency on target 'React-featureflags' in project 'Pods'
        ➜ Explicit dependency on target 'React-jsi' in project 'Pods'
        ➜ Explicit dependency on target 'React-jsinspectorcdp' in project 'Pods'
        ➜ Explicit dependency on target 'React-jsinspectornetwork' in project 'Pods'
        ➜ Explicit dependency on target 'React-NativeModulesApple' in project 'Pods'
        ➜ Explicit dependency on target 'React-RCTFBReactNativeSpec' in project 'Pods'
        ➜ Explicit dependency on target 'ReactCommon' in project 'Pods'
        ➜ Explicit dependency on target 'ReactNativeDependencies' in project 'Pods'
    Target 'React-RCTAnimation' in project 'Pods'
        ➜ Explicit dependency on target 'RCTTypeSafety' in project 'Pods'
        ➜ Explicit dependency on target 'React-Core' in project 'Pods'
        ➜ Explicit dependency on target 'React-Core-prebuilt' in project 'Pods'
        ➜ Explicit dependency on target 'React-featureflags' in project 'Pods'
        ➜ Explicit dependency on target 'React-jsi' in project 'Pods'
        ➜ Explicit dependency on target 'React-NativeModulesApple' in project 'Pods'
        ➜ Explicit dependency on target 'React-RCTFBReactNativeSpec' in project 'Pods'
        ➜ Explicit dependency on target 'ReactCommon' in project 'Pods'
        ➜ Explicit dependency on target 'ReactNativeDependencies' in project 'Pods'
    Target 'React-FabricImage' in project 'Pods'
        ➜ Explicit dependency on target 'hermes-engine' in project 'Pods'
        ➜ Explicit dependency on target 'RCTRequired' in project 'Pods'
        ➜ Explicit dependency on target 'RCTTypeSafety' in project 'Pods'
        ➜ Explicit dependency on target 'React-Core-prebuilt' in project 'Pods'
        ➜ Explicit dependency on target 'React-Fabric' in project 'Pods'
        ➜ Explicit dependency on target 'React-featureflags' in project 'Pods'
        ➜ Explicit dependency on target 'React-graphics' in project 'Pods'
        ➜ Explicit dependency on target 'React-ImageManager' in project 'Pods'
        ➜ Explicit dependency on target 'React-jsi' in project 'Pods'
        ➜ Explicit dependency on target 'React-jsiexecutor' in project 'Pods'
        ➜ Explicit dependency on target 'React-logger' in project 'Pods'
        ➜ Explicit dependency on target 'React-rendererdebug' in project 'Pods'
        ➜ Explicit dependency on target 'React-utils' in project 'Pods'
        ➜ Explicit dependency on target 'ReactCommon' in project 'Pods'
        ➜ Explicit dependency on target 'ReactNativeDependencies' in project 'Pods'
        ➜ Explicit dependency on target 'Yoga' in project 'Pods'
    Target 'React-FabricComponents' in project 'Pods'
        ➜ Explicit dependency on target 'hermes-engine' in project 'Pods'
        ➜ Explicit dependency on target 'RCTRequired' in project 'Pods'
        ➜ Explicit dependency on target 'RCTTypeSafety' in project 'Pods'
        ➜ Explicit dependency on target 'React-Core' in project 'Pods'
        ➜ Explicit dependency on target 'React-Core-prebuilt' in project 'Pods'
        ➜ Explicit dependency on target 'React-cxxreact' in project 'Pods'
        ➜ Explicit dependency on target 'React-debug' in project 'Pods'
        ➜ Explicit dependency on target 'React-Fabric' in project 'Pods'
        ➜ Explicit dependency on target 'React-featureflags' in project 'Pods'
        ➜ Explicit dependency on target 'React-graphics' in project 'Pods'
        ➜ Explicit dependency on target 'React-jsi' in project 'Pods'
        ➜ Explicit dependency on target 'React-jsiexecutor' in project 'Pods'
        ➜ Explicit dependency on target 'React-logger' in project 'Pods'
        ➜ Explicit dependency on target 'React-RCTFBReactNativeSpec' in project 'Pods'
        ➜ Explicit dependency on target 'React-rendererdebug' in project 'Pods'
        ➜ Explicit dependency on target 'React-runtimescheduler' in project 'Pods'
        ➜ Explicit dependency on target 'React-utils' in project 'Pods'
        ➜ Explicit dependency on target 'ReactCommon' in project 'Pods'
        ➜ Explicit dependency on target 'ReactNativeDependencies' in project 'Pods'
        ➜ Explicit dependency on target 'Yoga' in project 'Pods'
    Target 'React-RCTFBReactNativeSpec' in project 'Pods'
        ➜ Explicit dependency on target 'hermes-engine' in project 'Pods'
        ➜ Explicit dependency on target 'RCTRequired' in project 'Pods'
        ➜ Explicit dependency on target 'RCTTypeSafety' in project 'Pods'
        ➜ Explicit dependency on target 'React-Core' in project 'Pods'
        ➜ Explicit dependency on target 'React-Core-prebuilt' in project 'Pods'
        ➜ Explicit dependency on target 'React-debug' in project 'Pods'
        ➜ Explicit dependency on target 'React-Fabric' in project 'Pods'
        ➜ Explicit dependency on target 'React-featureflags' in project 'Pods'
        ➜ Explicit dependency on target 'React-graphics' in project 'Pods'
        ➜ Explicit dependency on target 'React-jsi' in project 'Pods'
        ➜ Explicit dependency on target 'React-NativeModulesApple' in project 'Pods'
        ➜ Explicit dependency on target 'React-rendererdebug' in project 'Pods'
        ➜ Explicit dependency on target 'React-utils' in project 'Pods'
        ➜ Explicit dependency on target 'ReactCommon' in project 'Pods'
        ➜ Explicit dependency on target 'ReactNativeDependencies' in project 'Pods'
        ➜ Explicit dependency on target 'Yoga' in project 'Pods'
    Target 'React-NativeModulesApple' in project 'Pods'
        ➜ Explicit dependency on target 'hermes-engine' in project 'Pods'
        ➜ Explicit dependency on target 'React-callinvoker' in project 'Pods'
        ➜ Explicit dependency on target 'React-Core' in project 'Pods'
        ➜ Explicit dependency on target 'React-Core-prebuilt' in project 'Pods'
        ➜ Explicit dependency on target 'React-cxxreact' in project 'Pods'
        ➜ Explicit dependency on target 'React-featureflags' in project 'Pods'
        ➜ Explicit dependency on target 'React-jsi' in project 'Pods'
        ➜ Explicit dependency on target 'React-jsinspector' in project 'Pods'
        ➜ Explicit dependency on target 'React-jsinspectorcdp' in project 'Pods'
        ➜ Explicit dependency on target 'React-runtimeexecutor' in project 'Pods'
        ➜ Explicit dependency on target 'ReactCommon' in project 'Pods'
        ➜ Explicit dependency on target 'ReactNativeDependencies' in project 'Pods'
    Target 'React-ImageManager' in project 'Pods'
        ➜ Explicit dependency on target 'React-Core' in project 'Pods'
        ➜ Explicit dependency on target 'React-Core-prebuilt' in project 'Pods'
        ➜ Explicit dependency on target 'React-debug' in project 'Pods'
        ➜ Explicit dependency on target 'React-Fabric' in project 'Pods'
        ➜ Explicit dependency on target 'React-graphics' in project 'Pods'
        ➜ Explicit dependency on target 'React-rendererdebug' in project 'Pods'
        ➜ Explicit dependency on target 'React-utils' in project 'Pods'
        ➜ Explicit dependency on target 'ReactNativeDependencies' in project 'Pods'
    Target 'React-Fabric' in project 'Pods'
        ➜ Explicit dependency on target 'hermes-engine' in project 'Pods'
        ➜ Explicit dependency on target 'RCTRequired' in project 'Pods'
        ➜ Explicit dependency on target 'RCTTypeSafety' in project 'Pods'
        ➜ Explicit dependency on target 'React-Core' in project 'Pods'
        ➜ Explicit dependency on target 'React-Core-prebuilt' in project 'Pods'
        ➜ Explicit dependency on target 'React-cxxreact' in project 'Pods'
        ➜ Explicit dependency on target 'React-debug' in project 'Pods'
        ➜ Explicit dependency on target 'React-featureflags' in project 'Pods'
        ➜ Explicit dependency on target 'React-graphics' in project 'Pods'
        ➜ Explicit dependency on target 'React-jsi' in project 'Pods'
        ➜ Explicit dependency on target 'React-jsiexecutor' in project 'Pods'
        ➜ Explicit dependency on target 'React-logger' in project 'Pods'
        ➜ Explicit dependency on target 'React-performancetimeline' in project 'Pods'
        ➜ Explicit dependency on target 'React-rendererconsistency' in project 'Pods'
        ➜ Explicit dependency on target 'React-renderercss' in project 'Pods'
        ➜ Explicit dependency on target 'React-rendererdebug' in project 'Pods'
        ➜ Explicit dependency on target 'React-runtimeexecutor' in project 'Pods'
        ➜ Explicit dependency on target 'React-runtimescheduler' in project 'Pods'
        ➜ Explicit dependency on target 'React-utils' in project 'Pods'
        ➜ Explicit dependency on target 'ReactCommon' in project 'Pods'
        ➜ Explicit dependency on target 'ReactNativeDependencies' in project 'Pods'
        ➜ Explicit dependency on target 'Yoga' in project 'Pods'
    Target 'ReactCommon' in project 'Pods'
        ➜ Explicit dependency on target 'hermes-engine' in project 'Pods'
        ➜ Explicit dependency on target 'React-callinvoker' in project 'Pods'
        ➜ Explicit dependency on target 'React-Core-prebuilt' in project 'Pods'
        ➜ Explicit dependency on target 'React-cxxreact' in project 'Pods'
        ➜ Explicit dependency on target 'React-debug' in project 'Pods'
        ➜ Explicit dependency on target 'React-featureflags' in project 'Pods'
        ➜ Explicit dependency on target 'React-jsi' in project 'Pods'
        ➜ Explicit dependency on target 'React-logger' in project 'Pods'
        ➜ Explicit dependency on target 'React-perflogger' in project 'Pods'
        ➜ Explicit dependency on target 'React-utils' in project 'Pods'
        ➜ Explicit dependency on target 'ReactNativeDependencies' in project 'Pods'
    Target 'React-renderercss' in project 'Pods'
        ➜ Explicit dependency on target 'React-debug' in project 'Pods'
        ➜ Explicit dependency on target 'React-utils' in project 'Pods'
    Target 'React-graphics' in project 'Pods'
        ➜ Explicit dependency on target 'hermes-engine' in project 'Pods'
        ➜ Explicit dependency on target 'React-Core-prebuilt' in project 'Pods'
        ➜ Explicit dependency on target 'React-jsi' in project 'Pods'
        ➜ Explicit dependency on target 'React-jsiexecutor' in project 'Pods'
        ➜ Explicit dependency on target 'React-utils' in project 'Pods'
        ➜ Explicit dependency on target 'ReactNativeDependencies' in project 'Pods'
    Target 'RCTTypeSafety' in project 'Pods'
        ➜ Explicit dependency on target 'FBLazyVector' in project 'Pods'
        ➜ Explicit dependency on target 'RCTRequired' in project 'Pods'
        ➜ Explicit dependency on target 'React-Core' in project 'Pods'
    Target 'React-Core' in project 'Pods'
        ➜ Explicit dependency on target 'hermes-engine' in project 'Pods'
        ➜ Explicit dependency on target 'RCTDeprecation' in project 'Pods'
        ➜ Explicit dependency on target 'React-Core-prebuilt' in project 'Pods'
        ➜ Explicit dependency on target 'React-Core-React-Core_privacy' in project 'Pods'
        ➜ Explicit dependency on target 'React-cxxreact' in project 'Pods'
        ➜ Explicit dependency on target 'React-featureflags' in project 'Pods'
        ➜ Explicit dependency on target 'React-hermes' in project 'Pods'
        ➜ Explicit dependency on target 'React-jsi' in project 'Pods'
        ➜ Explicit dependency on target 'React-jsiexecutor' in project 'Pods'
        ➜ Explicit dependency on target 'React-jsinspector' in project 'Pods'
        ➜ Explicit dependency on target 'React-jsinspectorcdp' in project 'Pods'
        ➜ Explicit dependency on target 'React-jsitooling' in project 'Pods'
        ➜ Explicit dependency on target 'React-perflogger' in project 'Pods'
        ➜ Explicit dependency on target 'React-runtimeexecutor' in project 'Pods'
        ➜ Explicit dependency on target 'React-runtimescheduler' in project 'Pods'
        ➜ Explicit dependency on target 'React-utils' in project 'Pods'
        ➜ Explicit dependency on target 'ReactNativeDependencies' in project 'Pods'
        ➜ Explicit dependency on target 'Yoga' in project 'Pods'
    Target 'Yoga' in project 'Pods' (no dependencies)
    Target 'React-runtimescheduler' in project 'Pods'
        ➜ Explicit dependency on target 'hermes-engine' in project 'Pods'
        ➜ Explicit dependency on target 'React-callinvoker' in project 'Pods'
        ➜ Explicit dependency on target 'React-Core-prebuilt' in project 'Pods'
        ➜ Explicit dependency on target 'React-cxxreact' in project 'Pods'
        ➜ Explicit dependency on target 'React-debug' in project 'Pods'
        ➜ Explicit dependency on target 'React-featureflags' in project 'Pods'
        ➜ Explicit dependency on target 'React-jsi' in project 'Pods'
        ➜ Explicit dependency on target 'React-jsinspectortracing' in project 'Pods'
        ➜ Explicit dependency on target 'React-performancetimeline' in project 'Pods'
        ➜ Explicit dependency on target 'React-rendererconsistency' in project 'Pods'
        ➜ Explicit dependency on target 'React-rendererdebug' in project 'Pods'
        ➜ Explicit dependency on target 'React-runtimeexecutor' in project 'Pods'
        ➜ Explicit dependency on target 'React-timing' in project 'Pods'
        ➜ Explicit dependency on target 'React-utils' in project 'Pods'
        ➜ Explicit dependency on target 'ReactNativeDependencies' in project 'Pods'
    Target 'React-rendererdebug' in project 'Pods'
        ➜ Explicit dependency on target 'React-Core-prebuilt' in project 'Pods'
        ➜ Explicit dependency on target 'React-debug' in project 'Pods'
        ➜ Explicit dependency on target 'ReactNativeDependencies' in project 'Pods'
    Target 'React-rendererconsistency' in project 'Pods' (no dependencies)
    Target 'React-jsitooling' in project 'Pods'
        ➜ Explicit dependency on target 'React-Core-prebuilt' in project 'Pods'
        ➜ Explicit dependency on target 'React-cxxreact' in project 'Pods'
        ➜ Explicit dependency on target 'React-jsi' in project 'Pods'
        ➜ Explicit dependency on target 'React-jsinspector' in project 'Pods'
        ➜ Explicit dependency on target 'React-jsinspectorcdp' in project 'Pods'
        ➜ Explicit dependency on target 'React-jsinspectortracing' in project 'Pods'
        ➜ Explicit dependency on target 'React-runtimeexecutor' in project 'Pods'
        ➜ Explicit dependency on target 'ReactNativeDependencies' in project 'Pods'
    Target 'React-hermes' in project 'Pods'
        ➜ Explicit dependency on target 'hermes-engine' in project 'Pods'
        ➜ Explicit dependency on target 'React-Core-prebuilt' in project 'Pods'
        ➜ Explicit dependency on target 'React-cxxreact' in project 'Pods'
        ➜ Explicit dependency on target 'React-jsi' in project 'Pods'
        ➜ Explicit dependency on target 'React-jsiexecutor' in project 'Pods'
        ➜ Explicit dependency on target 'React-jsinspector' in project 'Pods'
        ➜ Explicit dependency on target 'React-jsinspectorcdp' in project 'Pods'
        ➜ Explicit dependency on target 'React-jsinspectortracing' in project 'Pods'
        ➜ Explicit dependency on target 'React-perflogger' in project 'Pods'
        ➜ Explicit dependency on target 'React-runtimeexecutor' in project 'Pods'
        ➜ Explicit dependency on target 'ReactNativeDependencies' in project 'Pods'
    Target 'React-jsiexecutor' in project 'Pods'
        ➜ Explicit dependency on target 'hermes-engine' in project 'Pods'
        ➜ Explicit dependency on target 'React-Core-prebuilt' in project 'Pods'
        ➜ Explicit dependency on target 'React-cxxreact' in project 'Pods'
        ➜ Explicit dependency on target 'React-jsi' in project 'Pods'
        ➜ Explicit dependency on target 'React-jsinspector' in project 'Pods'
        ➜ Explicit dependency on target 'React-jsinspectorcdp' in project 'Pods'
        ➜ Explicit dependency on target 'React-jsinspectortracing' in project 'Pods'
        ➜ Explicit dependency on target 'React-perflogger' in project 'Pods'
        ➜ Explicit dependency on target 'React-runtimeexecutor' in project 'Pods'
        ➜ Explicit dependency on target 'ReactNativeDependencies' in project 'Pods'
    Target 'React-cxxreact' in project 'Pods'
        ➜ Explicit dependency on target 'hermes-engine' in project 'Pods'
        ➜ Explicit dependency on target 'React-callinvoker' in project 'Pods'
        ➜ Explicit dependency on target 'React-Core-prebuilt' in project 'Pods'
        ➜ Explicit dependency on target 'React-cxxreact-React-cxxreact_privacy' in project 'Pods'
        ➜ Explicit dependency on target 'React-debug' in project 'Pods'
        ➜ Explicit dependency on target 'React-jsi' in project 'Pods'
        ➜ Explicit dependency on target 'React-jsinspector' in project 'Pods'
        ➜ Explicit dependency on target 'React-jsinspectorcdp' in project 'Pods'
        ➜ Explicit dependency on target 'React-jsinspectortracing' in project 'Pods'
        ➜ Explicit dependency on target 'React-logger' in project 'Pods'
        ➜ Explicit dependency on target 'React-perflogger' in project 'Pods'
        ➜ Explicit dependency on target 'React-runtimeexecutor' in project 'Pods'
        ➜ Explicit dependency on target 'React-timing' in project 'Pods'
        ➜ Explicit dependency on target 'ReactNativeDependencies' in project 'Pods'
    Target 'React-logger' in project 'Pods'
        ➜ Explicit dependency on target 'React-Core-prebuilt' in project 'Pods'
        ➜ Explicit dependency on target 'ReactNativeDependencies' in project 'Pods'
    Target 'React-jsinspector' in project 'Pods'
        ➜ Explicit dependency on target 'hermes-engine' in project 'Pods'
        ➜ Explicit dependency on target 'React-Core-prebuilt' in project 'Pods'
        ➜ Explicit dependency on target 'React-featureflags' in project 'Pods'
        ➜ Explicit dependency on target 'React-jsi' in project 'Pods'
        ➜ Explicit dependency on target 'React-jsinspectorcdp' in project 'Pods'
        ➜ Explicit dependency on target 'React-jsinspectornetwork' in project 'Pods'
        ➜ Explicit dependency on target 'React-jsinspectortracing' in project 'Pods'
        ➜ Explicit dependency on target 'React-oscompat' in project 'Pods'
        ➜ Explicit dependency on target 'React-perflogger' in project 'Pods'
        ➜ Explicit dependency on target 'React-runtimeexecutor' in project 'Pods'
        ➜ Explicit dependency on target 'ReactNativeDependencies' in project 'Pods'
    Target 'React-runtimeexecutor' in project 'Pods'
        ➜ Explicit dependency on target 'React-Core-prebuilt' in project 'Pods'
        ➜ Explicit dependency on target 'React-debug' in project 'Pods'
        ➜ Explicit dependency on target 'React-featureflags' in project 'Pods'
        ➜ Explicit dependency on target 'React-jsi' in project 'Pods'
        ➜ Explicit dependency on target 'React-utils' in project 'Pods'
        ➜ Explicit dependency on target 'ReactNativeDependencies' in project 'Pods'
    Target 'React-utils' in project 'Pods'
        ➜ Explicit dependency on target 'hermes-engine' in project 'Pods'
        ➜ Explicit dependency on target 'React-Core-prebuilt' in project 'Pods'
        ➜ Explicit dependency on target 'React-debug' in project 'Pods'
        ➜ Explicit dependency on target 'React-jsi' in project 'Pods'
        ➜ Explicit dependency on target 'ReactNativeDependencies' in project 'Pods'
    Target 'React-jsinspectornetwork' in project 'Pods'
        ➜ Explicit dependency on target 'React-Core-prebuilt' in project 'Pods'
        ➜ Explicit dependency on target 'React-featureflags' in project 'Pods'
        ➜ Explicit dependency on target 'React-jsinspectorcdp' in project 'Pods'
        ➜ Explicit dependency on target 'React-performancetimeline' in project 'Pods'
        ➜ Explicit dependency on target 'React-timing' in project 'Pods'
        ➜ Explicit dependency on target 'ReactNativeDependencies' in project 'Pods'
    Target 'React-performancetimeline' in project 'Pods'
        ➜ Explicit dependency on target 'React-Core-prebuilt' in project 'Pods'
        ➜ Explicit dependency on target 'React-featureflags' in project 'Pods'
        ➜ Explicit dependency on target 'React-jsinspectortracing' in project 'Pods'
        ➜ Explicit dependency on target 'React-perflogger' in project 'Pods'
        ➜ Explicit dependency on target 'React-timing' in project 'Pods'
        ➜ Explicit dependency on target 'ReactNativeDependencies' in project 'Pods'
    Target 'React-perflogger' in project 'Pods'
        ➜ Explicit dependency on target 'React-Core-prebuilt' in project 'Pods'
        ➜ Explicit dependency on target 'ReactNativeDependencies' in project 'Pods'
    Target 'React-jsinspectortracing' in project 'Pods'
        ➜ Explicit dependency on target 'React-Core-prebuilt' in project 'Pods'
        ➜ Explicit dependency on target 'React-oscompat' in project 'Pods'
        ➜ Explicit dependency on target 'React-timing' in project 'Pods'
        ➜ Explicit dependency on target 'ReactNativeDependencies' in project 'Pods'
    Target 'React-timing' in project 'Pods'
        ➜ Explicit dependency on target 'React-debug' in project 'Pods'
    Target 'React-oscompat' in project 'Pods' (no dependencies)
    Target 'React-jsinspectorcdp' in project 'Pods'
        ➜ Explicit dependency on target 'React-Core-prebuilt' in project 'Pods'
        ➜ Explicit dependency on target 'ReactNativeDependencies' in project 'Pods'
    Target 'React-featureflags' in project 'Pods'
        ➜ Explicit dependency on target 'React-Core-prebuilt' in project 'Pods'
        ➜ Explicit dependency on target 'ReactNativeDependencies' in project 'Pods'
    Target 'React-jsi' in project 'Pods'
        ➜ Explicit dependency on target 'hermes-engine' in project 'Pods'
        ➜ Explicit dependency on target 'React-Core-prebuilt' in project 'Pods'
        ➜ Explicit dependency on target 'ReactNativeDependencies' in project 'Pods'
    Target 'React-debug' in project 'Pods' (no dependencies)
    Target 'React-cxxreact-React-cxxreact_privacy' in project 'Pods' (no dependencies)
    Target 'React-callinvoker' in project 'Pods' (no dependencies)
    Target 'React-Core-React-Core_privacy' in project 'Pods' (no dependencies)
    Target 'React-Core-prebuilt' in project 'Pods'
        ➜ Explicit dependency on target 'ReactNativeDependencies' in project 'Pods'
    Target 'ReactNativeDependencies' in project 'Pods' (no dependencies)
    Target 'RCTDeprecation' in project 'Pods' (no dependencies)
    Target 'hermes-engine' in project 'Pods' (no dependencies)
    Target 'FBLazyVector' in project 'Pods' (no dependencies)
    Target 'RCTRequired' in project 'Pods' (no dependencies)
    Target 'EXConstants-ExpoConstants_privacy' in project 'Pods' (no dependencies)
    Target 'EXConstants-EXConstants' in project 'Pods' (no dependencies)

GatherProvisioningInputs

CreateBuildDescription

ExecuteExternalTool /Applications/Xcode.app/Contents/Developer/Toolchains/XcodeDefault.xctoolchain/usr/bin/clang -v -E -dM -arch arm64 -isysroot /Applications/Xcode.app/Contents/Developer/Platforms/iPhoneSimulator.platform/Developer/SDKs/iPhoneSimulator18.2.sdk -x c++ -c /dev/null

ExecuteExternalTool /Applications/Xcode.app/Contents/Developer/Toolchains/XcodeDefault.xctoolchain/usr/bin/clang -v -E -dM -arch arm64 -isysroot /Applications/Xcode.app/Contents/Developer/Platforms/iPhoneSimulator.platform/Developer/SDKs/iPhoneSimulator18.2.sdk -x objective-c -c /dev/null

ExecuteExternalTool /Applications/Xcode.app/Contents/Developer/Toolchains/XcodeDefault.xctoolchain/usr/bin/clang -v -E -dM -isysroot /Applications/Xcode.app/Contents/Developer/Platforms/iPhoneSimulator.platform/Developer/SDKs/iPhoneSimulator18.2.sdk -x c -c /dev/null

ExecuteExternalTool /Applications/Xcode.app/Contents/Developer/Toolchains/XcodeDefault.xctoolchain/usr/bin/clang -v -E -dM -arch arm64 -isysroot /Applications/Xcode.app/Contents/Developer/Platforms/iPhoneSimulator.platform/Developer/SDKs/iPhoneSimulator18.2.sdk -x objective-c++ -c /dev/null

ExecuteExternalTool /Applications/Xcode.app/Contents/Developer/Toolchains/XcodeDefault.xctoolchain/usr/bin/swiftc --version

ExecuteExternalTool /Applications/Xcode.app/Contents/Developer/usr/bin/ibtool --version --output-format xml1

ExecuteExternalTool /Applications/Xcode.app/Contents/Developer/Toolchains/XcodeDefault.xctoolchain/usr/bin/libtool -V

ExecuteExternalTool /Applications/Xcode.app/Contents/Developer/usr/bin/actool --version --output-format xml1

ExecuteExternalTool /Applications/Xcode.app/Contents/Developer/Toolchains/XcodeDefault.xctoolchain/usr/bin/clang -v -E -dM -arch arm64 -isysroot /Applications/Xcode.app/Contents/Developer/Platforms/iPhoneSimulator.platform/Developer/SDKs/iPhoneSimulator18.2.sdk -x c -c /dev/null

ExecuteExternalTool /Applications/Xcode.app/Contents/Developer/usr/bin/actool --print-asset-tag-combinations --output-format xml1 /Users/vivek/Documents/vide coding/antigravity/dutch vocab builder/dutch-vocab-builder/ios/dutchvocabbuilder/Images.xcassets

ExecuteExternalTool /Applications/Xcode.app/Contents/Developer/Toolchains/XcodeDefault.xctoolchain/usr/bin/ld -version_details

Build description signature: b46e79b443593feb1997aab49d9f20c4
Build description path: /Users/vivek/Library/Developer/Xcode/DerivedData/dutchvocabbuilder-ekvgrffdbexgzcfvrslzlsvtuhiq/Build/Intermediates.noindex/XCBuildData/b46e79b443593feb1997aab49d9f20c4.xcbuilddata
ClangStatCache /Applications/Xcode.app/Contents/Developer/Toolchains/XcodeDefault.xctoolchain/usr/bin/clang-stat-cache /Applications/Xcode.app/Contents/Developer/Platforms/iPhoneSimulator.platform/Developer/SDKs/iPhoneSimulator18.2.sdk /Users/vivek/Library/Developer/Xcode/DerivedData/SDKStatCaches.noindex/iphonesimulator18.2-22C146-07b28473f605e47e75261259d3ef3b5a.sdkstatcache
    cd /Users/vivek/Documents/vide\ coding/antigravity/dutch\ vocab\ builder/dutch-vocab-builder/ios
    /Applications/Xcode.app/Contents/Developer/Toolchains/XcodeDefault.xctoolchain/usr/bin/clang-stat-cache /Applications/Xcode.app/Contents/Developer/Platforms/iPhoneSimulator.platform/Developer/SDKs/iPhoneSimulator18.2.sdk -o /Users/vivek/Library/Developer/Xcode/DerivedData/SDKStatCaches.noindex/iphonesimulator18.2-22C146-07b28473f605e47e75261259d3ef3b5a.sdkstatcache

ProcessInfoPlistFile /Users/vivek/Library/Developer/Xcode/DerivedData/dutchvocabbuilder-ekvgrffdbexgzcfvrslzlsvtuhiq/Build/Products/Debug-iphonesimulator/RNSVG/RNSVGFilters.bundle/Info.plist /Users/vivek/Documents/vide\ coding/antigravity/dutch\ vocab\ builder/dutch-vocab-builder/ios/Pods/Target\ Support\ Files/RNSVG/ResourceBundle-RNSVGFilters-RNSVG-Info.plist (in target 'RNSVG-RNSVGFilters' from project 'Pods')
    cd /Users/vivek/Documents/vide\ coding/antigravity/dutch\ vocab\ builder/dutch-vocab-builder/ios/Pods
    builtin-infoPlistUtility /Users/vivek/Documents/vide\ coding/antigravity/dutch\ vocab\ builder/dutch-vocab-builder/ios/Pods/Target\ Support\ Files/RNSVG/ResourceBundle-RNSVGFilters-RNSVG-Info.plist -producttype com.apple.product-type.bundle -expandbuildsettings -format binary -platform iphonesimulator -o /Users/vivek/Library/Developer/Xcode/DerivedData/dutchvocabbuilder-ekvgrffdbexgzcfvrslzlsvtuhiq/Build/Products/Debug-iphonesimulator/RNSVG/RNSVGFilters.bundle/Info.plist

ProcessInfoPlistFile /Users/vivek/Library/Developer/Xcode/DerivedData/dutchvocabbuilder-ekvgrffdbexgzcfvrslzlsvtuhiq/Build/Products/Debug-iphonesimulator/expo-dev-menu/EXDevMenu.bundle/Info.plist /Users/vivek/Documents/vide\ coding/antigravity/dutch\ vocab\ builder/dutch-vocab-builder/ios/Pods/Target\ Support\ Files/expo-dev-menu/ResourceBundle-EXDevMenu-expo-dev-menu-Info.plist (in target 'expo-dev-menu-EXDevMenu' from project 'Pods')
    cd /Users/vivek/Documents/vide\ coding/antigravity/dutch\ vocab\ builder/dutch-vocab-builder/ios/Pods
    builtin-infoPlistUtility /Users/vivek/Documents/vide\ coding/antigravity/dutch\ vocab\ builder/dutch-vocab-builder/ios/Pods/Target\ Support\ Files/expo-dev-menu/ResourceBundle-EXDevMenu-expo-dev-menu-Info.plist -producttype com.apple.product-type.bundle -expandbuildsettings -format binary -platform iphonesimulator -o /Users/vivek/Library/Developer/Xcode/DerivedData/dutchvocabbuilder-ekvgrffdbexgzcfvrslzlsvtuhiq/Build/Products/Debug-iphonesimulator/expo-dev-menu/EXDevMenu.bundle/Info.plist

ProcessInfoPlistFile /Users/vivek/Library/Developer/Xcode/DerivedData/dutchvocabbuilder-ekvgrffdbexgzcfvrslzlsvtuhiq/Build/Products/Debug-iphonesimulator/ExpoFileSystem/ExpoFileSystem_privacy.bundle/Info.plist /Users/vivek/Documents/vide\ coding/antigravity/dutch\ vocab\ builder/dutch-vocab-builder/ios/Pods/Target\ Support\ Files/ExpoFileSystem/ResourceBundle-ExpoFileSystem_privacy-ExpoFileSystem-Info.plist (in target 'ExpoFileSystem-ExpoFileSystem_privacy' from project 'Pods')
    cd /Users/vivek/Documents/vide\ coding/antigravity/dutch\ vocab\ builder/dutch-vocab-builder/ios/Pods
    builtin-infoPlistUtility /Users/vivek/Documents/vide\ coding/antigravity/dutch\ vocab\ builder/dutch-vocab-builder/ios/Pods/Target\ Support\ Files/ExpoFileSystem/ResourceBundle-ExpoFileSystem_privacy-ExpoFileSystem-Info.plist -producttype com.apple.product-type.bundle -expandbuildsettings -format binary -platform iphonesimulator -o /Users/vivek/Library/Developer/Xcode/DerivedData/dutchvocabbuilder-ekvgrffdbexgzcfvrslzlsvtuhiq/Build/Products/Debug-iphonesimulator/ExpoFileSystem/ExpoFileSystem_privacy.bundle/Info.plist

ProcessInfoPlistFile /Users/vivek/Library/Developer/Xcode/DerivedData/dutchvocabbuilder-ekvgrffdbexgzcfvrslzlsvtuhiq/Build/Products/Debug-iphonesimulator/React-Core/React-Core_privacy.bundle/Info.plist /Users/vivek/Documents/vide\ coding/antigravity/dutch\ vocab\ builder/dutch-vocab-builder/ios/Pods/Target\ Support\ Files/React-Core/ResourceBundle-React-Core_privacy-React-Core-Info.plist (in target 'React-Core-React-Core_privacy' from project 'Pods')
    cd /Users/vivek/Documents/vide\ coding/antigravity/dutch\ vocab\ builder/dutch-vocab-builder/ios/Pods
    builtin-infoPlistUtility /Users/vivek/Documents/vide\ coding/antigravity/dutch\ vocab\ builder/dutch-vocab-builder/ios/Pods/Target\ Support\ Files/React-Core/ResourceBundle-React-Core_privacy-React-Core-Info.plist -producttype com.apple.product-type.bundle -expandbuildsettings -format binary -platform iphonesimulator -o /Users/vivek/Library/Developer/Xcode/DerivedData/dutchvocabbuilder-ekvgrffdbexgzcfvrslzlsvtuhiq/Build/Products/Debug-iphonesimulator/React-Core/React-Core_privacy.bundle/Info.plist

ProcessInfoPlistFile /Users/vivek/Library/Developer/Xcode/DerivedData/dutchvocabbuilder-ekvgrffdbexgzcfvrslzlsvtuhiq/Build/Products/Debug-iphonesimulator/React-cxxreact/React-cxxreact_privacy.bundle/Info.plist /Users/vivek/Documents/vide\ coding/antigravity/dutch\ vocab\ builder/dutch-vocab-builder/ios/Pods/Target\ Support\ Files/React-cxxreact/ResourceBundle-React-cxxreact_privacy-React-cxxreact-Info.plist (in target 'React-cxxreact-React-cxxreact_privacy' from project 'Pods')
    cd /Users/vivek/Documents/vide\ coding/antigravity/dutch\ vocab\ builder/dutch-vocab-builder/ios/Pods
    builtin-infoPlistUtility /Users/vivek/Documents/vide\ coding/antigravity/dutch\ vocab\ builder/dutch-vocab-builder/ios/Pods/Target\ Support\ Files/React-cxxreact/ResourceBundle-React-cxxreact_privacy-React-cxxreact-Info.plist -producttype com.apple.product-type.bundle -expandbuildsettings -format binary -platform iphonesimulator -o /Users/vivek/Library/Developer/Xcode/DerivedData/dutchvocabbuilder-ekvgrffdbexgzcfvrslzlsvtuhiq/Build/Products/Debug-iphonesimulator/React-cxxreact/React-cxxreact_privacy.bundle/Info.plist

ProcessInfoPlistFile /Users/vivek/Library/Developer/Xcode/DerivedData/dutchvocabbuilder-ekvgrffdbexgzcfvrslzlsvtuhiq/Build/Products/Debug-iphonesimulator/RNCAsyncStorage/RNCAsyncStorage_resources.bundle/Info.plist /Users/vivek/Documents/vide\ coding/antigravity/dutch\ vocab\ builder/dutch-vocab-builder/ios/Pods/Target\ Support\ Files/RNCAsyncStorage/ResourceBundle-RNCAsyncStorage_resources-RNCAsyncStorage-Info.plist (in target 'RNCAsyncStorage-RNCAsyncStorage_resources' from project 'Pods')
    cd /Users/vivek/Documents/vide\ coding/antigravity/dutch\ vocab\ builder/dutch-vocab-builder/ios/Pods
    builtin-infoPlistUtility /Users/vivek/Documents/vide\ coding/antigravity/dutch\ vocab\ builder/dutch-vocab-builder/ios/Pods/Target\ Support\ Files/RNCAsyncStorage/ResourceBundle-RNCAsyncStorage_resources-RNCAsyncStorage-Info.plist -producttype com.apple.product-type.bundle -expandbuildsettings -format binary -platform iphonesimulator -o /Users/vivek/Library/Developer/Xcode/DerivedData/dutchvocabbuilder-ekvgrffdbexgzcfvrslzlsvtuhiq/Build/Products/Debug-iphonesimulator/RNCAsyncStorage/RNCAsyncStorage_resources.bundle/Info.plist

PhaseScriptExecution [CP-User]\ [Hermes]\ Replace\ Hermes\ for\ the\ right\ configuration,\ if\ needed /Users/vivek/Library/Developer/Xcode/DerivedData/dutchvocabbuilder-ekvgrffdbexgzcfvrslzlsvtuhiq/Build/Intermediates.noindex/Pods.build/Debug-iphonesimulator/hermes-engine.build/Script-46EB2E0001F850.sh (in target 'hermes-engine' from project 'Pods')
    cd /Users/vivek/Documents/vide\ coding/antigravity/dutch\ vocab\ builder/dutch-vocab-builder/ios/Pods
    export ACTION\=build
    export AD_HOC_CODE_SIGNING_ALLOWED\=YES
    export ALLOW_BUILD_REQUEST_OVERRIDES\=NO
    export ALLOW_TARGET_PLATFORM_SPECIALIZATION\=NO
    export ALTERNATE_GROUP\=staff
    export ALTERNATE_MODE\=u+w,go-w,a+rX
    export ALTERNATE_OWNER\=vivek
    export ALTERNATIVE_DISTRIBUTION_WEB\=NO
    export ALWAYS_EMBED_SWIFT_STANDARD_LIBRARIES\=NO
    export ALWAYS_SEARCH_USER_PATHS\=NO
    export ALWAYS_USE_SEPARATE_HEADERMAPS\=NO
    export APPLE_INTERNAL_DEVELOPER_DIR\=/AppleInternal/Developer
    export APPLE_INTERNAL_DIR\=/AppleInternal
    export APPLE_INTERNAL_DOCUMENTATION_DIR\=/AppleInternal/Documentation
    export APPLE_INTERNAL_LIBRARY_DIR\=/AppleInternal/Library
    export APPLE_INTERNAL_TOOLS\=/AppleInternal/Developer/Tools
    export APPLICATION_EXTENSION_API_ONLY\=NO
    export APPLY_RULES_IN_COPY_FILES\=NO
    export APPLY_RULES_IN_COPY_HEADERS\=NO
    export APP_SHORTCUTS_ENABLE_FLEXIBLE_MATCHING\=YES
    export ARCHS\=arm64
    export ARCHS_STANDARD\=arm64\ x86_64
    export ARCHS_STANDARD_32_64_BIT\=arm64\ i386\ x86_64
    export ARCHS_STANDARD_32_BIT\=i386
    export ARCHS_STANDARD_64_BIT\=arm64\ x86_64
    export ARCHS_STANDARD_INCLUDING_64_BIT\=arm64\ x86_64
    export ARCHS_UNIVERSAL_IPHONE_OS\=arm64\ i386\ x86_64
    export ASSETCATALOG_COMPILER_APPICON_NAME\=AppIcon
    export ASSETCATALOG_COMPILER_GENERATE_ASSET_SYMBOLS\=YES
    export ASSETCATALOG_COMPILER_GLOBAL_ACCENT_COLOR_NAME\=AccentColor
    export ASSETCATALOG_FILTER_FOR_DEVICE_MODEL\=iPhone17,3
    export ASSETCATALOG_FILTER_FOR_DEVICE_OS_VERSION\=18.3.1
    export ASSETCATALOG_FILTER_FOR_THINNING_DEVICE_CONFIGURATION\=iPhone17,3
    export AUTOMATICALLY_MERGE_DEPENDENCIES\=NO
    export AVAILABLE_PLATFORMS\=appletvos\ appletvsimulator\ driverkit\ iphoneos\ iphonesimulator\ macosx\ watchos\ watchsimulator\ xros\ xrsimulator
    export BITCODE_GENERATION_MODE\=marker
    export BUILD_ACTIVE_RESOURCES_ONLY\=YES
    export BUILD_COMPONENTS\=headers\ build
    export BUILD_DIR\=/Users/vivek/Library/Developer/Xcode/DerivedData/dutchvocabbuilder-ekvgrffdbexgzcfvrslzlsvtuhiq/Build/Products
    export BUILD_LIBRARY_FOR_DISTRIBUTION\=NO
    export BUILD_ROOT\=/Users/vivek/Library/Developer/Xcode/DerivedData/dutchvocabbuilder-ekvgrffdbexgzcfvrslzlsvtuhiq/Build/Products
    export BUILD_STYLE\=
    export BUILD_VARIANTS\=normal
    export BUILT_PRODUCTS_DIR\=/Users/vivek/Library/Developer/Xcode/DerivedData/dutchvocabbuilder-ekvgrffdbexgzcfvrslzlsvtuhiq/Build/Products/Debug-iphonesimulator/hermes-engine
    export BUNDLE_CONTENTS_FOLDER_PATH_deep\=Contents/
    export BUNDLE_EXECUTABLE_FOLDER_NAME_deep\=MacOS
    export BUNDLE_EXTENSIONS_FOLDER_PATH\=Extensions
    export BUNDLE_FORMAT\=shallow
    export BUNDLE_FRAMEWORKS_FOLDER_PATH\=Frameworks
    export BUNDLE_PLUGINS_FOLDER_PATH\=PlugIns
    export BUNDLE_PRIVATE_HEADERS_FOLDER_PATH\=PrivateHeaders
    export BUNDLE_PUBLIC_HEADERS_FOLDER_PATH\=Headers
    export CACHE_ROOT\=/var/folders/kv/kwypt64n4194rht2wdsgvgcm0000gn/C/com.apple.DeveloperTools/16.2-16C5032a/Xcode
    export CCHROOT\=/var/folders/kv/kwypt64n4194rht2wdsgvgcm0000gn/C/com.apple.DeveloperTools/16.2-16C5032a/Xcode
    export CHMOD\=/bin/chmod
    export CHOWN\=/usr/sbin/chown
    export CLANG_ANALYZER_LOCALIZABILITY_NONLOCALIZED\=YES
    export CLANG_ANALYZER_NONNULL\=YES
    export CLANG_ANALYZER_NUMBER_OBJECT_CONVERSION\=YES_AGGRESSIVE
    export CLANG_CACHE_FINE_GRAINED_OUTPUTS\=YES
    export CLANG_CXX_LANGUAGE_STANDARD\=c++20
    export CLANG_CXX_LIBRARY\=compiler-default
    export CLANG_ENABLE_EXPLICIT_MODULES\=YES
    export CLANG_ENABLE_MODULES\=YES
    export CLANG_ENABLE_OBJC_ARC\=YES
    export CLANG_ENABLE_OBJC_WEAK\=NO
    export CLANG_MODULES_BUILD_SESSION_FILE\=/Users/vivek/Library/Developer/Xcode/DerivedData/ModuleCache.noindex/Session.modulevalidation
    export CLANG_WARN_BLOCK_CAPTURE_AUTORELEASING\=YES
    export CLANG_WARN_BOOL_CONVERSION\=YES
    export CLANG_WARN_COMMA\=YES
    export CLANG_WARN_CONSTANT_CONVERSION\=YES
    export CLANG_WARN_DEPRECATED_OBJC_IMPLEMENTATIONS\=YES
    export CLANG_WARN_DIRECT_OBJC_ISA_USAGE\=YES_ERROR
    export CLANG_WARN_DOCUMENTATION_COMMENTS\=YES
    export CLANG_WARN_EMPTY_BODY\=YES
    export CLANG_WARN_ENUM_CONVERSION\=YES
    export CLANG_WARN_INFINITE_RECURSION\=YES
    export CLANG_WARN_INT_CONVERSION\=YES
    export CLANG_WARN_NON_LITERAL_NULL_CONVERSION\=YES
    export CLANG_WARN_OBJC_IMPLICIT_RETAIN_SELF\=YES
    export CLANG_WARN_OBJC_LITERAL_CONVERSION\=YES
    export CLANG_WARN_OBJC_ROOT_CLASS\=YES_ERROR
    export CLANG_WARN_QUOTED_INCLUDE_IN_FRAMEWORK_HEADER\=NO
    export CLANG_WARN_RANGE_LOOP_ANALYSIS\=YES
    export CLANG_WARN_STRICT_PROTOTYPES\=YES
    export CLANG_WARN_SUSPICIOUS_MOVE\=YES
    export CLANG_WARN_UNGUARDED_AVAILABILITY\=YES_AGGRESSIVE
    export CLANG_WARN_UNREACHABLE_CODE\=YES
    export CLANG_WARN__DUPLICATE_METHOD_MATCH\=YES
    export CLASS_FILE_DIR\=/Users/vivek/Library/Developer/Xcode/DerivedData/dutchvocabbuilder-ekvgrffdbexgzcfvrslzlsvtuhiq/Build/Intermediates.noindex/Pods.build/Debug-iphonesimulator/hermes-engine.build/JavaClasses
    export CLEAN_PRECOMPS\=YES
    export CLONE_HEADERS\=NO
    export CODESIGNING_FOLDER_PATH\=/Users/vivek/Library/Developer/Xcode/DerivedData/dutchvocabbuilder-ekvgrffdbexgzcfvrslzlsvtuhiq/Build/Products/Debug-iphonesimulator/hermes-engine/
    export CODE_SIGNING_ALLOWED\=NO
    export CODE_SIGNING_REQUIRED\=YES
    export CODE_SIGN_CONTEXT_CLASS\=XCiPhoneSimulatorCodeSignContext
    export CODE_SIGN_IDENTITY\=-
    export CODE_SIGN_INJECT_BASE_ENTITLEMENTS\=YES
    export COLOR_DIAGNOSTICS\=NO
    export COMBINE_HIDPI_IMAGES\=NO
    export COMPILATION_CACHE_CAS_PATH\=/Users/vivek/Library/Developer/Xcode/DerivedData/CompilationCache.noindex
    export COMPILATION_CACHE_KEEP_CAS_DIRECTORY\=YES
    export COMPILER_INDEX_STORE_ENABLE\=Default
    export COMPOSITE_SDK_DIRS\=/Users/vivek/Library/Developer/Xcode/DerivedData/dutchvocabbuilder-ekvgrffdbexgzcfvrslzlsvtuhiq/Build/Intermediates.noindex/CompositeSDKs
    export COMPRESS_PNG_FILES\=YES
    export CONFIGURATION\=Debug
    export CONFIGURATION_BUILD_DIR\=/Users/vivek/Library/Developer/Xcode/DerivedData/dutchvocabbuilder-ekvgrffdbexgzcfvrslzlsvtuhiq/Build/Products/Debug-iphonesimulator/hermes-engine
    export CONFIGURATION_TEMP_DIR\=/Users/vivek/Library/Developer/Xcode/DerivedData/dutchvocabbuilder-ekvgrffdbexgzcfvrslzlsvtuhiq/Build/Intermediates.noindex/Pods.build/Debug-iphonesimulator
    export COPYING_PRESERVES_HFS_DATA\=NO
    export COPY_HEADERS_RUN_UNIFDEF\=NO
    export COPY_PHASE_STRIP\=NO
    export CORRESPONDING_DEVICE_PLATFORM_DIR\=/Applications/Xcode.app/Contents/Developer/Platforms/iPhoneOS.platform
    export CORRESPONDING_DEVICE_PLATFORM_NAME\=iphoneos
    export CORRESPONDING_DEVICE_SDK_DIR\=/Applications/Xcode.app/Contents/Developer/Platforms/iPhoneOS.platform/Developer/SDKs/iPhoneOS18.2.sdk
    export CORRESPONDING_DEVICE_SDK_NAME\=iphoneos18.2
    export CP\=/bin/cp
    export CREATE_INFOPLIST_SECTION_IN_BINARY\=NO
    export CURRENT_ARCH\=undefined_arch
    export CURRENT_VARIANT\=normal
    export DEAD_CODE_STRIPPING\=YES
    export DEBUGGING_SYMBOLS\=YES
    export DEBUG_INFORMATION_FORMAT\=dwarf
    export DEBUG_INFORMATION_VERSION\=compiler-default
    export DEFAULT_COMPILER\=com.apple.compilers.llvm.clang.1_0
    export DEFAULT_DEXT_INSTALL_PATH\=/System/Library/DriverExtensions
    export DEFAULT_KEXT_INSTALL_PATH\=/System/Library/Extensions
    export DEFINES_MODULE\=NO
    export DEPLOYMENT_LOCATION\=NO
    export DEPLOYMENT_POSTPROCESSING\=NO
    export DEPLOYMENT_TARGET_SETTING_NAME\=IPHONEOS_DEPLOYMENT_TARGET
    export DEPLOYMENT_TARGET_SUGGESTED_VALUES\=12.0\ 12.1\ 12.2\ 12.3\ 12.4\ 13.0\ 13.1\ 13.2\ 13.3\ 13.4\ 13.5\ 13.6\ 14.0\ 14.1\ 14.2\ 14.3\ 14.4\ 14.5\ 14.6\ 14.7\ 15.0\ 15.1\ 15.2\ 15.3\ 15.4\ 15.5\ 15.6\ 16.0\ 16.1\ 16.2\ 16.3\ 16.4\ 16.5\ 16.6\ 17.0\ 17.1\ 17.2\ 17.3\ 17.4\ 17.5\ 17.6\ 18.0\ 18.1\ 18.2
    export DERIVED_FILES_DIR\=/Users/vivek/Library/Developer/Xcode/DerivedData/dutchvocabbuilder-ekvgrffdbexgzcfvrslzlsvtuhiq/Build/Intermediates.noindex/Pods.build/Debug-iphonesimulator/hermes-engine.build/DerivedSources
    export DERIVED_FILE_DIR\=/Users/vivek/Library/Developer/Xcode/DerivedData/dutchvocabbuilder-ekvgrffdbexgzcfvrslzlsvtuhiq/Build/Intermediates.noindex/Pods.build/Debug-iphonesimulator/hermes-engine.build/DerivedSources
    export DERIVED_SOURCES_DIR\=/Users/vivek/Library/Developer/Xcode/DerivedData/dutchvocabbuilder-ekvgrffdbexgzcfvrslzlsvtuhiq/Build/Intermediates.noindex/Pods.build/Debug-iphonesimulator/hermes-engine.build/DerivedSources
    export DEVELOPER_APPLICATIONS_DIR\=/Applications/Xcode.app/Contents/Developer/Applications
    export DEVELOPER_BIN_DIR\=/Applications/Xcode.app/Contents/Developer/usr/bin
    export DEVELOPER_DIR\=/Applications/Xcode.app/Contents/Developer
    export DEVELOPER_FRAMEWORKS_DIR\=/Applications/Xcode.app/Contents/Developer/Library/Frameworks
    export DEVELOPER_FRAMEWORKS_DIR_QUOTED\=/Applications/Xcode.app/Contents/Developer/Library/Frameworks
    export DEVELOPER_LIBRARY_DIR\=/Applications/Xcode.app/Contents/Developer/Library
    export DEVELOPER_SDK_DIR\=/Applications/Xcode.app/Contents/Developer/Platforms/MacOSX.platform/Developer/SDKs
    export DEVELOPER_TOOLS_DIR\=/Applications/Xcode.app/Contents/Developer/Tools
    export DEVELOPER_USR_DIR\=/Applications/Xcode.app/Contents/Developer/usr
    export DEVELOPMENT_LANGUAGE\=en
    export DIFF\=/usr/bin/diff
    export DONT_GENERATE_INFOPLIST_FILE\=NO
    export DSTROOT\=/tmp/Pods.dst
    export DT_TOOLCHAIN_DIR\=/Applications/Xcode.app/Contents/Developer/Toolchains/XcodeDefault.xctoolchain
    export DWARF_DSYM_FILE_NAME\=.dSYM
    export DWARF_DSYM_FILE_SHOULD_ACCOMPANY_PRODUCT\=NO
    export DWARF_DSYM_FOLDER_PATH\=/Users/vivek/Library/Developer/Xcode/DerivedData/dutchvocabbuilder-ekvgrffdbexgzcfvrslzlsvtuhiq/Build/Products/Debug-iphonesimulator/hermes-engine
    export DYNAMIC_LIBRARY_EXTENSION\=dylib
    export EAGER_COMPILATION_ALLOW_SCRIPTS\=NO
    export EAGER_LINKING\=NO
    export EFFECTIVE_PLATFORM_NAME\=-iphonesimulator
    export EMBEDDED_CONTENT_CONTAINS_SWIFT\=NO
    export EMBED_ASSET_PACKS_IN_PRODUCT_BUNDLE\=NO
    export ENABLE_APP_SANDBOX\=NO
    export ENABLE_BITCODE\=NO
    export ENABLE_CODE_COVERAGE\=YES
    export ENABLE_DEFAULT_HEADER_SEARCH_PATHS\=YES
    export ENABLE_DEFAULT_SEARCH_PATHS\=YES
    export ENABLE_HARDENED_RUNTIME\=NO
    export ENABLE_HEADER_DEPENDENCIES\=YES
    export ENABLE_ON_DEMAND_RESOURCES\=NO
    export ENABLE_PREVIEWS\=NO
    export ENABLE_STRICT_OBJC_MSGSEND\=YES
    export ENABLE_TESTABILITY\=YES
    export ENABLE_TESTING_SEARCH_PATHS\=NO
    export ENABLE_USER_SCRIPT_SANDBOXING\=NO
    export ENABLE_XOJIT_PREVIEWS\=YES
    export ENTITLEMENTS_DESTINATION\=__entitlements
    export ENTITLEMENTS_REQUIRED\=YES
    export EXCLUDED_INSTALLSRC_SUBDIRECTORY_PATTERNS\=.DS_Store\ .svn\ .git\ .hg\ CVS
    export EXCLUDED_RECURSIVE_SEARCH_PATH_SUBDIRECTORIES\=\*.nib\ \*.lproj\ \*.framework\ \*.gch\ \*.xcode\*\ \*.xcassets\ \(\*\)\ .DS_Store\ CVS\ .svn\ .git\ .hg\ \*.pbproj\ \*.pbxproj
    export FILE_LIST\=/Users/vivek/Library/Developer/Xcode/DerivedData/dutchvocabbuilder-ekvgrffdbexgzcfvrslzlsvtuhiq/Build/Intermediates.noindex/Pods.build/Debug-iphonesimulator/hermes-engine.build/Objects/LinkFileList
    export FIXED_FILES_DIR\=/Users/vivek/Library/Developer/Xcode/DerivedData/dutchvocabbuilder-ekvgrffdbexgzcfvrslzlsvtuhiq/Build/Intermediates.noindex/Pods.build/Debug-iphonesimulator/hermes-engine.build/FixedFiles
    export FRAMEWORK_SEARCH_PATHS\=\ \"/Users/vivek/Documents/vide\ coding/antigravity/dutch\ vocab\ builder/dutch-vocab-builder/ios/Pods/hermes-engine/destroot/Library/Frameworks/universal\"\ \"/Users/vivek/Library/Developer/Xcode/DerivedData/dutchvocabbuilder-ekvgrffdbexgzcfvrslzlsvtuhiq/Build/Products/Debug-iphonesimulator/XCFrameworkIntermediates/hermes-engine/Pre-built\"
    export FRAMEWORK_VERSION\=A
    export FUSE_BUILD_PHASES\=YES
    export FUSE_BUILD_SCRIPT_PHASES\=NO
    export GCC3_VERSION\=3.3
    export GCC_C_LANGUAGE_STANDARD\=gnu11
    export GCC_DYNAMIC_NO_PIC\=NO
    export GCC_NO_COMMON_BLOCKS\=YES
    export GCC_OBJC_LEGACY_DISPATCH\=YES
    export GCC_OPTIMIZATION_LEVEL\=0
    export GCC_PFE_FILE_C_DIALECTS\=c\ objective-c\ c++\ objective-c++
    export GCC_PREPROCESSOR_DEFINITIONS\=POD_CONFIGURATION_DEBUG\=1\ DEBUG\=1\ \ COCOAPODS\=1\ HERMES_ENABLE_DEBUGGER\=1
    export GCC_TREAT_WARNINGS_AS_ERRORS\=NO
    export GCC_VERSION\=com.apple.compilers.llvm.clang.1_0
    export GCC_VERSION_IDENTIFIER\=com_apple_compilers_llvm_clang_1_0
    export GCC_WARN_64_TO_32_BIT_CONVERSION\=YES
    export GCC_WARN_ABOUT_RETURN_TYPE\=YES_ERROR
    export GCC_WARN_INHIBIT_ALL_WARNINGS\=YES
    export GCC_WARN_UNDECLARED_SELECTOR\=YES
    export GCC_WARN_UNINITIALIZED_AUTOS\=YES_AGGRESSIVE
    export GCC_WARN_UNUSED_FUNCTION\=YES
    export GCC_WARN_UNUSED_VARIABLE\=YES
    export GENERATED_MODULEMAP_DIR\=/Users/vivek/Library/Developer/Xcode/DerivedData/dutchvocabbuilder-ekvgrffdbexgzcfvrslzlsvtuhiq/Build/Intermediates.noindex/GeneratedModuleMaps-iphonesimulator
    export GENERATE_INFOPLIST_FILE\=NO
    export GENERATE_INTERMEDIATE_TEXT_BASED_STUBS\=YES
    export GENERATE_MASTER_OBJECT_FILE\=NO
    export GENERATE_PKGINFO_FILE\=NO
    export GENERATE_PROFILING_CODE\=NO
    export GENERATE_TEXT_BASED_STUBS\=NO
    export GID\=20
    export GROUP\=staff
    export HEADERMAP_INCLUDES_FLAT_ENTRIES_FOR_TARGET_BEING_BUILT\=YES
    export HEADERMAP_INCLUDES_FRAMEWORK_ENTRIES_FOR_ALL_PRODUCT_TYPES\=YES
    export HEADERMAP_INCLUDES_FRAMEWORK_ENTRIES_FOR_TARGETS_NOT_BEING_BUILT\=YES
    export HEADERMAP_INCLUDES_NONPUBLIC_NONPRIVATE_HEADERS\=YES
    export HEADERMAP_INCLUDES_PROJECT_HEADERS\=YES
    export HEADERMAP_USES_FRAMEWORK_PREFIX_ENTRIES\=YES
    export HEADERMAP_USES_VFS\=NO
    export HEADER_SEARCH_PATHS\=\ \"/Users/vivek/Documents/vide\ coding/antigravity/dutch\ vocab\ builder/dutch-vocab-builder/ios/Pods/Headers/Private\"\ \"/Users/vivek/Documents/vide\ coding/antigravity/dutch\ vocab\ builder/dutch-vocab-builder/ios/Pods/Headers/Private/hermes-engine\"\ \"/Users/vivek/Documents/vide\ coding/antigravity/dutch\ vocab\ builder/dutch-vocab-builder/ios/Pods/Headers/Public\"\ \"/Users/vivek/Documents/vide\ coding/antigravity/dutch\ vocab\ builder/dutch-vocab-builder/ios/Pods/Headers/Public/hermes-engine\"
    export HIDE_BITCODE_SYMBOLS\=YES
    export HOME\=/Users/vivek
    export HOST_ARCH\=arm64
    export HOST_PLATFORM\=macosx
    export ICONV\=/usr/bin/iconv
    export IMPLICIT_DEPENDENCY_DOMAIN\=default
    export INFOPLIST_ENABLE_CFBUNDLEICONS_MERGE\=YES
    export INFOPLIST_EXPAND_BUILD_SETTINGS\=YES
    export INFOPLIST_OUTPUT_FORMAT\=binary
    export INFOPLIST_PREPROCESS\=NO
    export INLINE_PRIVATE_FRAMEWORKS\=NO
    export INSTALLHDRS_COPY_PHASE\=NO
    export INSTALLHDRS_SCRIPT_PHASE\=NO
    export INSTALL_DIR\=/tmp/Pods.dst
    export INSTALL_GROUP\=staff
    export INSTALL_MODE_FLAG\=u+w,go-w,a+rX
    export INSTALL_OWNER\=vivek
    export INSTALL_ROOT\=/tmp/Pods.dst
    export IPHONEOS_DEPLOYMENT_TARGET\=15.1
    export IS_UNOPTIMIZED_BUILD\=YES
    export JAVAC_DEFAULT_FLAGS\=-J-Xms64m\ -J-XX:NewSize\=4M\ -J-Dfile.encoding\=UTF8
    export JAVA_APP_STUB\=/System/Library/Frameworks/JavaVM.framework/Resources/MacOS/JavaApplicationStub
    export JAVA_ARCHIVE_CLASSES\=YES
    export JAVA_ARCHIVE_TYPE\=JAR
    export JAVA_COMPILER\=/usr/bin/javac
    export JAVA_FRAMEWORK_RESOURCES_DIRS\=Resources
    export JAVA_JAR_FLAGS\=cv
    export JAVA_SOURCE_SUBDIR\=.
    export JAVA_USE_DEPENDENCIES\=YES
    export JAVA_ZIP_FLAGS\=-urg
    export JIKES_DEFAULT_FLAGS\=+E\ +OLDCSO
    export KEEP_PRIVATE_EXTERNS\=NO
    export LD_DEPENDENCY_INFO_FILE\=/Users/vivek/Library/Developer/Xcode/DerivedData/dutchvocabbuilder-ekvgrffdbexgzcfvrslzlsvtuhiq/Build/Intermediates.noindex/Pods.build/Debug-iphonesimulator/hermes-engine.build/Objects-normal/undefined_arch/hermes-engine_dependency_info.dat
    export LD_EXPORT_SYMBOLS\=YES
    export LD_GENERATE_MAP_FILE\=NO
    export LD_MAP_FILE_PATH\=/Users/vivek/Library/Developer/Xcode/DerivedData/dutchvocabbuilder-ekvgrffdbexgzcfvrslzlsvtuhiq/Build/Intermediates.noindex/Pods.build/Debug-iphonesimulator/hermes-engine.build/hermes-engine-LinkMap-normal-undefined_arch.txt
    export LD_NO_PIE\=NO
    export LD_QUOTE_LINKER_ARGUMENTS_FOR_COMPILER_DRIVER\=YES
    export LD_RUNPATH_SEARCH_PATHS\=\ @executable_path/Frameworks
    export LD_SHARED_CACHE_ELIGIBLE\=Automatic
    export LD_WARN_DUPLICATE_LIBRARIES\=NO
    export LD_WARN_UNUSED_DYLIBS\=NO
    export LEGACY_DEVELOPER_DIR\=/Applications/Xcode.app/Contents/PlugIns/Xcode3Core.ideplugin/Contents/SharedSupport/Developer
    export LEX\=lex
    export LIBRARY_DEXT_INSTALL_PATH\=/Library/DriverExtensions
    export LIBRARY_FLAG_NOSPACE\=YES
    export LIBRARY_KEXT_INSTALL_PATH\=/Library/Extensions
    export LINKER_DISPLAYS_MANGLED_NAMES\=NO
    export LINK_FILE_LIST_normal_arm64\=/Users/vivek/Library/Developer/Xcode/DerivedData/dutchvocabbuilder-ekvgrffdbexgzcfvrslzlsvtuhiq/Build/Intermediates.noindex/Pods.build/Debug-iphonesimulator/hermes-engine.build/Objects-normal/arm64/hermes-engine.LinkFileList
    export LINK_OBJC_RUNTIME\=YES
    export LINK_WITH_STANDARD_LIBRARIES\=YES
    export LLVM_TARGET_TRIPLE_OS_VERSION\=ios15.1
    export LLVM_TARGET_TRIPLE_SUFFIX\=-simulator
    export LLVM_TARGET_TRIPLE_VENDOR\=apple
    export LM_AUX_CONST_METADATA_LIST_PATH_normal_arm64\=/Users/vivek/Library/Developer/Xcode/DerivedData/dutchvocabbuilder-ekvgrffdbexgzcfvrslzlsvtuhiq/Build/Intermediates.noindex/Pods.build/Debug-iphonesimulator/hermes-engine.build/Objects-normal/arm64/hermes-engine.SwiftConstValuesFileList
    export LOCALIZATION_EXPORT_SUPPORTED\=YES
    export LOCALIZATION_PREFERS_STRING_CATALOGS\=NO
    export LOCALIZED_STRING_MACRO_NAMES\=NSLocalizedString\ CFCopyLocalizedString
    export LOCALIZED_STRING_SWIFTUI_SUPPORT\=YES
    export LOCAL_ADMIN_APPS_DIR\=/Applications/Utilities
    export LOCAL_APPS_DIR\=/Applications
    export LOCAL_DEVELOPER_DIR\=/Library/Developer
    export LOCAL_LIBRARY_DIR\=/Library
    export LOCROOT\=/Users/vivek/Documents/vide\ coding/antigravity/dutch\ vocab\ builder/dutch-vocab-builder/ios/Pods
    export LOCSYMROOT\=/Users/vivek/Documents/vide\ coding/antigravity/dutch\ vocab\ builder/dutch-vocab-builder/ios/Pods
    export MAC_OS_X_PRODUCT_BUILD_VERSION\=24G90
    export MAC_OS_X_VERSION_ACTUAL\=150601
    export MAC_OS_X_VERSION_MAJOR\=150000
    export MAC_OS_X_VERSION_MINOR\=150600
    export MAKE_MERGEABLE\=NO
    export MERGEABLE_LIBRARY\=NO
    export MERGED_BINARY_TYPE\=none
    export MERGE_LINKED_LIBRARIES\=NO
    export METAL_LIBRARY_FILE_BASE\=default
    export METAL_LIBRARY_OUTPUT_DIR\=/Users/vivek/Library/Developer/Xcode/DerivedData/dutchvocabbuilder-ekvgrffdbexgzcfvrslzlsvtuhiq/Build/Products/Debug-iphonesimulator/hermes-engine/
    export MODULE_CACHE_DIR\=/Users/vivek/Library/Developer/Xcode/DerivedData/ModuleCache.noindex
    export MTL_ENABLE_DEBUG_INFO\=INCLUDE_SOURCE
    export MTL_FAST_MATH\=YES
    export NATIVE_ARCH\=arm64
    export NATIVE_ARCH_32_BIT\=arm
    export NATIVE_ARCH_64_BIT\=arm64
    export NATIVE_ARCH_ACTUAL\=arm64
    export NO_COMMON\=YES
    export OBJC_ABI_VERSION\=2
    export OBJECT_FILE_DIR\=/Users/vivek/Library/Developer/Xcode/DerivedData/dutchvocabbuilder-ekvgrffdbexgzcfvrslzlsvtuhiq/Build/Intermediates.noindex/Pods.build/Debug-iphonesimulator/hermes-engine.build/Objects
    export OBJECT_FILE_DIR_normal\=/Users/vivek/Library/Developer/Xcode/DerivedData/dutchvocabbuilder-ekvgrffdbexgzcfvrslzlsvtuhiq/Build/Intermediates.noindex/Pods.build/Debug-iphonesimulator/hermes-engine.build/Objects-normal
    export OBJROOT\=/Users/vivek/Library/Developer/Xcode/DerivedData/dutchvocabbuilder-ekvgrffdbexgzcfvrslzlsvtuhiq/Build/Intermediates.noindex
    export ONLY_ACTIVE_ARCH\=YES
    export OS\=MACOS
    export OSAC\=/usr/bin/osacompile
    export PASCAL_STRINGS\=YES
    export PATH\=/Applications/Xcode.app/Contents/SharedFrameworks/XCBuild.framework/Versions/A/PlugIns/XCBBuildService.bundle/Contents/PlugIns/XCBSpecifications.ideplugin/Contents/Resources:/Applications/Xcode.app/Contents/SharedFrameworks/XCBuild.framework/Versions/A/PlugIns/XCBBuildService.bundle/Contents/PlugIns/XCBSpecifications.ideplugin:/Applications/Xcode.app/Contents/Developer/Toolchains/XcodeDefault.xctoolchain/usr/bin:/Applications/Xcode.app/Contents/Developer/Toolchains/XcodeDefault.xctoolchain/usr/appleinternal/bin:/Applications/Xcode.app/Contents/Developer/Toolchains/XcodeDefault.xctoolchain/usr/local/bin:/Applications/Xcode.app/Contents/Developer/Toolchains/XcodeDefault.xctoolchain/usr/libexec:/Applications/Xcode.app/Contents/Developer/Platforms/iPhoneSimulator.platform/usr/bin:/Applications/Xcode.app/Contents/Developer/Platforms/iPhoneSimulator.platform/usr/appleinternal/bin:/Applications/Xcode.app/Contents/Developer/Platforms/iPhoneSimulator.platform/usr/local/bin:/Applications/Xcode.app/Contents/Developer/Platforms/iPhoneSimulator.platform/Developer/usr/bin:/Applications/Xcode.app/Contents/Developer/Platforms/iPhoneSimulator.platform/Developer/usr/local/bin:/Applications/Xcode.app/Contents/Developer/usr/bin:/Applications/Xcode.app/Contents/Developer/usr/local/bin:/Users/vivek/Documents/vide\ coding/antigravity/dutch\ vocab\ builder/dutch-vocab-builder/node_modules/.bin:/Users/vivek/Documents/vide\ coding/antigravity/dutch\ vocab\ builder/node_modules/.bin:/Users/vivek/Documents/vide\ coding/antigravity/node_modules/.bin:/Users/vivek/Documents/vide\ coding/node_modules/.bin:/Users/vivek/Documents/node_modules/.bin:/Users/vivek/node_modules/.bin:/Users/node_modules/.bin:/node_modules/.bin:/usr/local/lib/node_modules/npm/node_modules/@npmcli/run-script/lib/node-gyp-bin:/Users/vivek/Downloads/google-cloud-sdk/bin:/Users/vivek/.antigravity/antigravity/bin:/Users/vivek/.local/bin:/opt/homebrew/bin:/opt/homebrew/sbin:/usr/local/bin:/System/Cryptexes/App/usr/bin:/usr/bin:/bin:/usr/sbin:/sbin:/var/run/com.apple.security.cryptexd/codex.system/bootstrap/usr/local/bin:/var/run/com.apple.security.cryptexd/codex.system/bootstrap/usr/bin:/var/run/com.apple.security.cryptexd/codex.system/bootstrap/usr/appleinternal/bin:/Library/Apple/usr/bin:/Users/vivek/.cargo/bin
    export PATH_PREFIXES_EXCLUDED_FROM_HEADER_DEPENDENCIES\=/usr/include\ /usr/local/include\ /System/Library/Frameworks\ /System/Library/PrivateFrameworks\ /Applications/Xcode.app/Contents/Developer/Headers\ /Applications/Xcode.app/Contents/Developer/SDKs\ /Applications/Xcode.app/Contents/Developer/Platforms
    export PER_ARCH_OBJECT_FILE_DIR\=/Users/vivek/Library/Developer/Xcode/DerivedData/dutchvocabbuilder-ekvgrffdbexgzcfvrslzlsvtuhiq/Build/Intermediates.noindex/Pods.build/Debug-iphonesimulator/hermes-engine.build/Objects-normal/undefined_arch
    export PER_VARIANT_OBJECT_FILE_DIR\=/Users/vivek/Library/Developer/Xcode/DerivedData/dutchvocabbuilder-ekvgrffdbexgzcfvrslzlsvtuhiq/Build/Intermediates.noindex/Pods.build/Debug-iphonesimulator/hermes-engine.build/Objects-normal
    export PKGINFO_FILE_PATH\=/Users/vivek/Library/Developer/Xcode/DerivedData/dutchvocabbuilder-ekvgrffdbexgzcfvrslzlsvtuhiq/Build/Intermediates.noindex/Pods.build/Debug-iphonesimulator/hermes-engine.build/PkgInfo
    export PLATFORM_DEVELOPER_APPLICATIONS_DIR\=/Applications/Xcode.app/Contents/Developer/Platforms/iPhoneSimulator.platform/Developer/Applications
    export PLATFORM_DEVELOPER_BIN_DIR\=/Applications/Xcode.app/Contents/Developer/Platforms/iPhoneSimulator.platform/Developer/usr/bin
    export PLATFORM_DEVELOPER_LIBRARY_DIR\=/Applications/Xcode.app/Contents/Developer/Platforms/iPhoneSimulator.platform/Developer/Library
    export PLATFORM_DEVELOPER_SDK_DIR\=/Applications/Xcode.app/Contents/Developer/Platforms/iPhoneSimulator.platform/Developer/SDKs
    export PLATFORM_DEVELOPER_TOOLS_DIR\=/Applications/Xcode.app/Contents/Developer/Platforms/iPhoneSimulator.platform/Developer/Tools
    export PLATFORM_DEVELOPER_USR_DIR\=/Applications/Xcode.app/Contents/Developer/Platforms/iPhoneSimulator.platform/Developer/usr
    export PLATFORM_DIR\=/Applications/Xcode.app/Contents/Developer/Platforms/iPhoneSimulator.platform
    export PLATFORM_DISPLAY_NAME\=iOS\ Simulator
    export PLATFORM_FAMILY_NAME\=iOS
    export PLATFORM_NAME\=iphonesimulator
    export PLATFORM_PREFERRED_ARCH\=x86_64
    export PLATFORM_PRODUCT_BUILD_VERSION\=22C146
    export PLIST_FILE_OUTPUT_FORMAT\=binary
    export PODS_BUILD_DIR\=/Users/vivek/Library/Developer/Xcode/DerivedData/dutchvocabbuilder-ekvgrffdbexgzcfvrslzlsvtuhiq/Build/Products
    export PODS_CONFIGURATION_BUILD_DIR\=/Users/vivek/Library/Developer/Xcode/DerivedData/dutchvocabbuilder-ekvgrffdbexgzcfvrslzlsvtuhiq/Build/Products/Debug-iphonesimulator
    export PODS_DEVELOPMENT_LANGUAGE\=en
    export PODS_ROOT\=/Users/vivek/Documents/vide\ coding/antigravity/dutch\ vocab\ builder/dutch-vocab-builder/ios/Pods
    export PODS_TARGET_SRCROOT\=/Users/vivek/Documents/vide\ coding/antigravity/dutch\ vocab\ builder/dutch-vocab-builder/ios/Pods/hermes-engine
    export PODS_XCFRAMEWORKS_BUILD_DIR\=/Users/vivek/Library/Developer/Xcode/DerivedData/dutchvocabbuilder-ekvgrffdbexgzcfvrslzlsvtuhiq/Build/Products/Debug-iphonesimulator/XCFrameworkIntermediates
    export PRECOMPS_INCLUDE_HEADERS_FROM_BUILT_PRODUCTS_DIR\=YES
    export PRECOMP_DESTINATION_DIR\=/Users/vivek/Library/Developer/Xcode/DerivedData/dutchvocabbuilder-ekvgrffdbexgzcfvrslzlsvtuhiq/Build/Intermediates.noindex/Pods.build/Debug-iphonesimulator/hermes-engine.build/PrefixHeaders
    export PROCESSED_INFOPLIST_PATH\=/Users/vivek/Library/Developer/Xcode/DerivedData/dutchvocabbuilder-ekvgrffdbexgzcfvrslzlsvtuhiq/Build/Intermediates.noindex/Pods.build/Debug-iphonesimulator/hermes-engine.build/Objects-normal/undefined_arch/Processed-Info.plist
    export PRODUCT_BUNDLE_IDENTIFIER\=org.cocoapods.hermes-engine
    export PRODUCT_MODULE_NAME\=hermes_engine
    export PRODUCT_NAME\=hermes-engine
    export PRODUCT_SETTINGS_PATH\=
    export PROFILING_CODE\=NO
    export PROJECT\=Pods
    export PROJECT_DERIVED_FILE_DIR\=/Users/vivek/Library/Developer/Xcode/DerivedData/dutchvocabbuilder-ekvgrffdbexgzcfvrslzlsvtuhiq/Build/Intermediates.noindex/Pods.build/DerivedSources
    export PROJECT_DIR\=/Users/vivek/Documents/vide\ coding/antigravity/dutch\ vocab\ builder/dutch-vocab-builder/ios/Pods
    export PROJECT_FILE_PATH\=/Users/vivek/Documents/vide\ coding/antigravity/dutch\ vocab\ builder/dutch-vocab-builder/ios/Pods/Pods.xcodeproj
    export PROJECT_GUID\=8699adb1dd336b26511df848a716bd42
    export PROJECT_NAME\=Pods
    export PROJECT_TEMP_DIR\=/Users/vivek/Library/Developer/Xcode/DerivedData/dutchvocabbuilder-ekvgrffdbexgzcfvrslzlsvtuhiq/Build/Intermediates.noindex/Pods.build
    export PROJECT_TEMP_ROOT\=/Users/vivek/Library/Developer/Xcode/DerivedData/dutchvocabbuilder-ekvgrffdbexgzcfvrslzlsvtuhiq/Build/Intermediates.noindex
    export REACT_NATIVE_PATH\=/Users/vivek/Documents/vide\ coding/antigravity/dutch\ vocab\ builder/dutch-vocab-builder/ios/Pods/../../node_modules/react-native
    export RECOMMENDED_IPHONEOS_DEPLOYMENT_TARGET\=15.0
    export RECURSIVE_SEARCH_PATHS_FOLLOW_SYMLINKS\=YES
    export REMOVE_CVS_FROM_RESOURCES\=YES
    export REMOVE_GIT_FROM_RESOURCES\=YES
    export REMOVE_HEADERS_FROM_EMBEDDED_BUNDLES\=YES
    export REMOVE_HG_FROM_RESOURCES\=YES
    export REMOVE_STATIC_EXECUTABLES_FROM_EMBEDDED_BUNDLES\=YES
    export REMOVE_SVN_FROM_RESOURCES\=YES
    export RESCHEDULE_INDEPENDENT_HEADERS_PHASES\=YES
    export REZ_COLLECTOR_DIR\=/Users/vivek/Library/Developer/Xcode/DerivedData/dutchvocabbuilder-ekvgrffdbexgzcfvrslzlsvtuhiq/Build/Intermediates.noindex/Pods.build/Debug-iphonesimulator/hermes-engine.build/ResourceManagerResources
    export REZ_OBJECTS_DIR\=/Users/vivek/Library/Developer/Xcode/DerivedData/dutchvocabbuilder-ekvgrffdbexgzcfvrslzlsvtuhiq/Build/Intermediates.noindex/Pods.build/Debug-iphonesimulator/hermes-engine.build/ResourceManagerResources/Objects
    export SCAN_ALL_SOURCE_FILES_FOR_INCLUDES\=NO
    export SCRIPT_INPUT_FILE_COUNT\=0
    export SCRIPT_INPUT_FILE_LIST_COUNT\=0
    export SCRIPT_OUTPUT_FILE_COUNT\=0
    export SCRIPT_OUTPUT_FILE_LIST_COUNT\=0
    export SDKROOT\=/Applications/Xcode.app/Contents/Developer/Platforms/iPhoneSimulator.platform/Developer/SDKs/iPhoneSimulator18.2.sdk
    export SDK_DIR\=/Applications/Xcode.app/Contents/Developer/Platforms/iPhoneSimulator.platform/Developer/SDKs/iPhoneSimulator18.2.sdk
    export SDK_DIR_iphonesimulator\=/Applications/Xcode.app/Contents/Developer/Platforms/iPhoneSimulator.platform/Developer/SDKs/iPhoneSimulator18.2.sdk
    export SDK_DIR_iphonesimulator18_2\=/Applications/Xcode.app/Contents/Developer/Platforms/iPhoneSimulator.platform/Developer/SDKs/iPhoneSimulator18.2.sdk
    export SDK_NAME\=iphonesimulator18.2
    export SDK_NAMES\=iphonesimulator18.2
    export SDK_PRODUCT_BUILD_VERSION\=22C146
    export SDK_STAT_CACHE_DIR\=/Users/vivek/Library/Developer/Xcode/DerivedData
    export SDK_STAT_CACHE_ENABLE\=YES
    export SDK_STAT_CACHE_PATH\=/Users/vivek/Library/Developer/Xcode/DerivedData/SDKStatCaches.noindex/iphonesimulator18.2-22C146-07b28473f605e47e75261259d3ef3b5a.sdkstatcache
    export SDK_VERSION\=18.2
    export SDK_VERSION_ACTUAL\=180200
    export SDK_VERSION_MAJOR\=180000
    export SDK_VERSION_MINOR\=180200
    export SED\=/usr/bin/sed
    export SEPARATE_STRIP\=NO
    export SEPARATE_SYMBOL_EDIT\=NO
    export SET_DIR_MODE_OWNER_GROUP\=YES
    export SET_FILE_MODE_OWNER_GROUP\=NO
    export SHALLOW_BUNDLE\=NO
    export SHARED_DERIVED_FILE_DIR\=/Users/vivek/Library/Developer/Xcode/DerivedData/dutchvocabbuilder-ekvgrffdbexgzcfvrslzlsvtuhiq/Build/Products/Debug-iphonesimulator/hermes-engine/DerivedSources
    export SHARED_PRECOMPS_DIR\=/Users/vivek/Library/Developer/Xcode/DerivedData/dutchvocabbuilder-ekvgrffdbexgzcfvrslzlsvtuhiq/Build/Intermediates.noindex/PrecompiledHeaders
    export SKIP_INSTALL\=YES
    export SOURCE_ROOT\=/Users/vivek/Documents/vide\ coding/antigravity/dutch\ vocab\ builder/dutch-vocab-builder/ios/Pods
    export SRCROOT\=/Users/vivek/Documents/vide\ coding/antigravity/dutch\ vocab\ builder/dutch-vocab-builder/ios/Pods
    export STRINGSDATA_DIR\=/Users/vivek/Library/Developer/Xcode/DerivedData/dutchvocabbuilder-ekvgrffdbexgzcfvrslzlsvtuhiq/Build/Intermediates.noindex/Pods.build/Debug-iphonesimulator/hermes-engine.build/Objects-normal/undefined_arch
    export STRINGSDATA_ROOT\=/Users/vivek/Library/Developer/Xcode/DerivedData/dutchvocabbuilder-ekvgrffdbexgzcfvrslzlsvtuhiq/Build/Intermediates.noindex/Pods.build/Debug-iphonesimulator/hermes-engine.build
    export STRINGS_FILE_INFOPLIST_RENAME\=YES
    export STRINGS_FILE_OUTPUT_ENCODING\=binary
    export STRIP_BITCODE_FROM_COPIED_FILES\=NO
    export STRIP_INSTALLED_PRODUCT\=NO
    export STRIP_STYLE\=all
    export STRIP_SWIFT_SYMBOLS\=YES
    export SUPPORTED_DEVICE_FAMILIES\=1,2
    export SUPPORTED_PLATFORMS\=iphoneos\ iphonesimulator
    export SUPPORTS_TEXT_BASED_API\=NO
    export SUPPRESS_WARNINGS\=NO
    export SWIFT_ACTIVE_COMPILATION_CONDITIONS\=\ DEBUG
    export SWIFT_EMIT_LOC_STRINGS\=NO
    export SWIFT_ENABLE_EXPLICIT_MODULES\=NO
    export SWIFT_OPTIMIZATION_LEVEL\=-Onone
    export SWIFT_PLATFORM_TARGET_PREFIX\=ios
    export SWIFT_RESPONSE_FILE_PATH_normal_arm64\=/Users/vivek/Library/Developer/Xcode/DerivedData/dutchvocabbuilder-ekvgrffdbexgzcfvrslzlsvtuhiq/Build/Intermediates.noindex/Pods.build/Debug-iphonesimulator/hermes-engine.build/Objects-normal/arm64/hermes-engine.SwiftFileList
    export SWIFT_VERSION\=5.0
    export SYMROOT\=/Users/vivek/Library/Developer/Xcode/DerivedData/dutchvocabbuilder-ekvgrffdbexgzcfvrslzlsvtuhiq/Build/Products
    export SYSTEM_ADMIN_APPS_DIR\=/Applications/Utilities
    export SYSTEM_APPS_DIR\=/Applications
    export SYSTEM_CORE_SERVICES_DIR\=/System/Library/CoreServices
    export SYSTEM_DEMOS_DIR\=/Applications/Extras
    export SYSTEM_DEVELOPER_APPS_DIR\=/Applications/Xcode.app/Contents/Developer/Applications
    export SYSTEM_DEVELOPER_BIN_DIR\=/Applications/Xcode.app/Contents/Developer/usr/bin
    export SYSTEM_DEVELOPER_DEMOS_DIR\=/Applications/Xcode.app/Contents/Developer/Applications/Utilities/Built\ Examples
    export SYSTEM_DEVELOPER_DIR\=/Applications/Xcode.app/Contents/Developer
    export SYSTEM_DEVELOPER_DOC_DIR\=/Applications/Xcode.app/Contents/Developer/ADC\ Reference\ Library
    export SYSTEM_DEVELOPER_GRAPHICS_TOOLS_DIR\=/Applications/Xcode.app/Contents/Developer/Applications/Graphics\ Tools
    export SYSTEM_DEVELOPER_JAVA_TOOLS_DIR\=/Applications/Xcode.app/Contents/Developer/Applications/Java\ Tools
    export SYSTEM_DEVELOPER_PERFORMANCE_TOOLS_DIR\=/Applications/Xcode.app/Contents/Developer/Applications/Performance\ Tools
    export SYSTEM_DEVELOPER_RELEASENOTES_DIR\=/Applications/Xcode.app/Contents/Developer/ADC\ Reference\ Library/releasenotes
    export SYSTEM_DEVELOPER_TOOLS\=/Applications/Xcode.app/Contents/Developer/Tools
    export SYSTEM_DEVELOPER_TOOLS_DOC_DIR\=/Applications/Xcode.app/Contents/Developer/ADC\ Reference\ Library/documentation/DeveloperTools
    export SYSTEM_DEVELOPER_TOOLS_RELEASENOTES_DIR\=/Applications/Xcode.app/Contents/Developer/ADC\ Reference\ Library/releasenotes/DeveloperTools
    export SYSTEM_DEVELOPER_USR_DIR\=/Applications/Xcode.app/Contents/Developer/usr
    export SYSTEM_DEVELOPER_UTILITIES_DIR\=/Applications/Xcode.app/Contents/Developer/Applications/Utilities
    export SYSTEM_DEXT_INSTALL_PATH\=/System/Library/DriverExtensions
    export SYSTEM_DOCUMENTATION_DIR\=/Library/Documentation
    export SYSTEM_KEXT_INSTALL_PATH\=/System/Library/Extensions
    export SYSTEM_LIBRARY_DIR\=/System/Library
    export TAPI_DEMANGLE\=YES
    export TAPI_ENABLE_PROJECT_HEADERS\=NO
    export TAPI_LANGUAGE\=objective-c
    export TAPI_LANGUAGE_STANDARD\=compiler-default
    export TAPI_USE_SRCROOT\=YES
    export TAPI_VERIFY_MODE\=Pedantic
    export TARGETED_DEVICE_FAMILY\=1,2
    export TARGETNAME\=hermes-engine
    export TARGET_BUILD_DIR\=/Users/vivek/Library/Developer/Xcode/DerivedData/dutchvocabbuilder-ekvgrffdbexgzcfvrslzlsvtuhiq/Build/Products/Debug-iphonesimulator/hermes-engine
    export TARGET_DEVICE_IDENTIFIER\=26CBEFC5-7D3A-41B2-B7D6-D5F9CE78E77D
    export TARGET_DEVICE_MODEL\=iPhone17,3
    export TARGET_DEVICE_OS_VERSION\=18.3.1
    export TARGET_DEVICE_PLATFORM_NAME\=iphonesimulator
    export TARGET_NAME\=hermes-engine
    export TARGET_TEMP_DIR\=/Users/vivek/Library/Developer/Xcode/DerivedData/dutchvocabbuilder-ekvgrffdbexgzcfvrslzlsvtuhiq/Build/Intermediates.noindex/Pods.build/Debug-iphonesimulator/hermes-engine.build
    export TEMP_DIR\=/Users/vivek/Library/Developer/Xcode/DerivedData/dutchvocabbuilder-ekvgrffdbexgzcfvrslzlsvtuhiq/Build/Intermediates.noindex/Pods.build/Debug-iphonesimulator/hermes-engine.build
    export TEMP_FILES_DIR\=/Users/vivek/Library/Developer/Xcode/DerivedData/dutchvocabbuilder-ekvgrffdbexgzcfvrslzlsvtuhiq/Build/Intermediates.noindex/Pods.build/Debug-iphonesimulator/hermes-engine.build
    export TEMP_FILE_DIR\=/Users/vivek/Library/Developer/Xcode/DerivedData/dutchvocabbuilder-ekvgrffdbexgzcfvrslzlsvtuhiq/Build/Intermediates.noindex/Pods.build/Debug-iphonesimulator/hermes-engine.build
    export TEMP_ROOT\=/Users/vivek/Library/Developer/Xcode/DerivedData/dutchvocabbuilder-ekvgrffdbexgzcfvrslzlsvtuhiq/Build/Intermediates.noindex
    export TEST_FRAMEWORK_SEARCH_PATHS\=\ /Applications/Xcode.app/Contents/Developer/Platforms/iPhoneSimulator.platform/Developer/Library/Frameworks\ /Applications/Xcode.app/Contents/Developer/Platforms/iPhoneSimulator.platform/Developer/SDKs/iPhoneSimulator18.2.sdk/Developer/Library/Frameworks
    export TEST_LIBRARY_SEARCH_PATHS\=\ /Applications/Xcode.app/Contents/Developer/Platforms/iPhoneSimulator.platform/Developer/usr/lib
    export TOOLCHAINS\=com.apple.dt.toolchain.XcodeDefault
    export TOOLCHAIN_DIR\=/Applications/Xcode.app/Contents/Developer/Toolchains/XcodeDefault.xctoolchain
    export TREAT_MISSING_BASELINES_AS_TEST_FAILURES\=NO
    export TREAT_MISSING_SCRIPT_PHASE_OUTPUTS_AS_ERRORS\=NO
    export UID\=501
    export UNINSTALLED_PRODUCTS_DIR\=/Users/vivek/Library/Developer/Xcode/DerivedData/dutchvocabbuilder-ekvgrffdbexgzcfvrslzlsvtuhiq/Build/Intermediates.noindex/UninstalledProducts
    export UNSTRIPPED_PRODUCT\=NO
    export USER\=vivek
    export USER_APPS_DIR\=/Users/vivek/Applications
    export USER_LIBRARY_DIR\=/Users/vivek/Library
    export USE_DYNAMIC_NO_PIC\=YES
    export USE_HEADERMAP\=YES
    export USE_HEADER_SYMLINKS\=NO
    export USE_HERMES\=true
    export USE_RECURSIVE_SCRIPT_INPUTS_IN_SCRIPT_PHASES\=YES
    export VALIDATE_DEVELOPMENT_ASSET_PATHS\=YES_ERROR
    export VALIDATE_PRODUCT\=NO
    export VALID_ARCHS\=arm64\ arm64e\ i386\ x86_64
    export VERBOSE_PBXCP\=NO
    export VERSION_INFO_BUILDER\=vivek
    export VERSION_INFO_FILE\=hermes-engine_vers.c
    export VERSION_INFO_STRING\=\"@\(\#\)PROGRAM:hermes-engine\ \ PROJECT:Pods-\"
    export WORKSPACE_DIR\=/Users/vivek/Documents/vide\ coding/antigravity/dutch\ vocab\ builder/dutch-vocab-builder/ios
    export WRAP_ASSET_PACKS_IN_SEPARATE_DIRECTORIES\=NO
    export XCODE_APP_SUPPORT_DIR\=/Applications/Xcode.app/Contents/Developer/Library/Xcode
    export XCODE_PRODUCT_BUILD_VERSION\=16C5032a
    export XCODE_VERSION_ACTUAL\=1620
    export XCODE_VERSION_MAJOR\=1600
    export XCODE_VERSION_MINOR\=1620
    export XPCSERVICES_FOLDER_PATH\=/XPCServices
    export YACC\=yacc
    export arch\=undefined_arch
    export variant\=normal
    /bin/sh -c /Users/vivek/Library/Developer/Xcode/DerivedData/dutchvocabbuilder-ekvgrffdbexgzcfvrslzlsvtuhiq/Build/Intermediates.noindex/Pods.build/Debug-iphonesimulator/hermes-engine.build/Script-46EB2E0001F850.sh
Node found at: /usr/local/bin/node
No previous build detected, but Debug Configuration. No need to replace Hermes engine

PhaseScriptExecution [CP-User]\ [RNDeps]\ Replace\ React\ Native\ Dependencies\ for\ the\ right\ configuration,\ if\ needed /Users/vivek/Library/Developer/Xcode/DerivedData/dutchvocabbuilder-ekvgrffdbexgzcfvrslzlsvtuhiq/Build/Intermediates.noindex/Pods.build/Debug-iphonesimulator/ReactNativeDependencies.build/Script-46EB2E0001F830.sh (in target 'ReactNativeDependencies' from project 'Pods')
    cd /Users/vivek/Documents/vide\ coding/antigravity/dutch\ vocab\ builder/dutch-vocab-builder/ios/Pods
    export ACTION\=build
    export AD_HOC_CODE_SIGNING_ALLOWED\=YES
    export ALLOW_BUILD_REQUEST_OVERRIDES\=NO
    export ALLOW_TARGET_PLATFORM_SPECIALIZATION\=NO
    export ALTERNATE_GROUP\=staff
    export ALTERNATE_MODE\=u+w,go-w,a+rX
    export ALTERNATE_OWNER\=vivek
    export ALTERNATIVE_DISTRIBUTION_WEB\=NO
    export ALWAYS_EMBED_SWIFT_STANDARD_LIBRARIES\=NO
    export ALWAYS_SEARCH_USER_PATHS\=NO
    export ALWAYS_USE_SEPARATE_HEADERMAPS\=NO
    export APPLE_INTERNAL_DEVELOPER_DIR\=/AppleInternal/Developer
    export APPLE_INTERNAL_DIR\=/AppleInternal
    export APPLE_INTERNAL_DOCUMENTATION_DIR\=/AppleInternal/Documentation
    export APPLE_INTERNAL_LIBRARY_DIR\=/AppleInternal/Library
    export APPLE_INTERNAL_TOOLS\=/AppleInternal/Developer/Tools
    export APPLICATION_EXTENSION_API_ONLY\=NO
    export APPLY_RULES_IN_COPY_FILES\=NO
    export APPLY_RULES_IN_COPY_HEADERS\=NO
    export APP_SHORTCUTS_ENABLE_FLEXIBLE_MATCHING\=YES
    export ARCHS\=arm64
    export ARCHS_STANDARD\=arm64\ x86_64
    export ARCHS_STANDARD_32_64_BIT\=arm64\ i386\ x86_64
    export ARCHS_STANDARD_32_BIT\=i386
    export ARCHS_STANDARD_64_BIT\=arm64\ x86_64
    export ARCHS_STANDARD_INCLUDING_64_BIT\=arm64\ x86_64
    export ARCHS_UNIVERSAL_IPHONE_OS\=arm64\ i386\ x86_64
    export ASSETCATALOG_COMPILER_APPICON_NAME\=AppIcon
    export ASSETCATALOG_COMPILER_GENERATE_ASSET_SYMBOLS\=YES
    export ASSETCATALOG_COMPILER_GLOBAL_ACCENT_COLOR_NAME\=AccentColor
    export ASSETCATALOG_FILTER_FOR_DEVICE_MODEL\=iPhone17,3
    export ASSETCATALOG_FILTER_FOR_DEVICE_OS_VERSION\=18.3.1
    export ASSETCATALOG_FILTER_FOR_THINNING_DEVICE_CONFIGURATION\=iPhone17,3
    export AUTOMATICALLY_MERGE_DEPENDENCIES\=NO
    export AVAILABLE_PLATFORMS\=appletvos\ appletvsimulator\ driverkit\ iphoneos\ iphonesimulator\ macosx\ watchos\ watchsimulator\ xros\ xrsimulator
    export BITCODE_GENERATION_MODE\=marker
    export BUILD_ACTIVE_RESOURCES_ONLY\=YES
    export BUILD_COMPONENTS\=headers\ build
    export BUILD_DIR\=/Users/vivek/Library/Developer/Xcode/DerivedData/dutchvocabbuilder-ekvgrffdbexgzcfvrslzlsvtuhiq/Build/Products
    export BUILD_LIBRARY_FOR_DISTRIBUTION\=NO
    export BUILD_ROOT\=/Users/vivek/Library/Developer/Xcode/DerivedData/dutchvocabbuilder-ekvgrffdbexgzcfvrslzlsvtuhiq/Build/Products
    export BUILD_STYLE\=
    export BUILD_VARIANTS\=normal
    export BUILT_PRODUCTS_DIR\=/Users/vivek/Library/Developer/Xcode/DerivedData/dutchvocabbuilder-ekvgrffdbexgzcfvrslzlsvtuhiq/Build/Products/Debug-iphonesimulator/ReactNativeDependencies
    export BUNDLE_CONTENTS_FOLDER_PATH_deep\=Contents/
    export BUNDLE_EXECUTABLE_FOLDER_NAME_deep\=MacOS
    export BUNDLE_EXTENSIONS_FOLDER_PATH\=Extensions
    export BUNDLE_FORMAT\=shallow
    export BUNDLE_FRAMEWORKS_FOLDER_PATH\=Frameworks
    export BUNDLE_PLUGINS_FOLDER_PATH\=PlugIns
    export BUNDLE_PRIVATE_HEADERS_FOLDER_PATH\=PrivateHeaders
    export BUNDLE_PUBLIC_HEADERS_FOLDER_PATH\=Headers
    export CACHE_ROOT\=/var/folders/kv/kwypt64n4194rht2wdsgvgcm0000gn/C/com.apple.DeveloperTools/16.2-16C5032a/Xcode
    export CCHROOT\=/var/folders/kv/kwypt64n4194rht2wdsgvgcm0000gn/C/com.apple.DeveloperTools/16.2-16C5032a/Xcode
    export CHMOD\=/bin/chmod
    export CHOWN\=/usr/sbin/chown
    export CLANG_ANALYZER_LOCALIZABILITY_NONLOCALIZED\=YES
    export CLANG_ANALYZER_NONNULL\=YES
    export CLANG_ANALYZER_NUMBER_OBJECT_CONVERSION\=YES_AGGRESSIVE
    export CLANG_CACHE_FINE_GRAINED_OUTPUTS\=YES
    export CLANG_CXX_LANGUAGE_STANDARD\=c++20
    export CLANG_CXX_LIBRARY\=libc++
    export CLANG_ENABLE_EXPLICIT_MODULES\=YES
    export CLANG_ENABLE_MODULES\=YES
    export CLANG_ENABLE_OBJC_ARC\=YES
    export CLANG_ENABLE_OBJC_WEAK\=NO
    export CLANG_MODULES_BUILD_SESSION_FILE\=/Users/vivek/Library/Developer/Xcode/DerivedData/ModuleCache.noindex/Session.modulevalidation
    export CLANG_WARN_BLOCK_CAPTURE_AUTORELEASING\=YES
    export CLANG_WARN_BOOL_CONVERSION\=YES
    export CLANG_WARN_COMMA\=YES
    export CLANG_WARN_CONSTANT_CONVERSION\=YES
    export CLANG_WARN_DEPRECATED_OBJC_IMPLEMENTATIONS\=YES
    export CLANG_WARN_DIRECT_OBJC_ISA_USAGE\=YES_ERROR
    export CLANG_WARN_DOCUMENTATION_COMMENTS\=YES
    export CLANG_WARN_EMPTY_BODY\=YES
    export CLANG_WARN_ENUM_CONVERSION\=YES
    export CLANG_WARN_INFINITE_RECURSION\=YES
    export CLANG_WARN_INT_CONVERSION\=YES
    export CLANG_WARN_NON_LITERAL_NULL_CONVERSION\=YES
    export CLANG_WARN_OBJC_IMPLICIT_RETAIN_SELF\=YES
    export CLANG_WARN_OBJC_LITERAL_CONVERSION\=YES
    export CLANG_WARN_OBJC_ROOT_CLASS\=YES_ERROR
    export CLANG_WARN_QUOTED_INCLUDE_IN_FRAMEWORK_HEADER\=NO
    export CLANG_WARN_RANGE_LOOP_ANALYSIS\=YES
    export CLANG_WARN_STRICT_PROTOTYPES\=YES
    export CLANG_WARN_SUSPICIOUS_MOVE\=YES
    export CLANG_WARN_UNGUARDED_AVAILABILITY\=YES_AGGRESSIVE
    export CLANG_WARN_UNREACHABLE_CODE\=YES
    export CLANG_WARN__DUPLICATE_METHOD_MATCH\=YES
    export CLASS_FILE_DIR\=/Users/vivek/Library/Developer/Xcode/DerivedData/dutchvocabbuilder-ekvgrffdbexgzcfvrslzlsvtuhiq/Build/Intermediates.noindex/Pods.build/Debug-iphonesimulator/ReactNativeDependencies.build/JavaClasses
    export CLEAN_PRECOMPS\=YES
    export CLONE_HEADERS\=NO
    export CODESIGNING_FOLDER_PATH\=/Users/vivek/Library/Developer/Xcode/DerivedData/dutchvocabbuilder-ekvgrffdbexgzcfvrslzlsvtuhiq/Build/Products/Debug-iphonesimulator/ReactNativeDependencies/
    export CODE_SIGNING_ALLOWED\=NO
    export CODE_SIGNING_REQUIRED\=YES
    export CODE_SIGN_CONTEXT_CLASS\=XCiPhoneSimulatorCodeSignContext
    export CODE_SIGN_IDENTITY\=-
    export CODE_SIGN_INJECT_BASE_ENTITLEMENTS\=YES
    export COLOR_DIAGNOSTICS\=NO
    export COMBINE_HIDPI_IMAGES\=NO
    export COMPILATION_CACHE_CAS_PATH\=/Users/vivek/Library/Developer/Xcode/DerivedData/CompilationCache.noindex
    export COMPILATION_CACHE_KEEP_CAS_DIRECTORY\=YES
    export COMPILER_INDEX_STORE_ENABLE\=Default
    export COMPOSITE_SDK_DIRS\=/Users/vivek/Library/Developer/Xcode/DerivedData/dutchvocabbuilder-ekvgrffdbexgzcfvrslzlsvtuhiq/Build/Intermediates.noindex/CompositeSDKs
    export COMPRESS_PNG_FILES\=YES
    export CONFIGURATION\=Debug
    export CONFIGURATION_BUILD_DIR\=/Users/vivek/Library/Developer/Xcode/DerivedData/dutchvocabbuilder-ekvgrffdbexgzcfvrslzlsvtuhiq/Build/Products/Debug-iphonesimulator/ReactNativeDependencies
    export CONFIGURATION_TEMP_DIR\=/Users/vivek/Library/Developer/Xcode/DerivedData/dutchvocabbuilder-ekvgrffdbexgzcfvrslzlsvtuhiq/Build/Intermediates.noindex/Pods.build/Debug-iphonesimulator
    export COPYING_PRESERVES_HFS_DATA\=NO
    export COPY_HEADERS_RUN_UNIFDEF\=NO
    export COPY_PHASE_STRIP\=NO
    export CORRESPONDING_DEVICE_PLATFORM_DIR\=/Applications/Xcode.app/Contents/Developer/Platforms/iPhoneOS.platform
    export CORRESPONDING_DEVICE_PLATFORM_NAME\=iphoneos
    export CORRESPONDING_DEVICE_SDK_DIR\=/Applications/Xcode.app/Contents/Developer/Platforms/iPhoneOS.platform/Developer/SDKs/iPhoneOS18.2.sdk
    export CORRESPONDING_DEVICE_SDK_NAME\=iphoneos18.2
    export CP\=/bin/cp
    export CREATE_INFOPLIST_SECTION_IN_BINARY\=NO
    export CURRENT_ARCH\=undefined_arch
    export CURRENT_VARIANT\=normal
    export DEAD_CODE_STRIPPING\=YES
    export DEBUGGING_SYMBOLS\=YES
    export DEBUG_INFORMATION_FORMAT\=dwarf
    export DEBUG_INFORMATION_VERSION\=compiler-default
    export DEFAULT_COMPILER\=com.apple.compilers.llvm.clang.1_0
    export DEFAULT_DEXT_INSTALL_PATH\=/System/Library/DriverExtensions
    export DEFAULT_KEXT_INSTALL_PATH\=/System/Library/Extensions
    export DEFINES_MODULE\=NO
    export DEPLOYMENT_LOCATION\=NO
    export DEPLOYMENT_POSTPROCESSING\=NO
    export DEPLOYMENT_TARGET_SETTING_NAME\=IPHONEOS_DEPLOYMENT_TARGET
    export DEPLOYMENT_TARGET_SUGGESTED_VALUES\=12.0\ 12.1\ 12.2\ 12.3\ 12.4\ 13.0\ 13.1\ 13.2\ 13.3\ 13.4\ 13.5\ 13.6\ 14.0\ 14.1\ 14.2\ 14.3\ 14.4\ 14.5\ 14.6\ 14.7\ 15.0\ 15.1\ 15.2\ 15.3\ 15.4\ 15.5\ 15.6\ 16.0\ 16.1\ 16.2\ 16.3\ 16.4\ 16.5\ 16.6\ 17.0\ 17.1\ 17.2\ 17.3\ 17.4\ 17.5\ 17.6\ 18.0\ 18.1\ 18.2
    export DERIVED_FILES_DIR\=/Users/vivek/Library/Developer/Xcode/DerivedData/dutchvocabbuilder-ekvgrffdbexgzcfvrslzlsvtuhiq/Build/Intermediates.noindex/Pods.build/Debug-iphonesimulator/ReactNativeDependencies.build/DerivedSources
    export DERIVED_FILE_DIR\=/Users/vivek/Library/Developer/Xcode/DerivedData/dutchvocabbuilder-ekvgrffdbexgzcfvrslzlsvtuhiq/Build/Intermediates.noindex/Pods.build/Debug-iphonesimulator/ReactNativeDependencies.build/DerivedSources
    export DERIVED_SOURCES_DIR\=/Users/vivek/Library/Developer/Xcode/DerivedData/dutchvocabbuilder-ekvgrffdbexgzcfvrslzlsvtuhiq/Build/Intermediates.noindex/Pods.build/Debug-iphonesimulator/ReactNativeDependencies.build/DerivedSources
    export DEVELOPER_APPLICATIONS_DIR\=/Applications/Xcode.app/Contents/Developer/Applications
    export DEVELOPER_BIN_DIR\=/Applications/Xcode.app/Contents/Developer/usr/bin
    export DEVELOPER_DIR\=/Applications/Xcode.app/Contents/Developer
    export DEVELOPER_FRAMEWORKS_DIR\=/Applications/Xcode.app/Contents/Developer/Library/Frameworks
    export DEVELOPER_FRAMEWORKS_DIR_QUOTED\=/Applications/Xcode.app/Contents/Developer/Library/Frameworks
    export DEVELOPER_LIBRARY_DIR\=/Applications/Xcode.app/Contents/Developer/Library
    export DEVELOPER_SDK_DIR\=/Applications/Xcode.app/Contents/Developer/Platforms/MacOSX.platform/Developer/SDKs
    export DEVELOPER_TOOLS_DIR\=/Applications/Xcode.app/Contents/Developer/Tools
    export DEVELOPER_USR_DIR\=/Applications/Xcode.app/Contents/Developer/usr
    export DEVELOPMENT_LANGUAGE\=en
    export DIFF\=/usr/bin/diff
    export DONT_GENERATE_INFOPLIST_FILE\=NO
    export DSTROOT\=/tmp/Pods.dst
    export DT_TOOLCHAIN_DIR\=/Applications/Xcode.app/Contents/Developer/Toolchains/XcodeDefault.xctoolchain
    export DWARF_DSYM_FILE_NAME\=.dSYM
    export DWARF_DSYM_FILE_SHOULD_ACCOMPANY_PRODUCT\=NO
    export DWARF_DSYM_FOLDER_PATH\=/Users/vivek/Library/Developer/Xcode/DerivedData/dutchvocabbuilder-ekvgrffdbexgzcfvrslzlsvtuhiq/Build/Products/Debug-iphonesimulator/ReactNativeDependencies
    export DYNAMIC_LIBRARY_EXTENSION\=dylib
    export EAGER_COMPILATION_ALLOW_SCRIPTS\=NO
    export EAGER_LINKING\=NO
    export EFFECTIVE_PLATFORM_NAME\=-iphonesimulator
    export EMBEDDED_CONTENT_CONTAINS_SWIFT\=NO
    export EMBED_ASSET_PACKS_IN_PRODUCT_BUNDLE\=NO
    export ENABLE_APP_SANDBOX\=NO
    export ENABLE_BITCODE\=NO
    export ENABLE_CODE_COVERAGE\=YES
    export ENABLE_DEFAULT_HEADER_SEARCH_PATHS\=YES
    export ENABLE_DEFAULT_SEARCH_PATHS\=YES
    export ENABLE_HARDENED_RUNTIME\=NO
    export ENABLE_HEADER_DEPENDENCIES\=YES
    export ENABLE_ON_DEMAND_RESOURCES\=NO
    export ENABLE_PREVIEWS\=NO
    export ENABLE_STRICT_OBJC_MSGSEND\=YES
    export ENABLE_TESTABILITY\=YES
    export ENABLE_TESTING_SEARCH_PATHS\=NO
    export ENABLE_USER_SCRIPT_SANDBOXING\=NO
    export ENABLE_XOJIT_PREVIEWS\=YES
    export ENTITLEMENTS_DESTINATION\=__entitlements
    export ENTITLEMENTS_REQUIRED\=YES
    export EXCLUDED_INSTALLSRC_SUBDIRECTORY_PATTERNS\=.DS_Store\ .svn\ .git\ .hg\ CVS
    export EXCLUDED_RECURSIVE_SEARCH_PATH_SUBDIRECTORIES\=\*.nib\ \*.lproj\ \*.framework\ \*.gch\ \*.xcode\*\ \*.xcassets\ \(\*\)\ .DS_Store\ CVS\ .svn\ .git\ .hg\ \*.pbproj\ \*.pbxproj
    export FILE_LIST\=/Users/vivek/Library/Developer/Xcode/DerivedData/dutchvocabbuilder-ekvgrffdbexgzcfvrslzlsvtuhiq/Build/Intermediates.noindex/Pods.build/Debug-iphonesimulator/ReactNativeDependencies.build/Objects/LinkFileList
    export FIXED_FILES_DIR\=/Users/vivek/Library/Developer/Xcode/DerivedData/dutchvocabbuilder-ekvgrffdbexgzcfvrslzlsvtuhiq/Build/Intermediates.noindex/Pods.build/Debug-iphonesimulator/ReactNativeDependencies.build/FixedFiles
    export FRAMEWORK_SEARCH_PATHS\=\ \"/Users/vivek/Documents/vide\ coding/antigravity/dutch\ vocab\ builder/dutch-vocab-builder/ios/Pods/ReactNativeDependencies/framework/packages/react-native\"\ \"/Users/vivek/Library/Developer/Xcode/DerivedData/dutchvocabbuilder-ekvgrffdbexgzcfvrslzlsvtuhiq/Build/Products/Debug-iphonesimulator/XCFrameworkIntermediates/ReactNativeDependencies\"
    export FRAMEWORK_VERSION\=A
    export FUSE_BUILD_PHASES\=YES
    export FUSE_BUILD_SCRIPT_PHASES\=NO
    export GCC3_VERSION\=3.3
    export GCC_C_LANGUAGE_STANDARD\=gnu11
    export GCC_DYNAMIC_NO_PIC\=NO
    export GCC_NO_COMMON_BLOCKS\=YES
    export GCC_OBJC_LEGACY_DISPATCH\=YES
    export GCC_OPTIMIZATION_LEVEL\=0
    export GCC_PFE_FILE_C_DIALECTS\=c\ objective-c\ c++\ objective-c++
    export GCC_PREPROCESSOR_DEFINITIONS\=POD_CONFIGURATION_DEBUG\=1\ DEBUG\=1\ \ COCOAPODS\=1
    export GCC_TREAT_WARNINGS_AS_ERRORS\=NO
    export GCC_VERSION\=com.apple.compilers.llvm.clang.1_0
    export GCC_VERSION_IDENTIFIER\=com_apple_compilers_llvm_clang_1_0
    export GCC_WARN_64_TO_32_BIT_CONVERSION\=YES
    export GCC_WARN_ABOUT_RETURN_TYPE\=YES_ERROR
    export GCC_WARN_UNDECLARED_SELECTOR\=YES
    export GCC_WARN_UNINITIALIZED_AUTOS\=YES_AGGRESSIVE
    export GCC_WARN_UNUSED_FUNCTION\=YES
    export GCC_WARN_UNUSED_VARIABLE\=YES
    export GENERATED_MODULEMAP_DIR\=/Users/vivek/Library/Developer/Xcode/DerivedData/dutchvocabbuilder-ekvgrffdbexgzcfvrslzlsvtuhiq/Build/Intermediates.noindex/GeneratedModuleMaps-iphonesimulator
    export GENERATE_INFOPLIST_FILE\=NO
    export GENERATE_INTERMEDIATE_TEXT_BASED_STUBS\=YES
    export GENERATE_MASTER_OBJECT_FILE\=NO
    export GENERATE_PKGINFO_FILE\=NO
    export GENERATE_PROFILING_CODE\=NO
    export GENERATE_TEXT_BASED_STUBS\=NO
    export GID\=20
    export GROUP\=staff
    export HEADERMAP_INCLUDES_FLAT_ENTRIES_FOR_TARGET_BEING_BUILT\=YES
    export HEADERMAP_INCLUDES_FRAMEWORK_ENTRIES_FOR_ALL_PRODUCT_TYPES\=YES
    export HEADERMAP_INCLUDES_FRAMEWORK_ENTRIES_FOR_TARGETS_NOT_BEING_BUILT\=YES
    export HEADERMAP_INCLUDES_NONPUBLIC_NONPRIVATE_HEADERS\=YES
    export HEADERMAP_INCLUDES_PROJECT_HEADERS\=YES
    export HEADERMAP_USES_FRAMEWORK_PREFIX_ENTRIES\=YES
    export HEADERMAP_USES_VFS\=NO
    export HEADER_SEARCH_PATHS\=\ \"/Users/vivek/Documents/vide\ coding/antigravity/dutch\ vocab\ builder/dutch-vocab-builder/ios/Pods/Headers/Private\"\ \"/Users/vivek/Documents/vide\ coding/antigravity/dutch\ vocab\ builder/dutch-vocab-builder/ios/Pods/Headers/Private/ReactNativeDependencies\"\ \"/Users/vivek/Documents/vide\ coding/antigravity/dutch\ vocab\ builder/dutch-vocab-builder/ios/Pods/Headers/Public\"\ \"/Users/vivek/Documents/vide\ coding/antigravity/dutch\ vocab\ builder/dutch-vocab-builder/ios/Pods/Headers/Public/ReactNativeDependencies\"
    export HIDE_BITCODE_SYMBOLS\=YES
    export HOME\=/Users/vivek
    export HOST_ARCH\=arm64
    export HOST_PLATFORM\=macosx
    export ICONV\=/usr/bin/iconv
    export IMPLICIT_DEPENDENCY_DOMAIN\=default
    export INFOPLIST_ENABLE_CFBUNDLEICONS_MERGE\=YES
    export INFOPLIST_EXPAND_BUILD_SETTINGS\=YES
    export INFOPLIST_OUTPUT_FORMAT\=binary
    export INFOPLIST_PREPROCESS\=NO
    export INLINE_PRIVATE_FRAMEWORKS\=NO
    export INSTALLHDRS_COPY_PHASE\=NO
    export INSTALLHDRS_SCRIPT_PHASE\=NO
    export INSTALL_DIR\=/tmp/Pods.dst
    export INSTALL_GROUP\=staff
    export INSTALL_MODE_FLAG\=u+w,go-w,a+rX
    export INSTALL_OWNER\=vivek
    export INSTALL_ROOT\=/tmp/Pods.dst
    export IPHONEOS_DEPLOYMENT_TARGET\=15.1
    export IS_UNOPTIMIZED_BUILD\=YES
    export JAVAC_DEFAULT_FLAGS\=-J-Xms64m\ -J-XX:NewSize\=4M\ -J-Dfile.encoding\=UTF8
    export JAVA_APP_STUB\=/System/Library/Frameworks/JavaVM.framework/Resources/MacOS/JavaApplicationStub
    export JAVA_ARCHIVE_CLASSES\=YES
    export JAVA_ARCHIVE_TYPE\=JAR
    export JAVA_COMPILER\=/usr/bin/javac
    export JAVA_FRAMEWORK_RESOURCES_DIRS\=Resources
    export JAVA_JAR_FLAGS\=cv
    export JAVA_SOURCE_SUBDIR\=.
    export JAVA_USE_DEPENDENCIES\=YES
    export JAVA_ZIP_FLAGS\=-urg
    export JIKES_DEFAULT_FLAGS\=+E\ +OLDCSO
    export KEEP_PRIVATE_EXTERNS\=NO
    export LD_DEPENDENCY_INFO_FILE\=/Users/vivek/Library/Developer/Xcode/DerivedData/dutchvocabbuilder-ekvgrffdbexgzcfvrslzlsvtuhiq/Build/Intermediates.noindex/Pods.build/Debug-iphonesimulator/ReactNativeDependencies.build/Objects-normal/undefined_arch/ReactNativeDependencies_dependency_info.dat
    export LD_EXPORT_SYMBOLS\=YES
    export LD_GENERATE_MAP_FILE\=NO
    export LD_MAP_FILE_PATH\=/Users/vivek/Library/Developer/Xcode/DerivedData/dutchvocabbuilder-ekvgrffdbexgzcfvrslzlsvtuhiq/Build/Intermediates.noindex/Pods.build/Debug-iphonesimulator/ReactNativeDependencies.build/ReactNativeDependencies-LinkMap-normal-undefined_arch.txt
    export LD_NO_PIE\=NO
    export LD_QUOTE_LINKER_ARGUMENTS_FOR_COMPILER_DRIVER\=YES
    export LD_RUNPATH_SEARCH_PATHS\=\ @executable_path/Frameworks
    export LD_SHARED_CACHE_ELIGIBLE\=Automatic
    export LD_WARN_DUPLICATE_LIBRARIES\=NO
    export LD_WARN_UNUSED_DYLIBS\=NO
    export LEGACY_DEVELOPER_DIR\=/Applications/Xcode.app/Contents/PlugIns/Xcode3Core.ideplugin/Contents/SharedSupport/Developer
    export LEX\=lex
    export LIBRARY_DEXT_INSTALL_PATH\=/Library/DriverExtensions
    export LIBRARY_FLAG_NOSPACE\=YES
    export LIBRARY_KEXT_INSTALL_PATH\=/Library/Extensions
    export LINKER_DISPLAYS_MANGLED_NAMES\=NO
    export LINK_FILE_LIST_normal_arm64\=/Users/vivek/Library/Developer/Xcode/DerivedData/dutchvocabbuilder-ekvgrffdbexgzcfvrslzlsvtuhiq/Build/Intermediates.noindex/Pods.build/Debug-iphonesimulator/ReactNativeDependencies.build/Objects-normal/arm64/ReactNativeDependencies.LinkFileList
    export LINK_OBJC_RUNTIME\=YES
    export LINK_WITH_STANDARD_LIBRARIES\=YES
    export LLVM_TARGET_TRIPLE_OS_VERSION\=ios15.1
    export LLVM_TARGET_TRIPLE_SUFFIX\=-simulator
    export LLVM_TARGET_TRIPLE_VENDOR\=apple
    export LM_AUX_CONST_METADATA_LIST_PATH_normal_arm64\=/Users/vivek/Library/Developer/Xcode/DerivedData/dutchvocabbuilder-ekvgrffdbexgzcfvrslzlsvtuhiq/Build/Intermediates.noindex/Pods.build/Debug-iphonesimulator/ReactNativeDependencies.build/Objects-normal/arm64/ReactNativeDependencies.SwiftConstValuesFileList
    export LOCALIZATION_EXPORT_SUPPORTED\=YES
    export LOCALIZATION_PREFERS_STRING_CATALOGS\=NO
    export LOCALIZED_STRING_MACRO_NAMES\=NSLocalizedString\ CFCopyLocalizedString
    export LOCALIZED_STRING_SWIFTUI_SUPPORT\=YES
    export LOCAL_ADMIN_APPS_DIR\=/Applications/Utilities
    export LOCAL_APPS_DIR\=/Applications
    export LOCAL_DEVELOPER_DIR\=/Library/Developer
    export LOCAL_LIBRARY_DIR\=/Library
    export LOCROOT\=/Users/vivek/Documents/vide\ coding/antigravity/dutch\ vocab\ builder/dutch-vocab-builder/ios/Pods
    export LOCSYMROOT\=/Users/vivek/Documents/vide\ coding/antigravity/dutch\ vocab\ builder/dutch-vocab-builder/ios/Pods
    export MAC_OS_X_PRODUCT_BUILD_VERSION\=24G90
    export MAC_OS_X_VERSION_ACTUAL\=150601
    export MAC_OS_X_VERSION_MAJOR\=150000
    export MAC_OS_X_VERSION_MINOR\=150600
    export MAKE_MERGEABLE\=NO
    export MERGEABLE_LIBRARY\=NO
    export MERGED_BINARY_TYPE\=none
    export MERGE_LINKED_LIBRARIES\=NO
    export METAL_LIBRARY_FILE_BASE\=default
    export METAL_LIBRARY_OUTPUT_DIR\=/Users/vivek/Library/Developer/Xcode/DerivedData/dutchvocabbuilder-ekvgrffdbexgzcfvrslzlsvtuhiq/Build/Products/Debug-iphonesimulator/ReactNativeDependencies/
    export MODULE_CACHE_DIR\=/Users/vivek/Library/Developer/Xcode/DerivedData/ModuleCache.noindex
    export MTL_ENABLE_DEBUG_INFO\=INCLUDE_SOURCE
    export MTL_FAST_MATH\=YES
    export NATIVE_ARCH\=arm64
    export NATIVE_ARCH_32_BIT\=arm
    export NATIVE_ARCH_64_BIT\=arm64
    export NATIVE_ARCH_ACTUAL\=arm64
    export NO_COMMON\=YES
    export OBJC_ABI_VERSION\=2
    export OBJECT_FILE_DIR\=/Users/vivek/Library/Developer/Xcode/DerivedData/dutchvocabbuilder-ekvgrffdbexgzcfvrslzlsvtuhiq/Build/Intermediates.noindex/Pods.build/Debug-iphonesimulator/ReactNativeDependencies.build/Objects
    export OBJECT_FILE_DIR_normal\=/Users/vivek/Library/Developer/Xcode/DerivedData/dutchvocabbuilder-ekvgrffdbexgzcfvrslzlsvtuhiq/Build/Intermediates.noindex/Pods.build/Debug-iphonesimulator/ReactNativeDependencies.build/Objects-normal
    export OBJROOT\=/Users/vivek/Library/Developer/Xcode/DerivedData/dutchvocabbuilder-ekvgrffdbexgzcfvrslzlsvtuhiq/Build/Intermediates.noindex
    export ONLY_ACTIVE_ARCH\=YES
    export OS\=MACOS
    export OSAC\=/usr/bin/osacompile
    export PASCAL_STRINGS\=YES
    export PATH\=/Applications/Xcode.app/Contents/SharedFrameworks/XCBuild.framework/Versions/A/PlugIns/XCBBuildService.bundle/Contents/PlugIns/XCBSpecifications.ideplugin/Contents/Resources:/Applications/Xcode.app/Contents/SharedFrameworks/XCBuild.framework/Versions/A/PlugIns/XCBBuildService.bundle/Contents/PlugIns/XCBSpecifications.ideplugin:/Applications/Xcode.app/Contents/Developer/Toolchains/XcodeDefault.xctoolchain/usr/bin:/Applications/Xcode.app/Contents/Developer/Toolchains/XcodeDefault.xctoolchain/usr/appleinternal/bin:/Applications/Xcode.app/Contents/Developer/Toolchains/XcodeDefault.xctoolchain/usr/local/bin:/Applications/Xcode.app/Contents/Developer/Toolchains/XcodeDefault.xctoolchain/usr/libexec:/Applications/Xcode.app/Contents/Developer/Platforms/iPhoneSimulator.platform/usr/bin:/Applications/Xcode.app/Contents/Developer/Platforms/iPhoneSimulator.platform/usr/appleinternal/bin:/Applications/Xcode.app/Contents/Developer/Platforms/iPhoneSimulator.platform/usr/local/bin:/Applications/Xcode.app/Contents/Developer/Platforms/iPhoneSimulator.platform/Developer/usr/bin:/Applications/Xcode.app/Contents/Developer/Platforms/iPhoneSimulator.platform/Developer/usr/local/bin:/Applications/Xcode.app/Contents/Developer/usr/bin:/Applications/Xcode.app/Contents/Developer/usr/local/bin:/Users/vivek/Documents/vide\ coding/antigravity/dutch\ vocab\ builder/dutch-vocab-builder/node_modules/.bin:/Users/vivek/Documents/vide\ coding/antigravity/dutch\ vocab\ builder/node_modules/.bin:/Users/vivek/Documents/vide\ coding/antigravity/node_modules/.bin:/Users/vivek/Documents/vide\ coding/node_modules/.bin:/Users/vivek/Documents/node_modules/.bin:/Users/vivek/node_modules/.bin:/Users/node_modules/.bin:/node_modules/.bin:/usr/local/lib/node_modules/npm/node_modules/@npmcli/run-script/lib/node-gyp-bin:/Users/vivek/Downloads/google-cloud-sdk/bin:/Users/vivek/.antigravity/antigravity/bin:/Users/vivek/.local/bin:/opt/homebrew/bin:/opt/homebrew/sbin:/usr/local/bin:/System/Cryptexes/App/usr/bin:/usr/bin:/bin:/usr/sbin:/sbin:/var/run/com.apple.security.cryptexd/codex.system/bootstrap/usr/local/bin:/var/run/com.apple.security.cryptexd/codex.system/bootstrap/usr/bin:/var/run/com.apple.security.cryptexd/codex.system/bootstrap/usr/appleinternal/bin:/Library/Apple/usr/bin:/Users/vivek/.cargo/bin
    export PATH_PREFIXES_EXCLUDED_FROM_HEADER_DEPENDENCIES\=/usr/include\ /usr/local/include\ /System/Library/Frameworks\ /System/Library/PrivateFrameworks\ /Applications/Xcode.app/Contents/Developer/Headers\ /Applications/Xcode.app/Contents/Developer/SDKs\ /Applications/Xcode.app/Contents/Developer/Platforms
    export PER_ARCH_OBJECT_FILE_DIR\=/Users/vivek/Library/Developer/Xcode/DerivedData/dutchvocabbuilder-ekvgrffdbexgzcfvrslzlsvtuhiq/Build/Intermediates.noindex/Pods.build/Debug-iphonesimulator/ReactNativeDependencies.build/Objects-normal/undefined_arch
    export PER_VARIANT_OBJECT_FILE_DIR\=/Users/vivek/Library/Developer/Xcode/DerivedData/dutchvocabbuilder-ekvgrffdbexgzcfvrslzlsvtuhiq/Build/Intermediates.noindex/Pods.build/Debug-iphonesimulator/ReactNativeDependencies.build/Objects-normal
    export PKGINFO_FILE_PATH\=/Users/vivek/Library/Developer/Xcode/DerivedData/dutchvocabbuilder-ekvgrffdbexgzcfvrslzlsvtuhiq/Build/Intermediates.noindex/Pods.build/Debug-iphonesimulator/ReactNativeDependencies.build/PkgInfo
    export PLATFORM_DEVELOPER_APPLICATIONS_DIR\=/Applications/Xcode.app/Contents/Developer/Platforms/iPhoneSimulator.platform/Developer/Applications
    export PLATFORM_DEVELOPER_BIN_DIR\=/Applications/Xcode.app/Contents/Developer/Platforms/iPhoneSimulator.platform/Developer/usr/bin
    export PLATFORM_DEVELOPER_LIBRARY_DIR\=/Applications/Xcode.app/Contents/Developer/Platforms/iPhoneSimulator.platform/Developer/Library
    export PLATFORM_DEVELOPER_SDK_DIR\=/Applications/Xcode.app/Contents/Developer/Platforms/iPhoneSimulator.platform/Developer/SDKs
    export PLATFORM_DEVELOPER_TOOLS_DIR\=/Applications/Xcode.app/Contents/Developer/Platforms/iPhoneSimulator.platform/Developer/Tools
    export PLATFORM_DEVELOPER_USR_DIR\=/Applications/Xcode.app/Contents/Developer/Platforms/iPhoneSimulator.platform/Developer/usr
    export PLATFORM_DIR\=/Applications/Xcode.app/Contents/Developer/Platforms/iPhoneSimulator.platform
    export PLATFORM_DISPLAY_NAME\=iOS\ Simulator
    export PLATFORM_FAMILY_NAME\=iOS
    export PLATFORM_NAME\=iphonesimulator
    export PLATFORM_PREFERRED_ARCH\=x86_64
    export PLATFORM_PRODUCT_BUILD_VERSION\=22C146
    export PLIST_FILE_OUTPUT_FORMAT\=binary
    export PODS_BUILD_DIR\=/Users/vivek/Library/Developer/Xcode/DerivedData/dutchvocabbuilder-ekvgrffdbexgzcfvrslzlsvtuhiq/Build/Products
    export PODS_CONFIGURATION_BUILD_DIR\=/Users/vivek/Library/Developer/Xcode/DerivedData/dutchvocabbuilder-ekvgrffdbexgzcfvrslzlsvtuhiq/Build/Products/Debug-iphonesimulator
    export PODS_DEVELOPMENT_LANGUAGE\=en
    export PODS_ROOT\=/Users/vivek/Documents/vide\ coding/antigravity/dutch\ vocab\ builder/dutch-vocab-builder/ios/Pods
    export PODS_TARGET_SRCROOT\=/Users/vivek/Documents/vide\ coding/antigravity/dutch\ vocab\ builder/dutch-vocab-builder/ios/Pods/ReactNativeDependencies
    export PODS_XCFRAMEWORKS_BUILD_DIR\=/Users/vivek/Library/Developer/Xcode/DerivedData/dutchvocabbuilder-ekvgrffdbexgzcfvrslzlsvtuhiq/Build/Products/Debug-iphonesimulator/XCFrameworkIntermediates
    export PRECOMPS_INCLUDE_HEADERS_FROM_BUILT_PRODUCTS_DIR\=YES
    export PRECOMP_DESTINATION_DIR\=/Users/vivek/Library/Developer/Xcode/DerivedData/dutchvocabbuilder-ekvgrffdbexgzcfvrslzlsvtuhiq/Build/Intermediates.noindex/Pods.build/Debug-iphonesimulator/ReactNativeDependencies.build/PrefixHeaders
    export PROCESSED_INFOPLIST_PATH\=/Users/vivek/Library/Developer/Xcode/DerivedData/dutchvocabbuilder-ekvgrffdbexgzcfvrslzlsvtuhiq/Build/Intermediates.noindex/Pods.build/Debug-iphonesimulator/ReactNativeDependencies.build/Objects-normal/undefined_arch/Processed-Info.plist
    export PRODUCT_BUNDLE_IDENTIFIER\=org.cocoapods.ReactNativeDependencies
    export PRODUCT_MODULE_NAME\=ReactNativeDependencies
    export PRODUCT_NAME\=ReactNativeDependencies
    export PRODUCT_SETTINGS_PATH\=
    export PROFILING_CODE\=NO
    export PROJECT\=Pods
    export PROJECT_DERIVED_FILE_DIR\=/Users/vivek/Library/Developer/Xcode/DerivedData/dutchvocabbuilder-ekvgrffdbexgzcfvrslzlsvtuhiq/Build/Intermediates.noindex/Pods.build/DerivedSources
    export PROJECT_DIR\=/Users/vivek/Documents/vide\ coding/antigravity/dutch\ vocab\ builder/dutch-vocab-builder/ios/Pods
    export PROJECT_FILE_PATH\=/Users/vivek/Documents/vide\ coding/antigravity/dutch\ vocab\ builder/dutch-vocab-builder/ios/Pods/Pods.xcodeproj
    export PROJECT_GUID\=8699adb1dd336b26511df848a716bd42
    export PROJECT_NAME\=Pods
    export PROJECT_TEMP_DIR\=/Users/vivek/Library/Developer/Xcode/DerivedData/dutchvocabbuilder-ekvgrffdbexgzcfvrslzlsvtuhiq/Build/Intermediates.noindex/Pods.build
    export PROJECT_TEMP_ROOT\=/Users/vivek/Library/Developer/Xcode/DerivedData/dutchvocabbuilder-ekvgrffdbexgzcfvrslzlsvtuhiq/Build/Intermediates.noindex
    export REACT_NATIVE_PATH\=/Users/vivek/Documents/vide\ coding/antigravity/dutch\ vocab\ builder/dutch-vocab-builder/ios/Pods/../../node_modules/react-native
    export RECOMMENDED_IPHONEOS_DEPLOYMENT_TARGET\=15.0
    export RECURSIVE_SEARCH_PATHS_FOLLOW_SYMLINKS\=YES
    export REMOVE_CVS_FROM_RESOURCES\=YES
    export REMOVE_GIT_FROM_RESOURCES\=YES
    export REMOVE_HEADERS_FROM_EMBEDDED_BUNDLES\=YES
    export REMOVE_HG_FROM_RESOURCES\=YES
    export REMOVE_STATIC_EXECUTABLES_FROM_EMBEDDED_BUNDLES\=YES
    export REMOVE_SVN_FROM_RESOURCES\=YES
    export RESCHEDULE_INDEPENDENT_HEADERS_PHASES\=YES
    export REZ_COLLECTOR_DIR\=/Users/vivek/Library/Developer/Xcode/DerivedData/dutchvocabbuilder-ekvgrffdbexgzcfvrslzlsvtuhiq/Build/Intermediates.noindex/Pods.build/Debug-iphonesimulator/ReactNativeDependencies.build/ResourceManagerResources
    export REZ_OBJECTS_DIR\=/Users/vivek/Library/Developer/Xcode/DerivedData/dutchvocabbuilder-ekvgrffdbexgzcfvrslzlsvtuhiq/Build/Intermediates.noindex/Pods.build/Debug-iphonesimulator/ReactNativeDependencies.build/ResourceManagerResources/Objects
    export SCAN_ALL_SOURCE_FILES_FOR_INCLUDES\=NO
    export SCRIPT_INPUT_FILE_COUNT\=0
    export SCRIPT_INPUT_FILE_LIST_COUNT\=0
    export SCRIPT_OUTPUT_FILE_COUNT\=0
    export SCRIPT_OUTPUT_FILE_LIST_COUNT\=0
    export SDKROOT\=/Applications/Xcode.app/Contents/Developer/Platforms/iPhoneSimulator.platform/Developer/SDKs/iPhoneSimulator18.2.sdk
    export SDK_DIR\=/Applications/Xcode.app/Contents/Developer/Platforms/iPhoneSimulator.platform/Developer/SDKs/iPhoneSimulator18.2.sdk
    export SDK_DIR_iphonesimulator\=/Applications/Xcode.app/Contents/Developer/Platforms/iPhoneSimulator.platform/Developer/SDKs/iPhoneSimulator18.2.sdk
    export SDK_DIR_iphonesimulator18_2\=/Applications/Xcode.app/Contents/Developer/Platforms/iPhoneSimulator.platform/Developer/SDKs/iPhoneSimulator18.2.sdk
    export SDK_NAME\=iphonesimulator18.2
    export SDK_NAMES\=iphonesimulator18.2
    export SDK_PRODUCT_BUILD_VERSION\=22C146
    export SDK_STAT_CACHE_DIR\=/Users/vivek/Library/Developer/Xcode/DerivedData
    export SDK_STAT_CACHE_ENABLE\=YES
    export SDK_STAT_CACHE_PATH\=/Users/vivek/Library/Developer/Xcode/DerivedData/SDKStatCaches.noindex/iphonesimulator18.2-22C146-07b28473f605e47e75261259d3ef3b5a.sdkstatcache
    export SDK_VERSION\=18.2
    export SDK_VERSION_ACTUAL\=180200
    export SDK_VERSION_MAJOR\=180000
    export SDK_VERSION_MINOR\=180200
    export SED\=/usr/bin/sed
    export SEPARATE_STRIP\=NO
    export SEPARATE_SYMBOL_EDIT\=NO
    export SET_DIR_MODE_OWNER_GROUP\=YES
    export SET_FILE_MODE_OWNER_GROUP\=NO
    export SHALLOW_BUNDLE\=NO
    export SHARED_DERIVED_FILE_DIR\=/Users/vivek/Library/Developer/Xcode/DerivedData/dutchvocabbuilder-ekvgrffdbexgzcfvrslzlsvtuhiq/Build/Products/Debug-iphonesimulator/ReactNativeDependencies/DerivedSources
    export SHARED_PRECOMPS_DIR\=/Users/vivek/Library/Developer/Xcode/DerivedData/dutchvocabbuilder-ekvgrffdbexgzcfvrslzlsvtuhiq/Build/Intermediates.noindex/PrecompiledHeaders
    export SKIP_INSTALL\=YES
    export SOURCE_ROOT\=/Users/vivek/Documents/vide\ coding/antigravity/dutch\ vocab\ builder/dutch-vocab-builder/ios/Pods
    export SRCROOT\=/Users/vivek/Documents/vide\ coding/antigravity/dutch\ vocab\ builder/dutch-vocab-builder/ios/Pods
    export STRINGSDATA_DIR\=/Users/vivek/Library/Developer/Xcode/DerivedData/dutchvocabbuilder-ekvgrffdbexgzcfvrslzlsvtuhiq/Build/Intermediates.noindex/Pods.build/Debug-iphonesimulator/ReactNativeDependencies.build/Objects-normal/undefined_arch
    export STRINGSDATA_ROOT\=/Users/vivek/Library/Developer/Xcode/DerivedData/dutchvocabbuilder-ekvgrffdbexgzcfvrslzlsvtuhiq/Build/Intermediates.noindex/Pods.build/Debug-iphonesimulator/ReactNativeDependencies.build
    export STRINGS_FILE_INFOPLIST_RENAME\=YES
    export STRINGS_FILE_OUTPUT_ENCODING\=binary
    export STRIP_BITCODE_FROM_COPIED_FILES\=NO
    export STRIP_INSTALLED_PRODUCT\=NO
    export STRIP_STYLE\=all
    export STRIP_SWIFT_SYMBOLS\=YES
    export SUPPORTED_DEVICE_FAMILIES\=1,2
    export SUPPORTED_PLATFORMS\=iphoneos\ iphonesimulator
    export SUPPORTS_TEXT_BASED_API\=NO
    export SUPPRESS_WARNINGS\=NO
    export SWIFT_ACTIVE_COMPILATION_CONDITIONS\=\ DEBUG
    export SWIFT_EMIT_LOC_STRINGS\=NO
    export SWIFT_ENABLE_EXPLICIT_MODULES\=NO
    export SWIFT_OPTIMIZATION_LEVEL\=-Onone
    export SWIFT_PLATFORM_TARGET_PREFIX\=ios
    export SWIFT_RESPONSE_FILE_PATH_normal_arm64\=/Users/vivek/Library/Developer/Xcode/DerivedData/dutchvocabbuilder-ekvgrffdbexgzcfvrslzlsvtuhiq/Build/Intermediates.noindex/Pods.build/Debug-iphonesimulator/ReactNativeDependencies.build/Objects-normal/arm64/ReactNativeDependencies.SwiftFileList
    export SWIFT_VERSION\=5.0
    export SYMROOT\=/Users/vivek/Library/Developer/Xcode/DerivedData/dutchvocabbuilder-ekvgrffdbexgzcfvrslzlsvtuhiq/Build/Products
    export SYSTEM_ADMIN_APPS_DIR\=/Applications/Utilities
    export SYSTEM_APPS_DIR\=/Applications
    export SYSTEM_CORE_SERVICES_DIR\=/System/Library/CoreServices
    export SYSTEM_DEMOS_DIR\=/Applications/Extras
    export SYSTEM_DEVELOPER_APPS_DIR\=/Applications/Xcode.app/Contents/Developer/Applications
    export SYSTEM_DEVELOPER_BIN_DIR\=/Applications/Xcode.app/Contents/Developer/usr/bin
    export SYSTEM_DEVELOPER_DEMOS_DIR\=/Applications/Xcode.app/Contents/Developer/Applications/Utilities/Built\ Examples
    export SYSTEM_DEVELOPER_DIR\=/Applications/Xcode.app/Contents/Developer
    export SYSTEM_DEVELOPER_DOC_DIR\=/Applications/Xcode.app/Contents/Developer/ADC\ Reference\ Library
    export SYSTEM_DEVELOPER_GRAPHICS_TOOLS_DIR\=/Applications/Xcode.app/Contents/Developer/Applications/Graphics\ Tools
    export SYSTEM_DEVELOPER_JAVA_TOOLS_DIR\=/Applications/Xcode.app/Contents/Developer/Applications/Java\ Tools
    export SYSTEM_DEVELOPER_PERFORMANCE_TOOLS_DIR\=/Applications/Xcode.app/Contents/Developer/Applications/Performance\ Tools
    export SYSTEM_DEVELOPER_RELEASENOTES_DIR\=/Applications/Xcode.app/Contents/Developer/ADC\ Reference\ Library/releasenotes
    export SYSTEM_DEVELOPER_TOOLS\=/Applications/Xcode.app/Contents/Developer/Tools
    export SYSTEM_DEVELOPER_TOOLS_DOC_DIR\=/Applications/Xcode.app/Contents/Developer/ADC\ Reference\ Library/documentation/DeveloperTools
    export SYSTEM_DEVELOPER_TOOLS_RELEASENOTES_DIR\=/Applications/Xcode.app/Contents/Developer/ADC\ Reference\ Library/releasenotes/DeveloperTools
    export SYSTEM_DEVELOPER_USR_DIR\=/Applications/Xcode.app/Contents/Developer/usr
    export SYSTEM_DEVELOPER_UTILITIES_DIR\=/Applications/Xcode.app/Contents/Developer/Applications/Utilities
    export SYSTEM_DEXT_INSTALL_PATH\=/System/Library/DriverExtensions
    export SYSTEM_DOCUMENTATION_DIR\=/Library/Documentation
    export SYSTEM_KEXT_INSTALL_PATH\=/System/Library/Extensions
    export SYSTEM_LIBRARY_DIR\=/System/Library
    export TAPI_DEMANGLE\=YES
    export TAPI_ENABLE_PROJECT_HEADERS\=NO
    export TAPI_LANGUAGE\=objective-c
    export TAPI_LANGUAGE_STANDARD\=compiler-default
    export TAPI_USE_SRCROOT\=YES
    export TAPI_VERIFY_MODE\=Pedantic
    export TARGETED_DEVICE_FAMILY\=1,2
    export TARGETNAME\=ReactNativeDependencies
    export TARGET_BUILD_DIR\=/Users/vivek/Library/Developer/Xcode/DerivedData/dutchvocabbuilder-ekvgrffdbexgzcfvrslzlsvtuhiq/Build/Products/Debug-iphonesimulator/ReactNativeDependencies
    export TARGET_DEVICE_IDENTIFIER\=26CBEFC5-7D3A-41B2-B7D6-D5F9CE78E77D
    export TARGET_DEVICE_MODEL\=iPhone17,3
    export TARGET_DEVICE_OS_VERSION\=18.3.1
    export TARGET_DEVICE_PLATFORM_NAME\=iphonesimulator
    export TARGET_NAME\=ReactNativeDependencies
    export TARGET_TEMP_DIR\=/Users/vivek/Library/Developer/Xcode/DerivedData/dutchvocabbuilder-ekvgrffdbexgzcfvrslzlsvtuhiq/Build/Intermediates.noindex/Pods.build/Debug-iphonesimulator/ReactNativeDependencies.build
    export TEMP_DIR\=/Users/vivek/Library/Developer/Xcode/DerivedData/dutchvocabbuilder-ekvgrffdbexgzcfvrslzlsvtuhiq/Build/Intermediates.noindex/Pods.build/Debug-iphonesimulator/ReactNativeDependencies.build
    export TEMP_FILES_DIR\=/Users/vivek/Library/Developer/Xcode/DerivedData/dutchvocabbuilder-ekvgrffdbexgzcfvrslzlsvtuhiq/Build/Intermediates.noindex/Pods.build/Debug-iphonesimulator/ReactNativeDependencies.build
    export TEMP_FILE_DIR\=/Users/vivek/Library/Developer/Xcode/DerivedData/dutchvocabbuilder-ekvgrffdbexgzcfvrslzlsvtuhiq/Build/Intermediates.noindex/Pods.build/Debug-iphonesimulator/ReactNativeDependencies.build
    export TEMP_ROOT\=/Users/vivek/Library/Developer/Xcode/DerivedData/dutchvocabbuilder-ekvgrffdbexgzcfvrslzlsvtuhiq/Build/Intermediates.noindex
    export TEST_FRAMEWORK_SEARCH_PATHS\=\ /Applications/Xcode.app/Contents/Developer/Platforms/iPhoneSimulator.platform/Developer/Library/Frameworks\ /Applications/Xcode.app/Contents/Developer/Platforms/iPhoneSimulator.platform/Developer/SDKs/iPhoneSimulator18.2.sdk/Developer/Library/Frameworks
    export TEST_LIBRARY_SEARCH_PATHS\=\ /Applications/Xcode.app/Contents/Developer/Platforms/iPhoneSimulator.platform/Developer/usr/lib
    export TOOLCHAINS\=com.apple.dt.toolchain.XcodeDefault
    export TOOLCHAIN_DIR\=/Applications/Xcode.app/Contents/Developer/Toolchains/XcodeDefault.xctoolchain
    export TREAT_MISSING_BASELINES_AS_TEST_FAILURES\=NO
    export TREAT_MISSING_SCRIPT_PHASE_OUTPUTS_AS_ERRORS\=NO
    export UID\=501
    export UNINSTALLED_PRODUCTS_DIR\=/Users/vivek/Library/Developer/Xcode/DerivedData/dutchvocabbuilder-ekvgrffdbexgzcfvrslzlsvtuhiq/Build/Intermediates.noindex/UninstalledProducts
    export UNSTRIPPED_PRODUCT\=NO
    export USER\=vivek
    export USER_APPS_DIR\=/Users/vivek/Applications
    export USER_LIBRARY_DIR\=/Users/vivek/Library
    export USE_DYNAMIC_NO_PIC\=YES
    export USE_HEADERMAP\=YES
    export USE_HEADER_SYMLINKS\=NO
    export USE_HERMES\=true
    export USE_RECURSIVE_SCRIPT_INPUTS_IN_SCRIPT_PHASES\=YES
    export VALIDATE_DEVELOPMENT_ASSET_PATHS\=YES_ERROR
    export VALIDATE_PRODUCT\=NO
    export VALID_ARCHS\=arm64\ arm64e\ i386\ x86_64
    export VERBOSE_PBXCP\=NO
    export VERSION_INFO_BUILDER\=vivek
    export VERSION_INFO_FILE\=ReactNativeDependencies_vers.c
    export VERSION_INFO_STRING\=\"@\(\#\)PROGRAM:ReactNativeDependencies\ \ PROJECT:Pods-\"
    export WORKSPACE_DIR\=/Users/vivek/Documents/vide\ coding/antigravity/dutch\ vocab\ builder/dutch-vocab-builder/ios
    export WRAP_ASSET_PACKS_IN_SEPARATE_DIRECTORIES\=NO
    export XCODE_APP_SUPPORT_DIR\=/Applications/Xcode.app/Contents/Developer/Library/Xcode
    export XCODE_PRODUCT_BUILD_VERSION\=16C5032a
    export XCODE_VERSION_ACTUAL\=1620
    export XCODE_VERSION_MAJOR\=1600
    export XCODE_VERSION_MINOR\=1620
    export XPCSERVICES_FOLDER_PATH\=/XPCServices
    export YACC\=yacc
    export arch\=undefined_arch
    export variant\=normal
    /bin/sh -c /Users/vivek/Library/Developer/Xcode/DerivedData/dutchvocabbuilder-ekvgrffdbexgzcfvrslzlsvtuhiq/Build/Intermediates.noindex/Pods.build/Debug-iphonesimulator/ReactNativeDependencies.build/Script-46EB2E0001F830.sh
Node found at: /usr/local/bin/node
No previous build detected, but Debug Configuration. No need to replace RNDeps

ProcessInfoPlistFile /Users/vivek/Library/Developer/Xcode/DerivedData/dutchvocabbuilder-ekvgrffdbexgzcfvrslzlsvtuhiq/Build/Products/Debug-iphonesimulator/EXConstants/ExpoConstants_privacy.bundle/Info.plist /Users/vivek/Documents/vide\ coding/antigravity/dutch\ vocab\ builder/dutch-vocab-builder/ios/Pods/Target\ Support\ Files/EXConstants/ResourceBundle-ExpoConstants_privacy-EXConstants-Info.plist (in target 'EXConstants-ExpoConstants_privacy' from project 'Pods')
    cd /Users/vivek/Documents/vide\ coding/antigravity/dutch\ vocab\ builder/dutch-vocab-builder/ios/Pods
    builtin-infoPlistUtility /Users/vivek/Documents/vide\ coding/antigravity/dutch\ vocab\ builder/dutch-vocab-builder/ios/Pods/Target\ Support\ Files/EXConstants/ResourceBundle-ExpoConstants_privacy-EXConstants-Info.plist -producttype com.apple.product-type.bundle -expandbuildsettings -format binary -platform iphonesimulator -o /Users/vivek/Library/Developer/Xcode/DerivedData/dutchvocabbuilder-ekvgrffdbexgzcfvrslzlsvtuhiq/Build/Products/Debug-iphonesimulator/EXConstants/ExpoConstants_privacy.bundle/Info.plist

ProcessInfoPlistFile /Users/vivek/Library/Developer/Xcode/DerivedData/dutchvocabbuilder-ekvgrffdbexgzcfvrslzlsvtuhiq/Build/Products/Debug-iphonesimulator/EXConstants/EXConstants.bundle/Info.plist /Users/vivek/Documents/vide\ coding/antigravity/dutch\ vocab\ builder/dutch-vocab-builder/ios/Pods/Target\ Support\ Files/EXConstants/ResourceBundle-EXConstants-EXConstants-Info.plist (in target 'EXConstants-EXConstants' from project 'Pods')
    cd /Users/vivek/Documents/vide\ coding/antigravity/dutch\ vocab\ builder/dutch-vocab-builder/ios/Pods
    builtin-infoPlistUtility /Users/vivek/Documents/vide\ coding/antigravity/dutch\ vocab\ builder/dutch-vocab-builder/ios/Pods/Target\ Support\ Files/EXConstants/ResourceBundle-EXConstants-EXConstants-Info.plist -producttype com.apple.product-type.bundle -expandbuildsettings -format binary -platform iphonesimulator -o /Users/vivek/Library/Developer/Xcode/DerivedData/dutchvocabbuilder-ekvgrffdbexgzcfvrslzlsvtuhiq/Build/Products/Debug-iphonesimulator/EXConstants/EXConstants.bundle/Info.plist

ProcessInfoPlistFile /Users/vivek/Library/Developer/Xcode/DerivedData/dutchvocabbuilder-ekvgrffdbexgzcfvrslzlsvtuhiq/Build/Products/Debug-iphonesimulator/expo-dev-launcher/EXDevLauncher.bundle/Info.plist /Users/vivek/Documents/vide\ coding/antigravity/dutch\ vocab\ builder/dutch-vocab-builder/ios/Pods/Target\ Support\ Files/expo-dev-launcher/ResourceBundle-EXDevLauncher-expo-dev-launcher-Info.plist (in target 'expo-dev-launcher-EXDevLauncher' from project 'Pods')
    cd /Users/vivek/Documents/vide\ coding/antigravity/dutch\ vocab\ builder/dutch-vocab-builder/ios/Pods
    builtin-infoPlistUtility /Users/vivek/Documents/vide\ coding/antigravity/dutch\ vocab\ builder/dutch-vocab-builder/ios/Pods/Target\ Support\ Files/expo-dev-launcher/ResourceBundle-EXDevLauncher-expo-dev-launcher-Info.plist -producttype com.apple.product-type.bundle -expandbuildsettings -format binary -platform iphonesimulator -additionalcontentfile /Users/vivek/Library/Developer/Xcode/DerivedData/dutchvocabbuilder-ekvgrffdbexgzcfvrslzlsvtuhiq/Build/Intermediates.noindex/Pods.build/Debug-iphonesimulator/expo-dev-launcher-EXDevLauncher.build/assetcatalog_generated_info.plist -o /Users/vivek/Library/Developer/Xcode/DerivedData/dutchvocabbuilder-ekvgrffdbexgzcfvrslzlsvtuhiq/Build/Products/Debug-iphonesimulator/expo-dev-launcher/EXDevLauncher.bundle/Info.plist

note: Run script build phase '[CP-User] [RNDeps] Replace React Native Core for the right configuration, if needed' will be run during every build because the option to run the script phase "Based on dependency analysis" is unchecked. (in target 'React-Core-prebuilt' from project 'Pods')
PhaseScriptExecution [CP-User]\ [RNDeps]\ Replace\ React\ Native\ Core\ for\ the\ right\ configuration,\ if\ needed /Users/vivek/Library/Developer/Xcode/DerivedData/dutchvocabbuilder-ekvgrffdbexgzcfvrslzlsvtuhiq/Build/Intermediates.noindex/Pods.build/Debug-iphonesimulator/React-Core-prebuilt.build/Script-46EB2E0001F7F0.sh (in target 'React-Core-prebuilt' from project 'Pods')
    cd /Users/vivek/Documents/vide\ coding/antigravity/dutch\ vocab\ builder/dutch-vocab-builder/ios/Pods
    export ACTION\=build
    export AD_HOC_CODE_SIGNING_ALLOWED\=YES
    export ALLOW_BUILD_REQUEST_OVERRIDES\=NO
    export ALLOW_TARGET_PLATFORM_SPECIALIZATION\=NO
    export ALTERNATE_GROUP\=staff
    export ALTERNATE_MODE\=u+w,go-w,a+rX
    export ALTERNATE_OWNER\=vivek
    export ALTERNATIVE_DISTRIBUTION_WEB\=NO
    export ALWAYS_EMBED_SWIFT_STANDARD_LIBRARIES\=NO
    export ALWAYS_SEARCH_USER_PATHS\=NO
    export ALWAYS_USE_SEPARATE_HEADERMAPS\=NO
    export APPLE_INTERNAL_DEVELOPER_DIR\=/AppleInternal/Developer
    export APPLE_INTERNAL_DIR\=/AppleInternal
    export APPLE_INTERNAL_DOCUMENTATION_DIR\=/AppleInternal/Documentation
    export APPLE_INTERNAL_LIBRARY_DIR\=/AppleInternal/Library
    export APPLE_INTERNAL_TOOLS\=/AppleInternal/Developer/Tools
    export APPLICATION_EXTENSION_API_ONLY\=NO
    export APPLY_RULES_IN_COPY_FILES\=NO
    export APPLY_RULES_IN_COPY_HEADERS\=NO
    export APP_SHORTCUTS_ENABLE_FLEXIBLE_MATCHING\=YES
    export ARCHS\=arm64
    export ARCHS_STANDARD\=arm64\ x86_64
    export ARCHS_STANDARD_32_64_BIT\=arm64\ i386\ x86_64
    export ARCHS_STANDARD_32_BIT\=i386
    export ARCHS_STANDARD_64_BIT\=arm64\ x86_64
    export ARCHS_STANDARD_INCLUDING_64_BIT\=arm64\ x86_64
    export ARCHS_UNIVERSAL_IPHONE_OS\=arm64\ i386\ x86_64
    export ASSETCATALOG_COMPILER_APPICON_NAME\=AppIcon
    export ASSETCATALOG_COMPILER_GENERATE_ASSET_SYMBOLS\=YES
    export ASSETCATALOG_COMPILER_GLOBAL_ACCENT_COLOR_NAME\=AccentColor
    export ASSETCATALOG_FILTER_FOR_DEVICE_MODEL\=iPhone17,3
    export ASSETCATALOG_FILTER_FOR_DEVICE_OS_VERSION\=18.3.1
    export ASSETCATALOG_FILTER_FOR_THINNING_DEVICE_CONFIGURATION\=iPhone17,3
    export AUTOMATICALLY_MERGE_DEPENDENCIES\=NO
    export AVAILABLE_PLATFORMS\=appletvos\ appletvsimulator\ driverkit\ iphoneos\ iphonesimulator\ macosx\ watchos\ watchsimulator\ xros\ xrsimulator
    export BITCODE_GENERATION_MODE\=marker
    export BUILD_ACTIVE_RESOURCES_ONLY\=YES
    export BUILD_COMPONENTS\=headers\ build
    export BUILD_DIR\=/Users/vivek/Library/Developer/Xcode/DerivedData/dutchvocabbuilder-ekvgrffdbexgzcfvrslzlsvtuhiq/Build/Products
    export BUILD_LIBRARY_FOR_DISTRIBUTION\=NO
    export BUILD_ROOT\=/Users/vivek/Library/Developer/Xcode/DerivedData/dutchvocabbuilder-ekvgrffdbexgzcfvrslzlsvtuhiq/Build/Products
    export BUILD_STYLE\=
    export BUILD_VARIANTS\=normal
    export BUILT_PRODUCTS_DIR\=/Users/vivek/Library/Developer/Xcode/DerivedData/dutchvocabbuilder-ekvgrffdbexgzcfvrslzlsvtuhiq/Build/Products/Debug-iphonesimulator/React-Core-prebuilt
    export BUNDLE_CONTENTS_FOLDER_PATH_deep\=Contents/
    export BUNDLE_EXECUTABLE_FOLDER_NAME_deep\=MacOS
    export BUNDLE_EXTENSIONS_FOLDER_PATH\=Extensions
    export BUNDLE_FORMAT\=shallow
    export BUNDLE_FRAMEWORKS_FOLDER_PATH\=Frameworks
    export BUNDLE_PLUGINS_FOLDER_PATH\=PlugIns
    export BUNDLE_PRIVATE_HEADERS_FOLDER_PATH\=PrivateHeaders
    export BUNDLE_PUBLIC_HEADERS_FOLDER_PATH\=Headers
    export CACHE_ROOT\=/var/folders/kv/kwypt64n4194rht2wdsgvgcm0000gn/C/com.apple.DeveloperTools/16.2-16C5032a/Xcode
    export CCHROOT\=/var/folders/kv/kwypt64n4194rht2wdsgvgcm0000gn/C/com.apple.DeveloperTools/16.2-16C5032a/Xcode
    export CHMOD\=/bin/chmod
    export CHOWN\=/usr/sbin/chown
    export CLANG_ANALYZER_LOCALIZABILITY_NONLOCALIZED\=YES
    export CLANG_ANALYZER_NONNULL\=YES
    export CLANG_ANALYZER_NUMBER_OBJECT_CONVERSION\=YES_AGGRESSIVE
    export CLANG_CACHE_FINE_GRAINED_OUTPUTS\=YES
    export CLANG_CXX_LANGUAGE_STANDARD\=c++20
    export CLANG_CXX_LIBRARY\=libc++
    export CLANG_ENABLE_EXPLICIT_MODULES\=YES
    export CLANG_ENABLE_MODULES\=YES
    export CLANG_ENABLE_OBJC_ARC\=YES
    export CLANG_ENABLE_OBJC_WEAK\=NO
    export CLANG_MODULES_BUILD_SESSION_FILE\=/Users/vivek/Library/Developer/Xcode/DerivedData/ModuleCache.noindex/Session.modulevalidation
    export CLANG_WARN_BLOCK_CAPTURE_AUTORELEASING\=YES
    export CLANG_WARN_BOOL_CONVERSION\=YES
    export CLANG_WARN_COMMA\=YES
    export CLANG_WARN_CONSTANT_CONVERSION\=YES
    export CLANG_WARN_DEPRECATED_OBJC_IMPLEMENTATIONS\=YES
    export CLANG_WARN_DIRECT_OBJC_ISA_USAGE\=YES_ERROR
    export CLANG_WARN_DOCUMENTATION_COMMENTS\=YES
    export CLANG_WARN_EMPTY_BODY\=YES
    export CLANG_WARN_ENUM_CONVERSION\=YES
    export CLANG_WARN_INFINITE_RECURSION\=YES
    export CLANG_WARN_INT_CONVERSION\=YES
    export CLANG_WARN_NON_LITERAL_NULL_CONVERSION\=YES
    export CLANG_WARN_OBJC_IMPLICIT_RETAIN_SELF\=YES
    export CLANG_WARN_OBJC_LITERAL_CONVERSION\=YES
    export CLANG_WARN_OBJC_ROOT_CLASS\=YES_ERROR
    export CLANG_WARN_QUOTED_INCLUDE_IN_FRAMEWORK_HEADER\=NO
    export CLANG_WARN_RANGE_LOOP_ANALYSIS\=YES
    export CLANG_WARN_STRICT_PROTOTYPES\=YES
    export CLANG_WARN_SUSPICIOUS_MOVE\=YES
    export CLANG_WARN_UNGUARDED_AVAILABILITY\=YES_AGGRESSIVE
    export CLANG_WARN_UNREACHABLE_CODE\=YES
    export CLANG_WARN__DUPLICATE_METHOD_MATCH\=YES
    export CLASS_FILE_DIR\=/Users/vivek/Library/Developer/Xcode/DerivedData/dutchvocabbuilder-ekvgrffdbexgzcfvrslzlsvtuhiq/Build/Intermediates.noindex/Pods.build/Debug-iphonesimulator/React-Core-prebuilt.build/JavaClasses
    export CLEAN_PRECOMPS\=YES
    export CLONE_HEADERS\=NO
    export CODESIGNING_FOLDER_PATH\=/Users/vivek/Library/Developer/Xcode/DerivedData/dutchvocabbuilder-ekvgrffdbexgzcfvrslzlsvtuhiq/Build/Products/Debug-iphonesimulator/React-Core-prebuilt/
    export CODE_SIGNING_ALLOWED\=NO
    export CODE_SIGNING_REQUIRED\=YES
    export CODE_SIGN_CONTEXT_CLASS\=XCiPhoneSimulatorCodeSignContext
    export CODE_SIGN_IDENTITY\=-
    export CODE_SIGN_INJECT_BASE_ENTITLEMENTS\=YES
    export COLOR_DIAGNOSTICS\=NO
    export COMBINE_HIDPI_IMAGES\=NO
    export COMPILATION_CACHE_CAS_PATH\=/Users/vivek/Library/Developer/Xcode/DerivedData/CompilationCache.noindex
    export COMPILATION_CACHE_KEEP_CAS_DIRECTORY\=YES
    export COMPILER_INDEX_STORE_ENABLE\=Default
    export COMPOSITE_SDK_DIRS\=/Users/vivek/Library/Developer/Xcode/DerivedData/dutchvocabbuilder-ekvgrffdbexgzcfvrslzlsvtuhiq/Build/Intermediates.noindex/CompositeSDKs
    export COMPRESS_PNG_FILES\=YES
    export CONFIGURATION\=Debug
    export CONFIGURATION_BUILD_DIR\=/Users/vivek/Library/Developer/Xcode/DerivedData/dutchvocabbuilder-ekvgrffdbexgzcfvrslzlsvtuhiq/Build/Products/Debug-iphonesimulator/React-Core-prebuilt
    export CONFIGURATION_TEMP_DIR\=/Users/vivek/Library/Developer/Xcode/DerivedData/dutchvocabbuilder-ekvgrffdbexgzcfvrslzlsvtuhiq/Build/Intermediates.noindex/Pods.build/Debug-iphonesimulator
    export COPYING_PRESERVES_HFS_DATA\=NO
    export COPY_HEADERS_RUN_UNIFDEF\=NO
    export COPY_PHASE_STRIP\=NO
    export CORRESPONDING_DEVICE_PLATFORM_DIR\=/Applications/Xcode.app/Contents/Developer/Platforms/iPhoneOS.platform
    export CORRESPONDING_DEVICE_PLATFORM_NAME\=iphoneos
    export CORRESPONDING_DEVICE_SDK_DIR\=/Applications/Xcode.app/Contents/Developer/Platforms/iPhoneOS.platform/Developer/SDKs/iPhoneOS18.2.sdk
    export CORRESPONDING_DEVICE_SDK_NAME\=iphoneos18.2
    export CP\=/bin/cp
    export CREATE_INFOPLIST_SECTION_IN_BINARY\=NO
    export CURRENT_ARCH\=undefined_arch
    export CURRENT_VARIANT\=normal
    export DEAD_CODE_STRIPPING\=YES
    export DEBUGGING_SYMBOLS\=YES
    export DEBUG_INFORMATION_FORMAT\=dwarf
    export DEBUG_INFORMATION_VERSION\=compiler-default
    export DEFAULT_COMPILER\=com.apple.compilers.llvm.clang.1_0
    export DEFAULT_DEXT_INSTALL_PATH\=/System/Library/DriverExtensions
    export DEFAULT_KEXT_INSTALL_PATH\=/System/Library/Extensions
    export DEFINES_MODULE\=NO
    export DEPLOYMENT_LOCATION\=NO
    export DEPLOYMENT_POSTPROCESSING\=NO
    export DEPLOYMENT_TARGET_SETTING_NAME\=IPHONEOS_DEPLOYMENT_TARGET
    export DEPLOYMENT_TARGET_SUGGESTED_VALUES\=12.0\ 12.1\ 12.2\ 12.3\ 12.4\ 13.0\ 13.1\ 13.2\ 13.3\ 13.4\ 13.5\ 13.6\ 14.0\ 14.1\ 14.2\ 14.3\ 14.4\ 14.5\ 14.6\ 14.7\ 15.0\ 15.1\ 15.2\ 15.3\ 15.4\ 15.5\ 15.6\ 16.0\ 16.1\ 16.2\ 16.3\ 16.4\ 16.5\ 16.6\ 17.0\ 17.1\ 17.2\ 17.3\ 17.4\ 17.5\ 17.6\ 18.0\ 18.1\ 18.2
    export DERIVED_FILES_DIR\=/Users/vivek/Library/Developer/Xcode/DerivedData/dutchvocabbuilder-ekvgrffdbexgzcfvrslzlsvtuhiq/Build/Intermediates.noindex/Pods.build/Debug-iphonesimulator/React-Core-prebuilt.build/DerivedSources
    export DERIVED_FILE_DIR\=/Users/vivek/Library/Developer/Xcode/DerivedData/dutchvocabbuilder-ekvgrffdbexgzcfvrslzlsvtuhiq/Build/Intermediates.noindex/Pods.build/Debug-iphonesimulator/React-Core-prebuilt.build/DerivedSources
    export DERIVED_SOURCES_DIR\=/Users/vivek/Library/Developer/Xcode/DerivedData/dutchvocabbuilder-ekvgrffdbexgzcfvrslzlsvtuhiq/Build/Intermediates.noindex/Pods.build/Debug-iphonesimulator/React-Core-prebuilt.build/DerivedSources
    export DEVELOPER_APPLICATIONS_DIR\=/Applications/Xcode.app/Contents/Developer/Applications
    export DEVELOPER_BIN_DIR\=/Applications/Xcode.app/Contents/Developer/usr/bin
    export DEVELOPER_DIR\=/Applications/Xcode.app/Contents/Developer
    export DEVELOPER_FRAMEWORKS_DIR\=/Applications/Xcode.app/Contents/Developer/Library/Frameworks
    export DEVELOPER_FRAMEWORKS_DIR_QUOTED\=/Applications/Xcode.app/Contents/Developer/Library/Frameworks
    export DEVELOPER_LIBRARY_DIR\=/Applications/Xcode.app/Contents/Developer/Library
    export DEVELOPER_SDK_DIR\=/Applications/Xcode.app/Contents/Developer/Platforms/MacOSX.platform/Developer/SDKs
    export DEVELOPER_TOOLS_DIR\=/Applications/Xcode.app/Contents/Developer/Tools
    export DEVELOPER_USR_DIR\=/Applications/Xcode.app/Contents/Developer/usr
    export DEVELOPMENT_LANGUAGE\=en
    export DIFF\=/usr/bin/diff
    export DONT_GENERATE_INFOPLIST_FILE\=NO
    export DSTROOT\=/tmp/Pods.dst
    export DT_TOOLCHAIN_DIR\=/Applications/Xcode.app/Contents/Developer/Toolchains/XcodeDefault.xctoolchain
    export DWARF_DSYM_FILE_NAME\=.dSYM
    export DWARF_DSYM_FILE_SHOULD_ACCOMPANY_PRODUCT\=NO
    export DWARF_DSYM_FOLDER_PATH\=/Users/vivek/Library/Developer/Xcode/DerivedData/dutchvocabbuilder-ekvgrffdbexgzcfvrslzlsvtuhiq/Build/Products/Debug-iphonesimulator/React-Core-prebuilt
    export DYNAMIC_LIBRARY_EXTENSION\=dylib
    export EAGER_COMPILATION_ALLOW_SCRIPTS\=NO
    export EAGER_LINKING\=NO
    export EFFECTIVE_PLATFORM_NAME\=-iphonesimulator
    export EMBEDDED_CONTENT_CONTAINS_SWIFT\=NO
    export EMBED_ASSET_PACKS_IN_PRODUCT_BUNDLE\=NO
    export ENABLE_APP_SANDBOX\=NO
    export ENABLE_BITCODE\=NO
    export ENABLE_CODE_COVERAGE\=YES
    export ENABLE_DEFAULT_HEADER_SEARCH_PATHS\=YES
    export ENABLE_DEFAULT_SEARCH_PATHS\=YES
    export ENABLE_HARDENED_RUNTIME\=NO
    export ENABLE_HEADER_DEPENDENCIES\=YES
    export ENABLE_ON_DEMAND_RESOURCES\=NO
    export ENABLE_PREVIEWS\=NO
    export ENABLE_STRICT_OBJC_MSGSEND\=YES
    export ENABLE_TESTABILITY\=YES
    export ENABLE_TESTING_SEARCH_PATHS\=NO
    export ENABLE_USER_SCRIPT_SANDBOXING\=NO
    export ENABLE_XOJIT_PREVIEWS\=YES
    export ENTITLEMENTS_DESTINATION\=__entitlements
    export ENTITLEMENTS_REQUIRED\=YES
    export EXCLUDED_INSTALLSRC_SUBDIRECTORY_PATTERNS\=.DS_Store\ .svn\ .git\ .hg\ CVS
    export EXCLUDED_RECURSIVE_SEARCH_PATH_SUBDIRECTORIES\=\*.nib\ \*.lproj\ \*.framework\ \*.gch\ \*.xcode\*\ \*.xcassets\ \(\*\)\ .DS_Store\ CVS\ .svn\ .git\ .hg\ \*.pbproj\ \*.pbxproj
    export FILE_LIST\=/Users/vivek/Library/Developer/Xcode/DerivedData/dutchvocabbuilder-ekvgrffdbexgzcfvrslzlsvtuhiq/Build/Intermediates.noindex/Pods.build/Debug-iphonesimulator/React-Core-prebuilt.build/Objects/LinkFileList
    export FIXED_FILES_DIR\=/Users/vivek/Library/Developer/Xcode/DerivedData/dutchvocabbuilder-ekvgrffdbexgzcfvrslzlsvtuhiq/Build/Intermediates.noindex/Pods.build/Debug-iphonesimulator/React-Core-prebuilt.build/FixedFiles
    export FRAMEWORK_SEARCH_PATHS\=\ \"/Users/vivek/Documents/vide\ coding/antigravity/dutch\ vocab\ builder/dutch-vocab-builder/ios/Pods/React-Core-prebuilt\"\ \"/Users/vivek/Documents/vide\ coding/antigravity/dutch\ vocab\ builder/dutch-vocab-builder/ios/Pods/ReactNativeDependencies/framework/packages/react-native\"\ \"/Users/vivek/Library/Developer/Xcode/DerivedData/dutchvocabbuilder-ekvgrffdbexgzcfvrslzlsvtuhiq/Build/Products/Debug-iphonesimulator/XCFrameworkIntermediates/React-Core-prebuilt\"\ \"/Users/vivek/Library/Developer/Xcode/DerivedData/dutchvocabbuilder-ekvgrffdbexgzcfvrslzlsvtuhiq/Build/Products/Debug-iphonesimulator/XCFrameworkIntermediates/ReactNativeDependencies\"
    export FRAMEWORK_VERSION\=A
    export FUSE_BUILD_PHASES\=YES
    export FUSE_BUILD_SCRIPT_PHASES\=NO
    export GCC3_VERSION\=3.3
    export GCC_C_LANGUAGE_STANDARD\=gnu11
    export GCC_DYNAMIC_NO_PIC\=NO
    export GCC_NO_COMMON_BLOCKS\=YES
    export GCC_OBJC_LEGACY_DISPATCH\=YES
    export GCC_OPTIMIZATION_LEVEL\=0
    export GCC_PFE_FILE_C_DIALECTS\=c\ objective-c\ c++\ objective-c++
    export GCC_PREPROCESSOR_DEFINITIONS\=POD_CONFIGURATION_DEBUG\=1\ DEBUG\=1\ \ COCOAPODS\=1
    export GCC_TREAT_WARNINGS_AS_ERRORS\=NO
    export GCC_VERSION\=com.apple.compilers.llvm.clang.1_0
    export GCC_VERSION_IDENTIFIER\=com_apple_compilers_llvm_clang_1_0
    export GCC_WARN_64_TO_32_BIT_CONVERSION\=YES
    export GCC_WARN_ABOUT_RETURN_TYPE\=YES_ERROR
    export GCC_WARN_UNDECLARED_SELECTOR\=YES
    export GCC_WARN_UNINITIALIZED_AUTOS\=YES_AGGRESSIVE
    export GCC_WARN_UNUSED_FUNCTION\=YES
    export GCC_WARN_UNUSED_VARIABLE\=YES
    export GENERATED_MODULEMAP_DIR\=/Users/vivek/Library/Developer/Xcode/DerivedData/dutchvocabbuilder-ekvgrffdbexgzcfvrslzlsvtuhiq/Build/Intermediates.noindex/GeneratedModuleMaps-iphonesimulator
    export GENERATE_INFOPLIST_FILE\=NO
    export GENERATE_INTERMEDIATE_TEXT_BASED_STUBS\=YES
    export GENERATE_MASTER_OBJECT_FILE\=NO
    export GENERATE_PKGINFO_FILE\=NO
    export GENERATE_PROFILING_CODE\=NO
    export GENERATE_TEXT_BASED_STUBS\=NO
    export GID\=20
    export GROUP\=staff
    export HEADERMAP_INCLUDES_FLAT_ENTRIES_FOR_TARGET_BEING_BUILT\=YES
    export HEADERMAP_INCLUDES_FRAMEWORK_ENTRIES_FOR_ALL_PRODUCT_TYPES\=YES
    export HEADERMAP_INCLUDES_FRAMEWORK_ENTRIES_FOR_TARGETS_NOT_BEING_BUILT\=YES
    export HEADERMAP_INCLUDES_NONPUBLIC_NONPRIVATE_HEADERS\=YES
    export HEADERMAP_INCLUDES_PROJECT_HEADERS\=YES
    export HEADERMAP_USES_FRAMEWORK_PREFIX_ENTRIES\=YES
    export HEADERMAP_USES_VFS\=NO
    export HEADER_SEARCH_PATHS\=\ \"/Users/vivek/Documents/vide\ coding/antigravity/dutch\ vocab\ builder/dutch-vocab-builder/ios/Pods/Headers/Private\"\ \"/Users/vivek/Documents/vide\ coding/antigravity/dutch\ vocab\ builder/dutch-vocab-builder/ios/Pods/Headers/Private/React-Core-prebuilt\"\ \"/Users/vivek/Documents/vide\ coding/antigravity/dutch\ vocab\ builder/dutch-vocab-builder/ios/Pods/Headers/Public\"\ \"/Users/vivek/Documents/vide\ coding/antigravity/dutch\ vocab\ builder/dutch-vocab-builder/ios/Pods/Headers/Public/React-Core-prebuilt\"\ \"/Users/vivek/Documents/vide\ coding/antigravity/dutch\ vocab\ builder/dutch-vocab-builder/ios/Pods/Headers/Public/ReactNativeDependencies\"\ /Users/vivek/Documents/vide\ coding/antigravity/dutch\ vocab\ builder/dutch-vocab-builder/ios/Pods/ReactNativeDependencies
    export HIDE_BITCODE_SYMBOLS\=YES
    export HOME\=/Users/vivek
    export HOST_ARCH\=arm64
    export HOST_PLATFORM\=macosx
    export ICONV\=/usr/bin/iconv
    export IMPLICIT_DEPENDENCY_DOMAIN\=default
    export INFOPLIST_ENABLE_CFBUNDLEICONS_MERGE\=YES
    export INFOPLIST_EXPAND_BUILD_SETTINGS\=YES
    export INFOPLIST_OUTPUT_FORMAT\=binary
    export INFOPLIST_PREPROCESS\=NO
    export INLINE_PRIVATE_FRAMEWORKS\=NO
    export INSTALLHDRS_COPY_PHASE\=NO
    export INSTALLHDRS_SCRIPT_PHASE\=NO
    export INSTALL_DIR\=/tmp/Pods.dst
    export INSTALL_GROUP\=staff
    export INSTALL_MODE_FLAG\=u+w,go-w,a+rX
    export INSTALL_OWNER\=vivek
    export INSTALL_ROOT\=/tmp/Pods.dst
    export IPHONEOS_DEPLOYMENT_TARGET\=15.1
    export IS_UNOPTIMIZED_BUILD\=YES
    export JAVAC_DEFAULT_FLAGS\=-J-Xms64m\ -J-XX:NewSize\=4M\ -J-Dfile.encoding\=UTF8
    export JAVA_APP_STUB\=/System/Library/Frameworks/JavaVM.framework/Resources/MacOS/JavaApplicationStub
    export JAVA_ARCHIVE_CLASSES\=YES
    export JAVA_ARCHIVE_TYPE\=JAR
    export JAVA_COMPILER\=/usr/bin/javac
    export JAVA_FRAMEWORK_RESOURCES_DIRS\=Resources
    export JAVA_JAR_FLAGS\=cv
    export JAVA_SOURCE_SUBDIR\=.
    export JAVA_USE_DEPENDENCIES\=YES
    export JAVA_ZIP_FLAGS\=-urg
    export JIKES_DEFAULT_FLAGS\=+E\ +OLDCSO
    export KEEP_PRIVATE_EXTERNS\=NO
    export LD_DEPENDENCY_INFO_FILE\=/Users/vivek/Library/Developer/Xcode/DerivedData/dutchvocabbuilder-ekvgrffdbexgzcfvrslzlsvtuhiq/Build/Intermediates.noindex/Pods.build/Debug-iphonesimulator/React-Core-prebuilt.build/Objects-normal/undefined_arch/React-Core-prebuilt_dependency_info.dat
    export LD_EXPORT_SYMBOLS\=YES
    export LD_GENERATE_MAP_FILE\=NO
    export LD_MAP_FILE_PATH\=/Users/vivek/Library/Developer/Xcode/DerivedData/dutchvocabbuilder-ekvgrffdbexgzcfvrslzlsvtuhiq/Build/Intermediates.noindex/Pods.build/Debug-iphonesimulator/React-Core-prebuilt.build/React-Core-prebuilt-LinkMap-normal-undefined_arch.txt
    export LD_NO_PIE\=NO
    export LD_QUOTE_LINKER_ARGUMENTS_FOR_COMPILER_DRIVER\=YES
    export LD_RUNPATH_SEARCH_PATHS\=\ @executable_path/Frameworks
    export LD_SHARED_CACHE_ELIGIBLE\=Automatic
    export LD_WARN_DUPLICATE_LIBRARIES\=NO
    export LD_WARN_UNUSED_DYLIBS\=NO
    export LEGACY_DEVELOPER_DIR\=/Applications/Xcode.app/Contents/PlugIns/Xcode3Core.ideplugin/Contents/SharedSupport/Developer
    export LEX\=lex
    export LIBRARY_DEXT_INSTALL_PATH\=/Library/DriverExtensions
    export LIBRARY_FLAG_NOSPACE\=YES
    export LIBRARY_KEXT_INSTALL_PATH\=/Library/Extensions
    export LINKER_DISPLAYS_MANGLED_NAMES\=NO
    export LINK_FILE_LIST_normal_arm64\=/Users/vivek/Library/Developer/Xcode/DerivedData/dutchvocabbuilder-ekvgrffdbexgzcfvrslzlsvtuhiq/Build/Intermediates.noindex/Pods.build/Debug-iphonesimulator/React-Core-prebuilt.build/Objects-normal/arm64/React-Core-prebuilt.LinkFileList
    export LINK_OBJC_RUNTIME\=YES
    export LINK_WITH_STANDARD_LIBRARIES\=YES
    export LLVM_TARGET_TRIPLE_OS_VERSION\=ios15.1
    export LLVM_TARGET_TRIPLE_SUFFIX\=-simulator
    export LLVM_TARGET_TRIPLE_VENDOR\=apple
    export LM_AUX_CONST_METADATA_LIST_PATH_normal_arm64\=/Users/vivek/Library/Developer/Xcode/DerivedData/dutchvocabbuilder-ekvgrffdbexgzcfvrslzlsvtuhiq/Build/Intermediates.noindex/Pods.build/Debug-iphonesimulator/React-Core-prebuilt.build/Objects-normal/arm64/React-Core-prebuilt.SwiftConstValuesFileList
    export LOCALIZATION_EXPORT_SUPPORTED\=YES
    export LOCALIZATION_PREFERS_STRING_CATALOGS\=NO
    export LOCALIZED_STRING_MACRO_NAMES\=NSLocalizedString\ CFCopyLocalizedString
    export LOCALIZED_STRING_SWIFTUI_SUPPORT\=YES
    export LOCAL_ADMIN_APPS_DIR\=/Applications/Utilities
    export LOCAL_APPS_DIR\=/Applications
    export LOCAL_DEVELOPER_DIR\=/Library/Developer
    export LOCAL_LIBRARY_DIR\=/Library
    export LOCROOT\=/Users/vivek/Documents/vide\ coding/antigravity/dutch\ vocab\ builder/dutch-vocab-builder/ios/Pods
    export LOCSYMROOT\=/Users/vivek/Documents/vide\ coding/antigravity/dutch\ vocab\ builder/dutch-vocab-builder/ios/Pods
    export MAC_OS_X_PRODUCT_BUILD_VERSION\=24G90
    export MAC_OS_X_VERSION_ACTUAL\=150601
    export MAC_OS_X_VERSION_MAJOR\=150000
    export MAC_OS_X_VERSION_MINOR\=150600
    export MAKE_MERGEABLE\=NO
    export MERGEABLE_LIBRARY\=NO
    export MERGED_BINARY_TYPE\=none
    export MERGE_LINKED_LIBRARIES\=NO
    export METAL_LIBRARY_FILE_BASE\=default
    export METAL_LIBRARY_OUTPUT_DIR\=/Users/vivek/Library/Developer/Xcode/DerivedData/dutchvocabbuilder-ekvgrffdbexgzcfvrslzlsvtuhiq/Build/Products/Debug-iphonesimulator/React-Core-prebuilt/
    export MODULE_CACHE_DIR\=/Users/vivek/Library/Developer/Xcode/DerivedData/ModuleCache.noindex
    export MTL_ENABLE_DEBUG_INFO\=INCLUDE_SOURCE
    export MTL_FAST_MATH\=YES
    export NATIVE_ARCH\=arm64
    export NATIVE_ARCH_32_BIT\=arm
    export NATIVE_ARCH_64_BIT\=arm64
    export NATIVE_ARCH_ACTUAL\=arm64
    export NO_COMMON\=YES
    export OBJC_ABI_VERSION\=2
    export OBJECT_FILE_DIR\=/Users/vivek/Library/Developer/Xcode/DerivedData/dutchvocabbuilder-ekvgrffdbexgzcfvrslzlsvtuhiq/Build/Intermediates.noindex/Pods.build/Debug-iphonesimulator/React-Core-prebuilt.build/Objects
    export OBJECT_FILE_DIR_normal\=/Users/vivek/Library/Developer/Xcode/DerivedData/dutchvocabbuilder-ekvgrffdbexgzcfvrslzlsvtuhiq/Build/Intermediates.noindex/Pods.build/Debug-iphonesimulator/React-Core-prebuilt.build/Objects-normal
    export OBJROOT\=/Users/vivek/Library/Developer/Xcode/DerivedData/dutchvocabbuilder-ekvgrffdbexgzcfvrslzlsvtuhiq/Build/Intermediates.noindex
    export ONLY_ACTIVE_ARCH\=YES
    export OS\=MACOS
    export OSAC\=/usr/bin/osacompile
    export OTHER_CPLUSPLUSFLAGS\=\ -DRCT_NEW_ARCH_ENABLED\=1\ \ 
    export PASCAL_STRINGS\=YES
    export PATH\=/Applications/Xcode.app/Contents/SharedFrameworks/XCBuild.framework/Versions/A/PlugIns/XCBBuildService.bundle/Contents/PlugIns/XCBSpecifications.ideplugin/Contents/Resources:/Applications/Xcode.app/Contents/SharedFrameworks/XCBuild.framework/Versions/A/PlugIns/XCBBuildService.bundle/Contents/PlugIns/XCBSpecifications.ideplugin:/Applications/Xcode.app/Contents/Developer/Toolchains/XcodeDefault.xctoolchain/usr/bin:/Applications/Xcode.app/Contents/Developer/Toolchains/XcodeDefault.xctoolchain/usr/appleinternal/bin:/Applications/Xcode.app/Contents/Developer/Toolchains/XcodeDefault.xctoolchain/usr/local/bin:/Applications/Xcode.app/Contents/Developer/Toolchains/XcodeDefault.xctoolchain/usr/libexec:/Applications/Xcode.app/Contents/Developer/Platforms/iPhoneSimulator.platform/usr/bin:/Applications/Xcode.app/Contents/Developer/Platforms/iPhoneSimulator.platform/usr/appleinternal/bin:/Applications/Xcode.app/Contents/Developer/Platforms/iPhoneSimulator.platform/usr/local/bin:/Applications/Xcode.app/Contents/Developer/Platforms/iPhoneSimulator.platform/Developer/usr/bin:/Applications/Xcode.app/Contents/Developer/Platforms/iPhoneSimulator.platform/Developer/usr/local/bin:/Applications/Xcode.app/Contents/Developer/usr/bin:/Applications/Xcode.app/Contents/Developer/usr/local/bin:/Users/vivek/Documents/vide\ coding/antigravity/dutch\ vocab\ builder/dutch-vocab-builder/node_modules/.bin:/Users/vivek/Documents/vide\ coding/antigravity/dutch\ vocab\ builder/node_modules/.bin:/Users/vivek/Documents/vide\ coding/antigravity/node_modules/.bin:/Users/vivek/Documents/vide\ coding/node_modules/.bin:/Users/vivek/Documents/node_modules/.bin:/Users/vivek/node_modules/.bin:/Users/node_modules/.bin:/node_modules/.bin:/usr/local/lib/node_modules/npm/node_modules/@npmcli/run-script/lib/node-gyp-bin:/Users/vivek/Downloads/google-cloud-sdk/bin:/Users/vivek/.antigravity/antigravity/bin:/Users/vivek/.local/bin:/opt/homebrew/bin:/opt/homebrew/sbin:/usr/local/bin:/System/Cryptexes/App/usr/bin:/usr/bin:/bin:/usr/sbin:/sbin:/var/run/com.apple.security.cryptexd/codex.system/bootstrap/usr/local/bin:/var/run/com.apple.security.cryptexd/codex.system/bootstrap/usr/bin:/var/run/com.apple.security.cryptexd/codex.system/bootstrap/usr/appleinternal/bin:/Library/Apple/usr/bin:/Users/vivek/.cargo/bin
    export PATH_PREFIXES_EXCLUDED_FROM_HEADER_DEPENDENCIES\=/usr/include\ /usr/local/include\ /System/Library/Frameworks\ /System/Library/PrivateFrameworks\ /Applications/Xcode.app/Contents/Developer/Headers\ /Applications/Xcode.app/Contents/Developer/SDKs\ /Applications/Xcode.app/Contents/Developer/Platforms
    export PER_ARCH_OBJECT_FILE_DIR\=/Users/vivek/Library/Developer/Xcode/DerivedData/dutchvocabbuilder-ekvgrffdbexgzcfvrslzlsvtuhiq/Build/Intermediates.noindex/Pods.build/Debug-iphonesimulator/React-Core-prebuilt.build/Objects-normal/undefined_arch
    export PER_VARIANT_OBJECT_FILE_DIR\=/Users/vivek/Library/Developer/Xcode/DerivedData/dutchvocabbuilder-ekvgrffdbexgzcfvrslzlsvtuhiq/Build/Intermediates.noindex/Pods.build/Debug-iphonesimulator/React-Core-prebuilt.build/Objects-normal
    export PKGINFO_FILE_PATH\=/Users/vivek/Library/Developer/Xcode/DerivedData/dutchvocabbuilder-ekvgrffdbexgzcfvrslzlsvtuhiq/Build/Intermediates.noindex/Pods.build/Debug-iphonesimulator/React-Core-prebuilt.build/PkgInfo
    export PLATFORM_DEVELOPER_APPLICATIONS_DIR\=/Applications/Xcode.app/Contents/Developer/Platforms/iPhoneSimulator.platform/Developer/Applications
    export PLATFORM_DEVELOPER_BIN_DIR\=/Applications/Xcode.app/Contents/Developer/Platforms/iPhoneSimulator.platform/Developer/usr/bin
    export PLATFORM_DEVELOPER_LIBRARY_DIR\=/Applications/Xcode.app/Contents/Developer/Platforms/iPhoneSimulator.platform/Developer/Library
    export PLATFORM_DEVELOPER_SDK_DIR\=/Applications/Xcode.app/Contents/Developer/Platforms/iPhoneSimulator.platform/Developer/SDKs
    export PLATFORM_DEVELOPER_TOOLS_DIR\=/Applications/Xcode.app/Contents/Developer/Platforms/iPhoneSimulator.platform/Developer/Tools
    export PLATFORM_DEVELOPER_USR_DIR\=/Applications/Xcode.app/Contents/Developer/Platforms/iPhoneSimulator.platform/Developer/usr
    export PLATFORM_DIR\=/Applications/Xcode.app/Contents/Developer/Platforms/iPhoneSimulator.platform
    export PLATFORM_DISPLAY_NAME\=iOS\ Simulator
    export PLATFORM_FAMILY_NAME\=iOS
    export PLATFORM_NAME\=iphonesimulator
    export PLATFORM_PREFERRED_ARCH\=x86_64
    export PLATFORM_PRODUCT_BUILD_VERSION\=22C146
    export PLIST_FILE_OUTPUT_FORMAT\=binary
    export PODS_BUILD_DIR\=/Users/vivek/Library/Developer/Xcode/DerivedData/dutchvocabbuilder-ekvgrffdbexgzcfvrslzlsvtuhiq/Build/Products
    export PODS_CONFIGURATION_BUILD_DIR\=/Users/vivek/Library/Developer/Xcode/DerivedData/dutchvocabbuilder-ekvgrffdbexgzcfvrslzlsvtuhiq/Build/Products/Debug-iphonesimulator
    export PODS_DEVELOPMENT_LANGUAGE\=en
    export PODS_ROOT\=/Users/vivek/Documents/vide\ coding/antigravity/dutch\ vocab\ builder/dutch-vocab-builder/ios/Pods
    export PODS_TARGET_SRCROOT\=/Users/vivek/Documents/vide\ coding/antigravity/dutch\ vocab\ builder/dutch-vocab-builder/ios/Pods/React-Core-prebuilt
    export PODS_XCFRAMEWORKS_BUILD_DIR\=/Users/vivek/Library/Developer/Xcode/DerivedData/dutchvocabbuilder-ekvgrffdbexgzcfvrslzlsvtuhiq/Build/Products/Debug-iphonesimulator/XCFrameworkIntermediates
    export PRECOMPS_INCLUDE_HEADERS_FROM_BUILT_PRODUCTS_DIR\=YES
    export PRECOMP_DESTINATION_DIR\=/Users/vivek/Library/Developer/Xcode/DerivedData/dutchvocabbuilder-ekvgrffdbexgzcfvrslzlsvtuhiq/Build/Intermediates.noindex/Pods.build/Debug-iphonesimulator/React-Core-prebuilt.build/PrefixHeaders
    export PROCESSED_INFOPLIST_PATH\=/Users/vivek/Library/Developer/Xcode/DerivedData/dutchvocabbuilder-ekvgrffdbexgzcfvrslzlsvtuhiq/Build/Intermediates.noindex/Pods.build/Debug-iphonesimulator/React-Core-prebuilt.build/Objects-normal/undefined_arch/Processed-Info.plist
    export PRODUCT_BUNDLE_IDENTIFIER\=org.cocoapods.React-Core-prebuilt
    export PRODUCT_MODULE_NAME\=React_Core_prebuilt
    export PRODUCT_NAME\=React-Core-prebuilt
    export PRODUCT_SETTINGS_PATH\=
    export PROFILING_CODE\=NO
    export PROJECT\=Pods
    export PROJECT_DERIVED_FILE_DIR\=/Users/vivek/Library/Developer/Xcode/DerivedData/dutchvocabbuilder-ekvgrffdbexgzcfvrslzlsvtuhiq/Build/Intermediates.noindex/Pods.build/DerivedSources
    export PROJECT_DIR\=/Users/vivek/Documents/vide\ coding/antigravity/dutch\ vocab\ builder/dutch-vocab-builder/ios/Pods
    export PROJECT_FILE_PATH\=/Users/vivek/Documents/vide\ coding/antigravity/dutch\ vocab\ builder/dutch-vocab-builder/ios/Pods/Pods.xcodeproj
    export PROJECT_GUID\=8699adb1dd336b26511df848a716bd42
    export PROJECT_NAME\=Pods
    export PROJECT_TEMP_DIR\=/Users/vivek/Library/Developer/Xcode/DerivedData/dutchvocabbuilder-ekvgrffdbexgzcfvrslzlsvtuhiq/Build/Intermediates.noindex/Pods.build
    export PROJECT_TEMP_ROOT\=/Users/vivek/Library/Developer/Xcode/DerivedData/dutchvocabbuilder-ekvgrffdbexgzcfvrslzlsvtuhiq/Build/Intermediates.noindex
    export REACT_NATIVE_PATH\=/Users/vivek/Documents/vide\ coding/antigravity/dutch\ vocab\ builder/dutch-vocab-builder/ios/Pods/../../node_modules/react-native
    export RECOMMENDED_IPHONEOS_DEPLOYMENT_TARGET\=15.0
    export RECURSIVE_SEARCH_PATHS_FOLLOW_SYMLINKS\=YES
    export REMOVE_CVS_FROM_RESOURCES\=YES
    export REMOVE_GIT_FROM_RESOURCES\=YES
    export REMOVE_HEADERS_FROM_EMBEDDED_BUNDLES\=YES
    export REMOVE_HG_FROM_RESOURCES\=YES
    export REMOVE_STATIC_EXECUTABLES_FROM_EMBEDDED_BUNDLES\=YES
    export REMOVE_SVN_FROM_RESOURCES\=YES
    export RESCHEDULE_INDEPENDENT_HEADERS_PHASES\=YES
    export REZ_COLLECTOR_DIR\=/Users/vivek/Library/Developer/Xcode/DerivedData/dutchvocabbuilder-ekvgrffdbexgzcfvrslzlsvtuhiq/Build/Intermediates.noindex/Pods.build/Debug-iphonesimulator/React-Core-prebuilt.build/ResourceManagerResources
    export REZ_OBJECTS_DIR\=/Users/vivek/Library/Developer/Xcode/DerivedData/dutchvocabbuilder-ekvgrffdbexgzcfvrslzlsvtuhiq/Build/Intermediates.noindex/Pods.build/Debug-iphonesimulator/React-Core-prebuilt.build/ResourceManagerResources/Objects
    export SCAN_ALL_SOURCE_FILES_FOR_INCLUDES\=NO
    export SCRIPT_INPUT_FILE_COUNT\=0
    export SCRIPT_INPUT_FILE_LIST_COUNT\=0
    export SCRIPT_OUTPUT_FILE_COUNT\=0
    export SCRIPT_OUTPUT_FILE_LIST_COUNT\=0
    export SDKROOT\=/Applications/Xcode.app/Contents/Developer/Platforms/iPhoneSimulator.platform/Developer/SDKs/iPhoneSimulator18.2.sdk
    export SDK_DIR\=/Applications/Xcode.app/Contents/Developer/Platforms/iPhoneSimulator.platform/Developer/SDKs/iPhoneSimulator18.2.sdk
    export SDK_DIR_iphonesimulator\=/Applications/Xcode.app/Contents/Developer/Platforms/iPhoneSimulator.platform/Developer/SDKs/iPhoneSimulator18.2.sdk
    export SDK_DIR_iphonesimulator18_2\=/Applications/Xcode.app/Contents/Developer/Platforms/iPhoneSimulator.platform/Developer/SDKs/iPhoneSimulator18.2.sdk
    export SDK_NAME\=iphonesimulator18.2
    export SDK_NAMES\=iphonesimulator18.2
    export SDK_PRODUCT_BUILD_VERSION\=22C146
    export SDK_STAT_CACHE_DIR\=/Users/vivek/Library/Developer/Xcode/DerivedData
    export SDK_STAT_CACHE_ENABLE\=YES
    export SDK_STAT_CACHE_PATH\=/Users/vivek/Library/Developer/Xcode/DerivedData/SDKStatCaches.noindex/iphonesimulator18.2-22C146-07b28473f605e47e75261259d3ef3b5a.sdkstatcache
    export SDK_VERSION\=18.2
    export SDK_VERSION_ACTUAL\=180200
    export SDK_VERSION_MAJOR\=180000
    export SDK_VERSION_MINOR\=180200
    export SED\=/usr/bin/sed
    export SEPARATE_STRIP\=NO
    export SEPARATE_SYMBOL_EDIT\=NO
    export SET_DIR_MODE_OWNER_GROUP\=YES
    export SET_FILE_MODE_OWNER_GROUP\=NO
    export SHALLOW_BUNDLE\=NO
    export SHARED_DERIVED_FILE_DIR\=/Users/vivek/Library/Developer/Xcode/DerivedData/dutchvocabbuilder-ekvgrffdbexgzcfvrslzlsvtuhiq/Build/Products/Debug-iphonesimulator/React-Core-prebuilt/DerivedSources
    export SHARED_PRECOMPS_DIR\=/Users/vivek/Library/Developer/Xcode/DerivedData/dutchvocabbuilder-ekvgrffdbexgzcfvrslzlsvtuhiq/Build/Intermediates.noindex/PrecompiledHeaders
    export SKIP_INSTALL\=YES
    export SOURCE_ROOT\=/Users/vivek/Documents/vide\ coding/antigravity/dutch\ vocab\ builder/dutch-vocab-builder/ios/Pods
    export SRCROOT\=/Users/vivek/Documents/vide\ coding/antigravity/dutch\ vocab\ builder/dutch-vocab-builder/ios/Pods
    export STRINGSDATA_DIR\=/Users/vivek/Library/Developer/Xcode/DerivedData/dutchvocabbuilder-ekvgrffdbexgzcfvrslzlsvtuhiq/Build/Intermediates.noindex/Pods.build/Debug-iphonesimulator/React-Core-prebuilt.build/Objects-normal/undefined_arch
    export STRINGSDATA_ROOT\=/Users/vivek/Library/Developer/Xcode/DerivedData/dutchvocabbuilder-ekvgrffdbexgzcfvrslzlsvtuhiq/Build/Intermediates.noindex/Pods.build/Debug-iphonesimulator/React-Core-prebuilt.build
    export STRINGS_FILE_INFOPLIST_RENAME\=YES
    export STRINGS_FILE_OUTPUT_ENCODING\=binary
    export STRIP_BITCODE_FROM_COPIED_FILES\=NO
    export STRIP_INSTALLED_PRODUCT\=NO
    export STRIP_STYLE\=all
    export STRIP_SWIFT_SYMBOLS\=YES
    export SUPPORTED_DEVICE_FAMILIES\=1,2
    export SUPPORTED_PLATFORMS\=iphoneos\ iphonesimulator
    export SUPPORTS_TEXT_BASED_API\=NO
    export SUPPRESS_WARNINGS\=NO
    export SWIFT_ACTIVE_COMPILATION_CONDITIONS\=\ DEBUG
    export SWIFT_EMIT_LOC_STRINGS\=NO
    export SWIFT_ENABLE_EXPLICIT_MODULES\=NO
    export SWIFT_OPTIMIZATION_LEVEL\=-Onone
    export SWIFT_PLATFORM_TARGET_PREFIX\=ios
    export SWIFT_RESPONSE_FILE_PATH_normal_arm64\=/Users/vivek/Library/Developer/Xcode/DerivedData/dutchvocabbuilder-ekvgrffdbexgzcfvrslzlsvtuhiq/Build/Intermediates.noindex/Pods.build/Debug-iphonesimulator/React-Core-prebuilt.build/Objects-normal/arm64/React-Core-prebuilt.SwiftFileList
    export SWIFT_VERSION\=5.0
    export SYMROOT\=/Users/vivek/Library/Developer/Xcode/DerivedData/dutchvocabbuilder-ekvgrffdbexgzcfvrslzlsvtuhiq/Build/Products
    export SYSTEM_ADMIN_APPS_DIR\=/Applications/Utilities
    export SYSTEM_APPS_DIR\=/Applications
    export SYSTEM_CORE_SERVICES_DIR\=/System/Library/CoreServices
    export SYSTEM_DEMOS_DIR\=/Applications/Extras
    export SYSTEM_DEVELOPER_APPS_DIR\=/Applications/Xcode.app/Contents/Developer/Applications
    export SYSTEM_DEVELOPER_BIN_DIR\=/Applications/Xcode.app/Contents/Developer/usr/bin
    export SYSTEM_DEVELOPER_DEMOS_DIR\=/Applications/Xcode.app/Contents/Developer/Applications/Utilities/Built\ Examples
    export SYSTEM_DEVELOPER_DIR\=/Applications/Xcode.app/Contents/Developer
    export SYSTEM_DEVELOPER_DOC_DIR\=/Applications/Xcode.app/Contents/Developer/ADC\ Reference\ Library
    export SYSTEM_DEVELOPER_GRAPHICS_TOOLS_DIR\=/Applications/Xcode.app/Contents/Developer/Applications/Graphics\ Tools
    export SYSTEM_DEVELOPER_JAVA_TOOLS_DIR\=/Applications/Xcode.app/Contents/Developer/Applications/Java\ Tools
    export SYSTEM_DEVELOPER_PERFORMANCE_TOOLS_DIR\=/Applications/Xcode.app/Contents/Developer/Applications/Performance\ Tools
    export SYSTEM_DEVELOPER_RELEASENOTES_DIR\=/Applications/Xcode.app/Contents/Developer/ADC\ Reference\ Library/releasenotes
    export SYSTEM_DEVELOPER_TOOLS\=/Applications/Xcode.app/Contents/Developer/Tools
    export SYSTEM_DEVELOPER_TOOLS_DOC_DIR\=/Applications/Xcode.app/Contents/Developer/ADC\ Reference\ Library/documentation/DeveloperTools
    export SYSTEM_DEVELOPER_TOOLS_RELEASENOTES_DIR\=/Applications/Xcode.app/Contents/Developer/ADC\ Reference\ Library/releasenotes/DeveloperTools
    export SYSTEM_DEVELOPER_USR_DIR\=/Applications/Xcode.app/Contents/Developer/usr
    export SYSTEM_DEVELOPER_UTILITIES_DIR\=/Applications/Xcode.app/Contents/Developer/Applications/Utilities
    export SYSTEM_DEXT_INSTALL_PATH\=/System/Library/DriverExtensions
    export SYSTEM_DOCUMENTATION_DIR\=/Library/Documentation
    export SYSTEM_KEXT_INSTALL_PATH\=/System/Library/Extensions
    export SYSTEM_LIBRARY_DIR\=/System/Library
    export TAPI_DEMANGLE\=YES
    export TAPI_ENABLE_PROJECT_HEADERS\=NO
    export TAPI_LANGUAGE\=objective-c
    export TAPI_LANGUAGE_STANDARD\=compiler-default
    export TAPI_USE_SRCROOT\=YES
    export TAPI_VERIFY_MODE\=Pedantic
    export TARGETED_DEVICE_FAMILY\=1,2
    export TARGETNAME\=React-Core-prebuilt
    export TARGET_BUILD_DIR\=/Users/vivek/Library/Developer/Xcode/DerivedData/dutchvocabbuilder-ekvgrffdbexgzcfvrslzlsvtuhiq/Build/Products/Debug-iphonesimulator/React-Core-prebuilt
    export TARGET_DEVICE_IDENTIFIER\=26CBEFC5-7D3A-41B2-B7D6-D5F9CE78E77D
    export TARGET_DEVICE_MODEL\=iPhone17,3
    export TARGET_DEVICE_OS_VERSION\=18.3.1
    export TARGET_DEVICE_PLATFORM_NAME\=iphonesimulator
    export TARGET_NAME\=React-Core-prebuilt
    export TARGET_TEMP_DIR\=/Users/vivek/Library/Developer/Xcode/DerivedData/dutchvocabbuilder-ekvgrffdbexgzcfvrslzlsvtuhiq/Build/Intermediates.noindex/Pods.build/Debug-iphonesimulator/React-Core-prebuilt.build
    export TEMP_DIR\=/Users/vivek/Library/Developer/Xcode/DerivedData/dutchvocabbuilder-ekvgrffdbexgzcfvrslzlsvtuhiq/Build/Intermediates.noindex/Pods.build/Debug-iphonesimulator/React-Core-prebuilt.build
    export TEMP_FILES_DIR\=/Users/vivek/Library/Developer/Xcode/DerivedData/dutchvocabbuilder-ekvgrffdbexgzcfvrslzlsvtuhiq/Build/Intermediates.noindex/Pods.build/Debug-iphonesimulator/React-Core-prebuilt.build
    export TEMP_FILE_DIR\=/Users/vivek/Library/Developer/Xcode/DerivedData/dutchvocabbuilder-ekvgrffdbexgzcfvrslzlsvtuhiq/Build/Intermediates.noindex/Pods.build/Debug-iphonesimulator/React-Core-prebuilt.build
    export TEMP_ROOT\=/Users/vivek/Library/Developer/Xcode/DerivedData/dutchvocabbuilder-ekvgrffdbexgzcfvrslzlsvtuhiq/Build/Intermediates.noindex
    export TEST_FRAMEWORK_SEARCH_PATHS\=\ /Applications/Xcode.app/Contents/Developer/Platforms/iPhoneSimulator.platform/Developer/Library/Frameworks\ /Applications/Xcode.app/Contents/Developer/Platforms/iPhoneSimulator.platform/Developer/SDKs/iPhoneSimulator18.2.sdk/Developer/Library/Frameworks
    export TEST_LIBRARY_SEARCH_PATHS\=\ /Applications/Xcode.app/Contents/Developer/Platforms/iPhoneSimulator.platform/Developer/usr/lib
    export TOOLCHAINS\=com.apple.dt.toolchain.XcodeDefault
    export TOOLCHAIN_DIR\=/Applications/Xcode.app/Contents/Developer/Toolchains/XcodeDefault.xctoolchain
    export TREAT_MISSING_BASELINES_AS_TEST_FAILURES\=NO
    export TREAT_MISSING_SCRIPT_PHASE_OUTPUTS_AS_ERRORS\=NO
    export UID\=501
    export UNINSTALLED_PRODUCTS_DIR\=/Users/vivek/Library/Developer/Xcode/DerivedData/dutchvocabbuilder-ekvgrffdbexgzcfvrslzlsvtuhiq/Build/Intermediates.noindex/UninstalledProducts
    export UNSTRIPPED_PRODUCT\=NO
    export USER\=vivek
    export USER_APPS_DIR\=/Users/vivek/Applications
    export USER_LIBRARY_DIR\=/Users/vivek/Library
    export USE_DYNAMIC_NO_PIC\=YES
    export USE_HEADERMAP\=YES
    export USE_HEADER_SYMLINKS\=NO
    export USE_HERMES\=true
    export USE_RECURSIVE_SCRIPT_INPUTS_IN_SCRIPT_PHASES\=YES
    export VALIDATE_DEVELOPMENT_ASSET_PATHS\=YES_ERROR
    export VALIDATE_PRODUCT\=NO
    export VALID_ARCHS\=arm64\ arm64e\ i386\ x86_64
    export VERBOSE_PBXCP\=NO
    export VERSION_INFO_BUILDER\=vivek
    export VERSION_INFO_FILE\=React-Core-prebuilt_vers.c
    export VERSION_INFO_STRING\=\"@\(\#\)PROGRAM:React-Core-prebuilt\ \ PROJECT:Pods-\"
    export WORKSPACE_DIR\=/Users/vivek/Documents/vide\ coding/antigravity/dutch\ vocab\ builder/dutch-vocab-builder/ios
    export WRAP_ASSET_PACKS_IN_SEPARATE_DIRECTORIES\=NO
    export XCODE_APP_SUPPORT_DIR\=/Applications/Xcode.app/Contents/Developer/Library/Xcode
    export XCODE_PRODUCT_BUILD_VERSION\=16C5032a
    export XCODE_VERSION_ACTUAL\=1620
    export XCODE_VERSION_MAJOR\=1600
    export XCODE_VERSION_MINOR\=1620
    export XPCSERVICES_FOLDER_PATH\=/XPCServices
    export YACC\=yacc
    export arch\=undefined_arch
    export variant\=normal
    /bin/sh -c /Users/vivek/Library/Developer/Xcode/DerivedData/dutchvocabbuilder-ekvgrffdbexgzcfvrslzlsvtuhiq/Build/Intermediates.noindex/Pods.build/Debug-iphonesimulator/React-Core-prebuilt.build/Script-46EB2E0001F7F0.sh
Node found at: /usr/local/bin/node
No previous build detected, but Debug Configuration. No need to replace React-Core-prebuilt

note: Run script build phase '[CP-User] [RN]Check FBReactNativeSpec' will be run during every build because the option to run the script phase "Based on dependency analysis" is unchecked. (in target 'React-RCTFBReactNativeSpec' from project 'Pods')
PhaseScriptExecution [CP-User]\ [RN]Check\ FBReactNativeSpec /Users/vivek/Library/Developer/Xcode/DerivedData/dutchvocabbuilder-ekvgrffdbexgzcfvrslzlsvtuhiq/Build/Intermediates.noindex/Pods.build/Debug-iphonesimulator/React-RCTFBReactNativeSpec.build/Script-46EB2E0001F800.sh (in target 'React-RCTFBReactNativeSpec' from project 'Pods')
    cd /Users/vivek/Documents/vide\ coding/antigravity/dutch\ vocab\ builder/dutch-vocab-builder/ios/Pods
    export ACTION\=build
    export AD_HOC_CODE_SIGNING_ALLOWED\=YES
    export ALLOW_BUILD_REQUEST_OVERRIDES\=NO
    export ALLOW_TARGET_PLATFORM_SPECIALIZATION\=NO
    export ALTERNATE_GROUP\=staff
    export ALTERNATE_MODE\=u+w,go-w,a+rX
    export ALTERNATE_OWNER\=vivek
    export ALTERNATIVE_DISTRIBUTION_WEB\=NO
    export ALWAYS_EMBED_SWIFT_STANDARD_LIBRARIES\=NO
    export ALWAYS_SEARCH_USER_PATHS\=NO
    export ALWAYS_USE_SEPARATE_HEADERMAPS\=NO
    export APPLE_INTERNAL_DEVELOPER_DIR\=/AppleInternal/Developer
    export APPLE_INTERNAL_DIR\=/AppleInternal
    export APPLE_INTERNAL_DOCUMENTATION_DIR\=/AppleInternal/Documentation
    export APPLE_INTERNAL_LIBRARY_DIR\=/AppleInternal/Library
    export APPLE_INTERNAL_TOOLS\=/AppleInternal/Developer/Tools
    export APPLICATION_EXTENSION_API_ONLY\=NO
    export APPLY_RULES_IN_COPY_FILES\=NO
    export APPLY_RULES_IN_COPY_HEADERS\=NO
    export APP_SHORTCUTS_ENABLE_FLEXIBLE_MATCHING\=YES
    export ARCHS\=arm64
    export ARCHS_STANDARD\=arm64\ x86_64
    export ARCHS_STANDARD_32_64_BIT\=arm64\ i386\ x86_64
    export ARCHS_STANDARD_32_BIT\=i386
    export ARCHS_STANDARD_64_BIT\=arm64\ x86_64
    export ARCHS_STANDARD_INCLUDING_64_BIT\=arm64\ x86_64
    export ARCHS_UNIVERSAL_IPHONE_OS\=arm64\ i386\ x86_64
    export ASSETCATALOG_COMPILER_APPICON_NAME\=AppIcon
    export ASSETCATALOG_COMPILER_GENERATE_ASSET_SYMBOLS\=YES
    export ASSETCATALOG_COMPILER_GLOBAL_ACCENT_COLOR_NAME\=AccentColor
    export ASSETCATALOG_FILTER_FOR_DEVICE_MODEL\=iPhone17,3
    export ASSETCATALOG_FILTER_FOR_DEVICE_OS_VERSION\=18.3.1
    export ASSETCATALOG_FILTER_FOR_THINNING_DEVICE_CONFIGURATION\=iPhone17,3
    export AUTOMATICALLY_MERGE_DEPENDENCIES\=NO
    export AVAILABLE_PLATFORMS\=appletvos\ appletvsimulator\ driverkit\ iphoneos\ iphonesimulator\ macosx\ watchos\ watchsimulator\ xros\ xrsimulator
    export BITCODE_GENERATION_MODE\=marker
    export BUILD_ACTIVE_RESOURCES_ONLY\=YES
    export BUILD_COMPONENTS\=headers\ build
    export BUILD_DIR\=/Users/vivek/Library/Developer/Xcode/DerivedData/dutchvocabbuilder-ekvgrffdbexgzcfvrslzlsvtuhiq/Build/Products
    export BUILD_LIBRARY_FOR_DISTRIBUTION\=NO
    export BUILD_ROOT\=/Users/vivek/Library/Developer/Xcode/DerivedData/dutchvocabbuilder-ekvgrffdbexgzcfvrslzlsvtuhiq/Build/Products
    export BUILD_STYLE\=
    export BUILD_VARIANTS\=normal
    export BUILT_PRODUCTS_DIR\=/Users/vivek/Library/Developer/Xcode/DerivedData/dutchvocabbuilder-ekvgrffdbexgzcfvrslzlsvtuhiq/Build/Products/Debug-iphonesimulator/React-RCTFBReactNativeSpec
    export BUNDLE_CONTENTS_FOLDER_PATH_deep\=Contents/
    export BUNDLE_EXECUTABLE_FOLDER_NAME_deep\=MacOS
    export BUNDLE_EXTENSIONS_FOLDER_PATH\=Extensions
    export BUNDLE_FORMAT\=shallow
    export BUNDLE_FRAMEWORKS_FOLDER_PATH\=Frameworks
    export BUNDLE_PLUGINS_FOLDER_PATH\=PlugIns
    export BUNDLE_PRIVATE_HEADERS_FOLDER_PATH\=PrivateHeaders
    export BUNDLE_PUBLIC_HEADERS_FOLDER_PATH\=Headers
    export CACHE_ROOT\=/var/folders/kv/kwypt64n4194rht2wdsgvgcm0000gn/C/com.apple.DeveloperTools/16.2-16C5032a/Xcode
    export CCHROOT\=/var/folders/kv/kwypt64n4194rht2wdsgvgcm0000gn/C/com.apple.DeveloperTools/16.2-16C5032a/Xcode
    export CHMOD\=/bin/chmod
    export CHOWN\=/usr/sbin/chown
    export CLANG_ANALYZER_LOCALIZABILITY_NONLOCALIZED\=YES
    export CLANG_ANALYZER_NONNULL\=YES
    export CLANG_ANALYZER_NUMBER_OBJECT_CONVERSION\=YES_AGGRESSIVE
    export CLANG_CACHE_FINE_GRAINED_OUTPUTS\=YES
    export CLANG_CXX_LANGUAGE_STANDARD\=c++20
    export CLANG_CXX_LIBRARY\=libc++
    export CLANG_ENABLE_EXPLICIT_MODULES\=YES
    export CLANG_ENABLE_MODULES\=YES
    export CLANG_ENABLE_OBJC_ARC\=YES
    export CLANG_ENABLE_OBJC_WEAK\=NO
    export CLANG_MODULES_BUILD_SESSION_FILE\=/Users/vivek/Library/Developer/Xcode/DerivedData/ModuleCache.noindex/Session.modulevalidation
    export CLANG_WARN_BLOCK_CAPTURE_AUTORELEASING\=YES
    export CLANG_WARN_BOOL_CONVERSION\=YES
    export CLANG_WARN_COMMA\=YES
    export CLANG_WARN_CONSTANT_CONVERSION\=YES
    export CLANG_WARN_DEPRECATED_OBJC_IMPLEMENTATIONS\=YES
    export CLANG_WARN_DIRECT_OBJC_ISA_USAGE\=YES_ERROR
    export CLANG_WARN_DOCUMENTATION_COMMENTS\=YES
    export CLANG_WARN_EMPTY_BODY\=YES
    export CLANG_WARN_ENUM_CONVERSION\=YES
    export CLANG_WARN_INFINITE_RECURSION\=YES
    export CLANG_WARN_INT_CONVERSION\=YES
    export CLANG_WARN_NON_LITERAL_NULL_CONVERSION\=YES
    export CLANG_WARN_OBJC_IMPLICIT_RETAIN_SELF\=YES
    export CLANG_WARN_OBJC_LITERAL_CONVERSION\=YES
    export CLANG_WARN_OBJC_ROOT_CLASS\=YES_ERROR
    export CLANG_WARN_QUOTED_INCLUDE_IN_FRAMEWORK_HEADER\=NO
    export CLANG_WARN_RANGE_LOOP_ANALYSIS\=YES
    export CLANG_WARN_STRICT_PROTOTYPES\=YES
    export CLANG_WARN_SUSPICIOUS_MOVE\=YES
    export CLANG_WARN_UNGUARDED_AVAILABILITY\=YES_AGGRESSIVE
    export CLANG_WARN_UNREACHABLE_CODE\=YES
    export CLANG_WARN__DUPLICATE_METHOD_MATCH\=YES
    export CLASS_FILE_DIR\=/Users/vivek/Library/Developer/Xcode/DerivedData/dutchvocabbuilder-ekvgrffdbexgzcfvrslzlsvtuhiq/Build/Intermediates.noindex/Pods.build/Debug-iphonesimulator/React-RCTFBReactNativeSpec.build/JavaClasses
    export CLEAN_PRECOMPS\=YES
    export CLONE_HEADERS\=NO
    export CODESIGNING_FOLDER_PATH\=/Users/vivek/Library/Developer/Xcode/DerivedData/dutchvocabbuilder-ekvgrffdbexgzcfvrslzlsvtuhiq/Build/Products/Debug-iphonesimulator/React-RCTFBReactNativeSpec/
    export CODE_SIGNING_ALLOWED\=NO
    export CODE_SIGNING_REQUIRED\=YES
    export CODE_SIGN_CONTEXT_CLASS\=XCiPhoneSimulatorCodeSignContext
    export CODE_SIGN_IDENTITY\=-
    export CODE_SIGN_INJECT_BASE_ENTITLEMENTS\=YES
    export COLOR_DIAGNOSTICS\=NO
    export COMBINE_HIDPI_IMAGES\=NO
    export COMPILATION_CACHE_CAS_PATH\=/Users/vivek/Library/Developer/Xcode/DerivedData/CompilationCache.noindex
    export COMPILATION_CACHE_KEEP_CAS_DIRECTORY\=YES
    export COMPILER_INDEX_STORE_ENABLE\=Default
    export COMPOSITE_SDK_DIRS\=/Users/vivek/Library/Developer/Xcode/DerivedData/dutchvocabbuilder-ekvgrffdbexgzcfvrslzlsvtuhiq/Build/Intermediates.noindex/CompositeSDKs
    export COMPRESS_PNG_FILES\=YES
    export CONFIGURATION\=Debug
    export CONFIGURATION_BUILD_DIR\=/Users/vivek/Library/Developer/Xcode/DerivedData/dutchvocabbuilder-ekvgrffdbexgzcfvrslzlsvtuhiq/Build/Products/Debug-iphonesimulator/React-RCTFBReactNativeSpec
    export CONFIGURATION_TEMP_DIR\=/Users/vivek/Library/Developer/Xcode/DerivedData/dutchvocabbuilder-ekvgrffdbexgzcfvrslzlsvtuhiq/Build/Intermediates.noindex/Pods.build/Debug-iphonesimulator
    export COPYING_PRESERVES_HFS_DATA\=NO
    export COPY_HEADERS_RUN_UNIFDEF\=NO
    export COPY_PHASE_STRIP\=NO
    export CORRESPONDING_DEVICE_PLATFORM_DIR\=/Applications/Xcode.app/Contents/Developer/Platforms/iPhoneOS.platform
    export CORRESPONDING_DEVICE_PLATFORM_NAME\=iphoneos
    export CORRESPONDING_DEVICE_SDK_DIR\=/Applications/Xcode.app/Contents/Developer/Platforms/iPhoneOS.platform/Developer/SDKs/iPhoneOS18.2.sdk
    export CORRESPONDING_DEVICE_SDK_NAME\=iphoneos18.2
    export CP\=/bin/cp
    export CREATE_INFOPLIST_SECTION_IN_BINARY\=NO
    export CURRENT_ARCH\=undefined_arch
    export CURRENT_VARIANT\=normal
    export DEAD_CODE_STRIPPING\=YES
    export DEBUGGING_SYMBOLS\=YES
    export DEBUG_INFORMATION_FORMAT\=dwarf
    export DEBUG_INFORMATION_VERSION\=compiler-default
    export DEFAULT_COMPILER\=com.apple.compilers.llvm.clang.1_0
    export DEFAULT_DEXT_INSTALL_PATH\=/System/Library/DriverExtensions
    export DEFAULT_KEXT_INSTALL_PATH\=/System/Library/Extensions
    export DEFINES_MODULE\=NO
    export DEPLOYMENT_LOCATION\=NO
    export DEPLOYMENT_POSTPROCESSING\=NO
    export DEPLOYMENT_TARGET_SETTING_NAME\=IPHONEOS_DEPLOYMENT_TARGET
    export DEPLOYMENT_TARGET_SUGGESTED_VALUES\=12.0\ 12.1\ 12.2\ 12.3\ 12.4\ 13.0\ 13.1\ 13.2\ 13.3\ 13.4\ 13.5\ 13.6\ 14.0\ 14.1\ 14.2\ 14.3\ 14.4\ 14.5\ 14.6\ 14.7\ 15.0\ 15.1\ 15.2\ 15.3\ 15.4\ 15.5\ 15.6\ 16.0\ 16.1\ 16.2\ 16.3\ 16.4\ 16.5\ 16.6\ 17.0\ 17.1\ 17.2\ 17.3\ 17.4\ 17.5\ 17.6\ 18.0\ 18.1\ 18.2
    export DERIVED_FILES_DIR\=/Users/vivek/Library/Developer/Xcode/DerivedData/dutchvocabbuilder-ekvgrffdbexgzcfvrslzlsvtuhiq/Build/Intermediates.noindex/Pods.build/Debug-iphonesimulator/React-RCTFBReactNativeSpec.build/DerivedSources
    export DERIVED_FILE_DIR\=/Users/vivek/Library/Developer/Xcode/DerivedData/dutchvocabbuilder-ekvgrffdbexgzcfvrslzlsvtuhiq/Build/Intermediates.noindex/Pods.build/Debug-iphonesimulator/React-RCTFBReactNativeSpec.build/DerivedSources
    export DERIVED_SOURCES_DIR\=/Users/vivek/Library/Developer/Xcode/DerivedData/dutchvocabbuilder-ekvgrffdbexgzcfvrslzlsvtuhiq/Build/Intermediates.noindex/Pods.build/Debug-iphonesimulator/React-RCTFBReactNativeSpec.build/DerivedSources
    export DEVELOPER_APPLICATIONS_DIR\=/Applications/Xcode.app/Contents/Developer/Applications
    export DEVELOPER_BIN_DIR\=/Applications/Xcode.app/Contents/Developer/usr/bin
    export DEVELOPER_DIR\=/Applications/Xcode.app/Contents/Developer
    export DEVELOPER_FRAMEWORKS_DIR\=/Applications/Xcode.app/Contents/Developer/Library/Frameworks
    export DEVELOPER_FRAMEWORKS_DIR_QUOTED\=/Applications/Xcode.app/Contents/Developer/Library/Frameworks
    export DEVELOPER_LIBRARY_DIR\=/Applications/Xcode.app/Contents/Developer/Library
    export DEVELOPER_SDK_DIR\=/Applications/Xcode.app/Contents/Developer/Platforms/MacOSX.platform/Developer/SDKs
    export DEVELOPER_TOOLS_DIR\=/Applications/Xcode.app/Contents/Developer/Tools
    export DEVELOPER_USR_DIR\=/Applications/Xcode.app/Contents/Developer/usr
    export DEVELOPMENT_LANGUAGE\=en
    export DIFF\=/usr/bin/diff
    export DONT_GENERATE_INFOPLIST_FILE\=NO
    export DSTROOT\=/tmp/Pods.dst
    export DT_TOOLCHAIN_DIR\=/Applications/Xcode.app/Contents/Developer/Toolchains/XcodeDefault.xctoolchain
    export DWARF_DSYM_FILE_NAME\=.dSYM
    export DWARF_DSYM_FILE_SHOULD_ACCOMPANY_PRODUCT\=NO
    export DWARF_DSYM_FOLDER_PATH\=/Users/vivek/Library/Developer/Xcode/DerivedData/dutchvocabbuilder-ekvgrffdbexgzcfvrslzlsvtuhiq/Build/Products/Debug-iphonesimulator/React-RCTFBReactNativeSpec
    export DYNAMIC_LIBRARY_EXTENSION\=dylib
    export EAGER_COMPILATION_ALLOW_SCRIPTS\=NO
    export EAGER_LINKING\=NO
    export EFFECTIVE_PLATFORM_NAME\=-iphonesimulator
    export EMBEDDED_CONTENT_CONTAINS_SWIFT\=NO
    export EMBED_ASSET_PACKS_IN_PRODUCT_BUNDLE\=NO
    export ENABLE_APP_SANDBOX\=NO
    export ENABLE_BITCODE\=NO
    export ENABLE_CODE_COVERAGE\=YES
    export ENABLE_DEFAULT_HEADER_SEARCH_PATHS\=YES
    export ENABLE_DEFAULT_SEARCH_PATHS\=YES
    export ENABLE_HARDENED_RUNTIME\=NO
    export ENABLE_HEADER_DEPENDENCIES\=YES
    export ENABLE_ON_DEMAND_RESOURCES\=NO
    export ENABLE_PREVIEWS\=NO
    export ENABLE_STRICT_OBJC_MSGSEND\=YES
    export ENABLE_TESTABILITY\=YES
    export ENABLE_TESTING_SEARCH_PATHS\=NO
    export ENABLE_USER_SCRIPT_SANDBOXING\=NO
    export ENABLE_XOJIT_PREVIEWS\=YES
    export ENTITLEMENTS_DESTINATION\=__entitlements
    export ENTITLEMENTS_REQUIRED\=YES
    export EXCLUDED_INSTALLSRC_SUBDIRECTORY_PATTERNS\=.DS_Store\ .svn\ .git\ .hg\ CVS
    export EXCLUDED_RECURSIVE_SEARCH_PATH_SUBDIRECTORIES\=\*.nib\ \*.lproj\ \*.framework\ \*.gch\ \*.xcode\*\ \*.xcassets\ \(\*\)\ .DS_Store\ CVS\ .svn\ .git\ .hg\ \*.pbproj\ \*.pbxproj
    export FILE_LIST\=/Users/vivek/Library/Developer/Xcode/DerivedData/dutchvocabbuilder-ekvgrffdbexgzcfvrslzlsvtuhiq/Build/Intermediates.noindex/Pods.build/Debug-iphonesimulator/React-RCTFBReactNativeSpec.build/Objects/LinkFileList
    export FIXED_FILES_DIR\=/Users/vivek/Library/Developer/Xcode/DerivedData/dutchvocabbuilder-ekvgrffdbexgzcfvrslzlsvtuhiq/Build/Intermediates.noindex/Pods.build/Debug-iphonesimulator/React-RCTFBReactNativeSpec.build/FixedFiles
    export FRAMEWORK_SEARCH_PATHS\=\ \"/Users/vivek/Documents/vide\ coding/antigravity/dutch\ vocab\ builder/dutch-vocab-builder/ios/Pods/React-Core-prebuilt\"\ \"/Users/vivek/Documents/vide\ coding/antigravity/dutch\ vocab\ builder/dutch-vocab-builder/ios/Pods/ReactNativeDependencies/framework/packages/react-native\"\ \"/Users/vivek/Documents/vide\ coding/antigravity/dutch\ vocab\ builder/dutch-vocab-builder/ios/Pods/hermes-engine/destroot/Library/Frameworks/universal\"\ \"/Users/vivek/Library/Developer/Xcode/DerivedData/dutchvocabbuilder-ekvgrffdbexgzcfvrslzlsvtuhiq/Build/Products/Debug-iphonesimulator/XCFrameworkIntermediates/React-Core-prebuilt\"\ \"/Users/vivek/Library/Developer/Xcode/DerivedData/dutchvocabbuilder-ekvgrffdbexgzcfvrslzlsvtuhiq/Build/Products/Debug-iphonesimulator/XCFrameworkIntermediates/ReactNativeDependencies\"\ \"/Users/vivek/Library/Developer/Xcode/DerivedData/dutchvocabbuilder-ekvgrffdbexgzcfvrslzlsvtuhiq/Build/Products/Debug-iphonesimulator/XCFrameworkIntermediates/hermes-engine/Pre-built\"
    export FRAMEWORK_VERSION\=A
    export FUSE_BUILD_PHASES\=YES
    export FUSE_BUILD_SCRIPT_PHASES\=NO
    export GCC3_VERSION\=3.3
    export GCC_C_LANGUAGE_STANDARD\=gnu11
    export GCC_DYNAMIC_NO_PIC\=NO
    export GCC_NO_COMMON_BLOCKS\=YES
    export GCC_OBJC_LEGACY_DISPATCH\=YES
    export GCC_OPTIMIZATION_LEVEL\=0
    export GCC_PFE_FILE_C_DIALECTS\=c\ objective-c\ c++\ objective-c++
    export GCC_PREPROCESSOR_DEFINITIONS\=POD_CONFIGURATION_DEBUG\=1\ DEBUG\=1\ \ COCOAPODS\=1
    export GCC_TREAT_WARNINGS_AS_ERRORS\=NO
    export GCC_VERSION\=com.apple.compilers.llvm.clang.1_0
    export GCC_VERSION_IDENTIFIER\=com_apple_compilers_llvm_clang_1_0
    export GCC_WARN_64_TO_32_BIT_CONVERSION\=YES
    export GCC_WARN_ABOUT_RETURN_TYPE\=YES_ERROR
    export GCC_WARN_UNDECLARED_SELECTOR\=YES
    export GCC_WARN_UNINITIALIZED_AUTOS\=YES_AGGRESSIVE
    export GCC_WARN_UNUSED_FUNCTION\=YES
    export GCC_WARN_UNUSED_VARIABLE\=YES
    export GENERATED_MODULEMAP_DIR\=/Users/vivek/Library/Developer/Xcode/DerivedData/dutchvocabbuilder-ekvgrffdbexgzcfvrslzlsvtuhiq/Build/Intermediates.noindex/GeneratedModuleMaps-iphonesimulator
    export GENERATE_INFOPLIST_FILE\=NO
    export GENERATE_INTERMEDIATE_TEXT_BASED_STUBS\=YES
    export GENERATE_MASTER_OBJECT_FILE\=NO
    export GENERATE_PKGINFO_FILE\=NO
    export GENERATE_PROFILING_CODE\=NO
    export GENERATE_TEXT_BASED_STUBS\=NO
    export GID\=20
    export GROUP\=staff
    export HEADERMAP_INCLUDES_FLAT_ENTRIES_FOR_TARGET_BEING_BUILT\=YES
    export HEADERMAP_INCLUDES_FRAMEWORK_ENTRIES_FOR_ALL_PRODUCT_TYPES\=YES
    export HEADERMAP_INCLUDES_FRAMEWORK_ENTRIES_FOR_TARGETS_NOT_BEING_BUILT\=YES
    export HEADERMAP_INCLUDES_NONPUBLIC_NONPRIVATE_HEADERS\=YES
    export HEADERMAP_INCLUDES_PROJECT_HEADERS\=YES
    export HEADERMAP_USES_FRAMEWORK_PREFIX_ENTRIES\=YES
    export HEADERMAP_USES_VFS\=NO
    export HEADER_SEARCH_PATHS\=\ \"/Users/vivek/Documents/vide\ coding/antigravity/dutch\ vocab\ builder/dutch-vocab-builder/ios/Pods/Headers/Private\"\ \"/Users/vivek/Documents/vide\ coding/antigravity/dutch\ vocab\ builder/dutch-vocab-builder/ios/Pods/Headers/Private/React-RCTFBReactNativeSpec\"\ \"/Users/vivek/Documents/vide\ coding/antigravity/dutch\ vocab\ builder/dutch-vocab-builder/ios/Pods/Headers/Public\"\ \"/Users/vivek/Documents/vide\ coding/antigravity/dutch\ vocab\ builder/dutch-vocab-builder/ios/Pods/Headers/Public/FBLazyVector\"\ \"/Users/vivek/Documents/vide\ coding/antigravity/dutch\ vocab\ builder/dutch-vocab-builder/ios/Pods/Headers/Public/RCTDeprecation\"\ \"/Users/vivek/Documents/vide\ coding/antigravity/dutch\ vocab\ builder/dutch-vocab-builder/ios/Pods/Headers/Public/RCTRequired\"\ \"/Users/vivek/Documents/vide\ coding/antigravity/dutch\ vocab\ builder/dutch-vocab-builder/ios/Pods/Headers/Public/RCTTypeSafety\"\ \"/Users/vivek/Documents/vide\ coding/antigravity/dutch\ vocab\ builder/dutch-vocab-builder/ios/Pods/Headers/Public/React-Core\"\ \"/Users/vivek/Documents/vide\ coding/antigravity/dutch\ vocab\ builder/dutch-vocab-builder/ios/Pods/Headers/Public/React-Core-prebuilt\"\ \"/Users/vivek/Documents/vide\ coding/antigravity/dutch\ vocab\ builder/dutch-vocab-builder/ios/Pods/Headers/Public/React-Fabric\"\ \"/Users/vivek/Documents/vide\ coding/antigravity/dutch\ vocab\ builder/dutch-vocab-builder/ios/Pods/Headers/Public/React-NativeModulesApple\"\ \"/Users/vivek/Documents/vide\ coding/antigravity/dutch\ vocab\ builder/dutch-vocab-builder/ios/Pods/Headers/Public/React-RCTFBReactNativeSpec\"\ \"/Users/vivek/Documents/vide\ coding/antigravity/dutch\ vocab\ builder/dutch-vocab-builder/ios/Pods/Headers/Public/React-callinvoker\"\ \"/Users/vivek/Documents/vide\ coding/antigravity/dutch\ vocab\ builder/dutch-vocab-builder/ios/Pods/Headers/Public/React-cxxreact\"\ \"/Users/vivek/Documents/vide\ coding/antigravity/dutch\ vocab\ builder/dutch-vocab-builder/ios/Pods/Headers/Public/React-debug\"\ \"/Users/vivek/Documents/vide\ coding/antigravity/dutch\ vocab\ builder/dutch-vocab-builder/ios/Pods/Headers/Public/React-featureflags\"\ \"/Users/vivek/Documents/vide\ coding/antigravity/dutch\ vocab\ builder/dutch-vocab-builder/ios/Pods/Headers/Public/React-graphics\"\ \"/Users/vivek/Documents/vide\ coding/antigravity/dutch\ vocab\ builder/dutch-vocab-builder/ios/Pods/Headers/Public/React-hermes\"\ \"/Users/vivek/Documents/vide\ coding/antigravity/dutch\ vocab\ builder/dutch-vocab-builder/ios/Pods/Headers/Public/React-jsi\"\ \"/Users/vivek/Documents/vide\ coding/antigravity/dutch\ vocab\ builder/dutch-vocab-builder/ios/Pods/Headers/Public/React-jsiexecutor\"\ \"/Users/vivek/Documents/vide\ coding/antigravity/dutch\ vocab\ builder/dutch-vocab-builder/ios/Pods/Headers/Public/React-jsinspector\"\ \"/Users/vivek/Documents/vide\ coding/antigravity/dutch\ vocab\ builder/dutch-vocab-builder/ios/Pods/Headers/Public/React-jsinspectorcdp\"\ \"/Users/vivek/Documents/vide\ coding/antigravity/dutch\ vocab\ builder/dutch-vocab-builder/ios/Pods/Headers/Public/React-jsinspectornetwork\"\ \"/Users/vivek/Documents/vide\ coding/antigravity/dutch\ vocab\ builder/dutch-vocab-builder/ios/Pods/Headers/Public/React-jsinspectortracing\"\ \"/Users/vivek/Documents/vide\ coding/antigravity/dutch\ vocab\ builder/dutch-vocab-builder/ios/Pods/Headers/Public/React-jsitooling\"\ \"/Users/vivek/Documents/vide\ coding/antigravity/dutch\ vocab\ builder/dutch-vocab-builder/ios/Pods/Headers/Public/React-logger\"\ \"/Users/vivek/Documents/vide\ coding/antigravity/dutch\ vocab\ builder/dutch-vocab-builder/ios/Pods/Headers/Public/React-oscompat\"\ \"/Users/vivek/Documents/vide\ coding/antigravity/dutch\ vocab\ builder/dutch-vocab-builder/ios/Pods/Headers/Public/React-perflogger\"\ \"/Users/vivek/Documents/vide\ coding/antigravity/dutch\ vocab\ builder/dutch-vocab-builder/ios/Pods/Headers/Public/React-performancetimeline\"\ \"/Users/vivek/Documents/vide\ coding/antigravity/dutch\ vocab\ builder/dutch-vocab-builder/ios/Pods/Headers/Public/React-rendererconsistency\"\ \"/Users/vivek/Documents/vide\ coding/antigravity/dutch\ vocab\ builder/dutch-vocab-builder/ios/Pods/Headers/Public/React-renderercss\"\ \"/Users/vivek/Documents/vide\ coding/antigravity/dutch\ vocab\ builder/dutch-vocab-builder/ios/Pods/Headers/Public/React-rendererdebug\"\ \"/Users/vivek/Documents/vide\ coding/antigravity/dutch\ vocab\ builder/dutch-vocab-builder/ios/Pods/Headers/Public/React-runtimeexecutor\"\ \"/Users/vivek/Documents/vide\ coding/antigravity/dutch\ vocab\ builder/dutch-vocab-builder/ios/Pods/Headers/Public/React-runtimescheduler\"\ \"/Users/vivek/Documents/vide\ coding/antigravity/dutch\ vocab\ builder/dutch-vocab-builder/ios/Pods/Headers/Public/React-timing\"\ \"/Users/vivek/Documents/vide\ coding/antigravity/dutch\ vocab\ builder/dutch-vocab-builder/ios/Pods/Headers/Public/React-utils\"\ \"/Users/vivek/Documents/vide\ coding/antigravity/dutch\ vocab\ builder/dutch-vocab-builder/ios/Pods/Headers/Public/ReactCommon\"\ \"/Users/vivek/Documents/vide\ coding/antigravity/dutch\ vocab\ builder/dutch-vocab-builder/ios/Pods/Headers/Public/ReactNativeDependencies\"\ \"/Users/vivek/Documents/vide\ coding/antigravity/dutch\ vocab\ builder/dutch-vocab-builder/ios/Pods/Headers/Public/Yoga\"\ \"/Users/vivek/Documents/vide\ coding/antigravity/dutch\ vocab\ builder/dutch-vocab-builder/ios/Pods/Headers/Public/hermes-engine\"\ \"/Users/vivek/Documents/vide\ coding/antigravity/dutch\ vocab\ builder/dutch-vocab-builder/ios/Pods/../../node_modules/react-native/React/FBReactNativeSpec\"\ \"/Users/vivek/Documents/vide\ coding/antigravity/dutch\ vocab\ builder/dutch-vocab-builder/ios/Pods/Headers/Private/Yoga\"\ \"/Users/vivek/Documents/vide\ coding/antigravity/dutch\ vocab\ builder/dutch-vocab-builder/ios/Pods/ReactCommon\"\ \"/Users/vivek/Documents/vide\ coding/antigravity/dutch\ vocab\ builder/dutch-vocab-builder/ios/Pods/ReactCommon/react/nativemodule/core\"\ \"/Users/vivek/Documents/vide\ coding/antigravity/dutch\ vocab\ builder/dutch-vocab-builder/ios/Pods/ReactCommon\"\ \"/Users/vivek/Documents/vide\ coding/antigravity/dutch\ vocab\ builder/dutch-vocab-builder/ios/Pods/ReactCommon/react/nativemodule/bridging\"\ \"/Users/vivek/Documents/vide\ coding/antigravity/dutch\ vocab\ builder/dutch-vocab-builder/ios/Pods/../../node_modules/react-native/React/FBReactNativeSpec\"\ \"/Users/vivek/Documents/vide\ coding/antigravity/dutch\ vocab\ builder/dutch-vocab-builder/ios/Pods/Headers/Private/Yoga\"\ \"/Users/vivek/Documents/vide\ coding/antigravity/dutch\ vocab\ builder/dutch-vocab-builder/ios/Pods/ReactCommon\"\ \"/Users/vivek/Documents/vide\ coding/antigravity/dutch\ vocab\ builder/dutch-vocab-builder/ios/Pods/ReactCommon/react/nativemodule/core\"\ \"/Users/vivek/Documents/vide\ coding/antigravity/dutch\ vocab\ builder/dutch-vocab-builder/ios/Pods/ReactCommon\"\ \"/Users/vivek/Documents/vide\ coding/antigravity/dutch\ vocab\ builder/dutch-vocab-builder/ios/Pods/ReactCommon/react/nativemodule/bridging\"\ \"/Users/vivek/Documents/vide\ coding/antigravity/dutch\ vocab\ builder/dutch-vocab-builder/ios/Pods/React-featureflags\"\ \"/Users/vivek/Documents/vide\ coding/antigravity/dutch\ vocab\ builder/dutch-vocab-builder/ios/Pods/React-debug\"\ \"/Users/vivek/Documents/vide\ coding/antigravity/dutch\ vocab\ builder/dutch-vocab-builder/ios/Pods/React-rendererdebug\"\ \"/Users/vivek/Documents/vide\ coding/antigravity/dutch\ vocab\ builder/dutch-vocab-builder/ios/Pods/React-utils\"\ \"/Users/vivek/Documents/vide\ coding/antigravity/dutch\ vocab\ builder/dutch-vocab-builder/ios/Pods/React-graphics\"\ \"/Users/vivek/Documents/vide\ coding/antigravity/dutch\ vocab\ builder/dutch-vocab-builder/ios/Pods/React-graphics/react/renderer/graphics/platform/ios\"\ \"/Users/vivek/Documents/vide\ coding/antigravity/dutch\ vocab\ builder/dutch-vocab-builder/ios/Pods/React-Fabric\"\ \"/Users/vivek/Documents/vide\ coding/antigravity/dutch\ vocab\ builder/dutch-vocab-builder/ios/Pods/React-Fabric/react/renderer/components/view/platform/cxx\"
    export HIDE_BITCODE_SYMBOLS\=YES
    export HOME\=/Users/vivek
    export HOST_ARCH\=arm64
    export HOST_PLATFORM\=macosx
    export ICONV\=/usr/bin/iconv
    export IMPLICIT_DEPENDENCY_DOMAIN\=default
    export INFOPLIST_ENABLE_CFBUNDLEICONS_MERGE\=YES
    export INFOPLIST_EXPAND_BUILD_SETTINGS\=YES
    export INFOPLIST_OUTPUT_FORMAT\=binary
    export INFOPLIST_PREPROCESS\=NO
    export INLINE_PRIVATE_FRAMEWORKS\=NO
    export INSTALLHDRS_COPY_PHASE\=NO
    export INSTALLHDRS_SCRIPT_PHASE\=NO
    export INSTALL_DIR\=/tmp/Pods.dst
    export INSTALL_GROUP\=staff
    export INSTALL_MODE_FLAG\=u+w,go-w,a+rX
    export INSTALL_OWNER\=vivek
    export INSTALL_ROOT\=/tmp/Pods.dst
    export IPHONEOS_DEPLOYMENT_TARGET\=15.1
    export IS_UNOPTIMIZED_BUILD\=YES
    export JAVAC_DEFAULT_FLAGS\=-J-Xms64m\ -J-XX:NewSize\=4M\ -J-Dfile.encoding\=UTF8
    export JAVA_APP_STUB\=/System/Library/Frameworks/JavaVM.framework/Resources/MacOS/JavaApplicationStub
    export JAVA_ARCHIVE_CLASSES\=YES
    export JAVA_ARCHIVE_TYPE\=JAR
    export JAVA_COMPILER\=/usr/bin/javac
    export JAVA_FRAMEWORK_RESOURCES_DIRS\=Resources
    export JAVA_JAR_FLAGS\=cv
    export JAVA_SOURCE_SUBDIR\=.
    export JAVA_USE_DEPENDENCIES\=YES
    export JAVA_ZIP_FLAGS\=-urg
    export JIKES_DEFAULT_FLAGS\=+E\ +OLDCSO
    export KEEP_PRIVATE_EXTERNS\=NO
    export LD_DEPENDENCY_INFO_FILE\=/Users/vivek/Library/Developer/Xcode/DerivedData/dutchvocabbuilder-ekvgrffdbexgzcfvrslzlsvtuhiq/Build/Intermediates.noindex/Pods.build/Debug-iphonesimulator/React-RCTFBReactNativeSpec.build/Objects-normal/undefined_arch/React-RCTFBReactNativeSpec_dependency_info.dat
    export LD_EXPORT_SYMBOLS\=YES
    export LD_GENERATE_MAP_FILE\=NO
    export LD_MAP_FILE_PATH\=/Users/vivek/Library/Developer/Xcode/DerivedData/dutchvocabbuilder-ekvgrffdbexgzcfvrslzlsvtuhiq/Build/Intermediates.noindex/Pods.build/Debug-iphonesimulator/React-RCTFBReactNativeSpec.build/React-RCTFBReactNativeSpec-LinkMap-normal-undefined_arch.txt
    export LD_NO_PIE\=NO
    export LD_QUOTE_LINKER_ARGUMENTS_FOR_COMPILER_DRIVER\=YES
    export LD_RUNPATH_SEARCH_PATHS\=\ @executable_path/Frameworks
    export LD_SHARED_CACHE_ELIGIBLE\=Automatic
    export LD_WARN_DUPLICATE_LIBRARIES\=NO
    export LD_WARN_UNUSED_DYLIBS\=NO
    export LEGACY_DEVELOPER_DIR\=/Applications/Xcode.app/Contents/PlugIns/Xcode3Core.ideplugin/Contents/SharedSupport/Developer
    export LEX\=lex
    export LIBRARY_DEXT_INSTALL_PATH\=/Library/DriverExtensions
    export LIBRARY_FLAG_NOSPACE\=YES
    export LIBRARY_KEXT_INSTALL_PATH\=/Library/Extensions
    export LINKER_DISPLAYS_MANGLED_NAMES\=NO
    export LINK_FILE_LIST_normal_arm64\=/Users/vivek/Library/Developer/Xcode/DerivedData/dutchvocabbuilder-ekvgrffdbexgzcfvrslzlsvtuhiq/Build/Intermediates.noindex/Pods.build/Debug-iphonesimulator/React-RCTFBReactNativeSpec.build/Objects-normal/arm64/React-RCTFBReactNativeSpec.LinkFileList
    export LINK_OBJC_RUNTIME\=YES
    export LINK_WITH_STANDARD_LIBRARIES\=YES
    export LLVM_TARGET_TRIPLE_OS_VERSION\=ios15.1
    export LLVM_TARGET_TRIPLE_SUFFIX\=-simulator
    export LLVM_TARGET_TRIPLE_VENDOR\=apple
    export LM_AUX_CONST_METADATA_LIST_PATH_normal_arm64\=/Users/vivek/Library/Developer/Xcode/DerivedData/dutchvocabbuilder-ekvgrffdbexgzcfvrslzlsvtuhiq/Build/Intermediates.noindex/Pods.build/Debug-iphonesimulator/React-RCTFBReactNativeSpec.build/Objects-normal/arm64/React-RCTFBReactNativeSpec.SwiftConstValuesFileList
    export LOCALIZATION_EXPORT_SUPPORTED\=YES
    export LOCALIZATION_PREFERS_STRING_CATALOGS\=NO
    export LOCALIZED_STRING_MACRO_NAMES\=NSLocalizedString\ CFCopyLocalizedString
    export LOCALIZED_STRING_SWIFTUI_SUPPORT\=YES
    export LOCAL_ADMIN_APPS_DIR\=/Applications/Utilities
    export LOCAL_APPS_DIR\=/Applications
    export LOCAL_DEVELOPER_DIR\=/Library/Developer
    export LOCAL_LIBRARY_DIR\=/Library
    export LOCROOT\=/Users/vivek/Documents/vide\ coding/antigravity/dutch\ vocab\ builder/dutch-vocab-builder/ios/Pods
    export LOCSYMROOT\=/Users/vivek/Documents/vide\ coding/antigravity/dutch\ vocab\ builder/dutch-vocab-builder/ios/Pods
    export MAC_OS_X_PRODUCT_BUILD_VERSION\=24G90
    export MAC_OS_X_VERSION_ACTUAL\=150601
    export MAC_OS_X_VERSION_MAJOR\=150000
    export MAC_OS_X_VERSION_MINOR\=150600
    export MAKE_MERGEABLE\=NO
    export MERGEABLE_LIBRARY\=NO
    export MERGED_BINARY_TYPE\=none
    export MERGE_LINKED_LIBRARIES\=NO
    export METAL_LIBRARY_FILE_BASE\=default
    export METAL_LIBRARY_OUTPUT_DIR\=/Users/vivek/Library/Developer/Xcode/DerivedData/dutchvocabbuilder-ekvgrffdbexgzcfvrslzlsvtuhiq/Build/Products/Debug-iphonesimulator/React-RCTFBReactNativeSpec/
    export MODULE_CACHE_DIR\=/Users/vivek/Library/Developer/Xcode/DerivedData/ModuleCache.noindex
    export MTL_ENABLE_DEBUG_INFO\=INCLUDE_SOURCE
    export MTL_FAST_MATH\=YES
    export NATIVE_ARCH\=arm64
    export NATIVE_ARCH_32_BIT\=arm
    export NATIVE_ARCH_64_BIT\=arm64
    export NATIVE_ARCH_ACTUAL\=arm64
    export NO_COMMON\=YES
    export OBJC_ABI_VERSION\=2
    export OBJECT_FILE_DIR\=/Users/vivek/Library/Developer/Xcode/DerivedData/dutchvocabbuilder-ekvgrffdbexgzcfvrslzlsvtuhiq/Build/Intermediates.noindex/Pods.build/Debug-iphonesimulator/React-RCTFBReactNativeSpec.build/Objects
    export OBJECT_FILE_DIR_normal\=/Users/vivek/Library/Developer/Xcode/DerivedData/dutchvocabbuilder-ekvgrffdbexgzcfvrslzlsvtuhiq/Build/Intermediates.noindex/Pods.build/Debug-iphonesimulator/React-RCTFBReactNativeSpec.build/Objects-normal
    export OBJROOT\=/Users/vivek/Library/Developer/Xcode/DerivedData/dutchvocabbuilder-ekvgrffdbexgzcfvrslzlsvtuhiq/Build/Intermediates.noindex
    export ONLY_ACTIVE_ARCH\=YES
    export OS\=MACOS
    export OSAC\=/usr/bin/osacompile
    export PASCAL_STRINGS\=YES
    export PATH\=/Applications/Xcode.app/Contents/SharedFrameworks/XCBuild.framework/Versions/A/PlugIns/XCBBuildService.bundle/Contents/PlugIns/XCBSpecifications.ideplugin/Contents/Resources:/Applications/Xcode.app/Contents/SharedFrameworks/XCBuild.framework/Versions/A/PlugIns/XCBBuildService.bundle/Contents/PlugIns/XCBSpecifications.ideplugin:/Applications/Xcode.app/Contents/Developer/Toolchains/XcodeDefault.xctoolchain/usr/bin:/Applications/Xcode.app/Contents/Developer/Toolchains/XcodeDefault.xctoolchain/usr/appleinternal/bin:/Applications/Xcode.app/Contents/Developer/Toolchains/XcodeDefault.xctoolchain/usr/local/bin:/Applications/Xcode.app/Contents/Developer/Toolchains/XcodeDefault.xctoolchain/usr/libexec:/Applications/Xcode.app/Contents/Developer/Platforms/iPhoneSimulator.platform/usr/bin:/Applications/Xcode.app/Contents/Developer/Platforms/iPhoneSimulator.platform/usr/appleinternal/bin:/Applications/Xcode.app/Contents/Developer/Platforms/iPhoneSimulator.platform/usr/local/bin:/Applications/Xcode.app/Contents/Developer/Platforms/iPhoneSimulator.platform/Developer/usr/bin:/Applications/Xcode.app/Contents/Developer/Platforms/iPhoneSimulator.platform/Developer/usr/local/bin:/Applications/Xcode.app/Contents/Developer/usr/bin:/Applications/Xcode.app/Contents/Developer/usr/local/bin:/Users/vivek/Documents/vide\ coding/antigravity/dutch\ vocab\ builder/dutch-vocab-builder/node_modules/.bin:/Users/vivek/Documents/vide\ coding/antigravity/dutch\ vocab\ builder/node_modules/.bin:/Users/vivek/Documents/vide\ coding/antigravity/node_modules/.bin:/Users/vivek/Documents/vide\ coding/node_modules/.bin:/Users/vivek/Documents/node_modules/.bin:/Users/vivek/node_modules/.bin:/Users/node_modules/.bin:/node_modules/.bin:/usr/local/lib/node_modules/npm/node_modules/@npmcli/run-script/lib/node-gyp-bin:/Users/vivek/Downloads/google-cloud-sdk/bin:/Users/vivek/.antigravity/antigravity/bin:/Users/vivek/.local/bin:/opt/homebrew/bin:/opt/homebrew/sbin:/usr/local/bin:/System/Cryptexes/App/usr/bin:/usr/bin:/bin:/usr/sbin:/sbin:/var/run/com.apple.security.cryptexd/codex.system/bootstrap/usr/local/bin:/var/run/com.apple.security.cryptexd/codex.system/bootstrap/usr/bin:/var/run/com.apple.security.cryptexd/codex.system/bootstrap/usr/appleinternal/bin:/Library/Apple/usr/bin:/Users/vivek/.cargo/bin
    export PATH_PREFIXES_EXCLUDED_FROM_HEADER_DEPENDENCIES\=/usr/include\ /usr/local/include\ /System/Library/Frameworks\ /System/Library/PrivateFrameworks\ /Applications/Xcode.app/Contents/Developer/Headers\ /Applications/Xcode.app/Contents/Developer/SDKs\ /Applications/Xcode.app/Contents/Developer/Platforms
    export PER_ARCH_OBJECT_FILE_DIR\=/Users/vivek/Library/Developer/Xcode/DerivedData/dutchvocabbuilder-ekvgrffdbexgzcfvrslzlsvtuhiq/Build/Intermediates.noindex/Pods.build/Debug-iphonesimulator/React-RCTFBReactNativeSpec.build/Objects-normal/undefined_arch
    export PER_VARIANT_OBJECT_FILE_DIR\=/Users/vivek/Library/Developer/Xcode/DerivedData/dutchvocabbuilder-ekvgrffdbexgzcfvrslzlsvtuhiq/Build/Intermediates.noindex/Pods.build/Debug-iphonesimulator/React-RCTFBReactNativeSpec.build/Objects-normal
    export PKGINFO_FILE_PATH\=/Users/vivek/Library/Developer/Xcode/DerivedData/dutchvocabbuilder-ekvgrffdbexgzcfvrslzlsvtuhiq/Build/Intermediates.noindex/Pods.build/Debug-iphonesimulator/React-RCTFBReactNativeSpec.build/PkgInfo
    export PLATFORM_DEVELOPER_APPLICATIONS_DIR\=/Applications/Xcode.app/Contents/Developer/Platforms/iPhoneSimulator.platform/Developer/Applications
    export PLATFORM_DEVELOPER_BIN_DIR\=/Applications/Xcode.app/Contents/Developer/Platforms/iPhoneSimulator.platform/Developer/usr/bin
    export PLATFORM_DEVELOPER_LIBRARY_DIR\=/Applications/Xcode.app/Contents/Developer/Platforms/iPhoneSimulator.platform/Developer/Library
    export PLATFORM_DEVELOPER_SDK_DIR\=/Applications/Xcode.app/Contents/Developer/Platforms/iPhoneSimulator.platform/Developer/SDKs
    export PLATFORM_DEVELOPER_TOOLS_DIR\=/Applications/Xcode.app/Contents/Developer/Platforms/iPhoneSimulator.platform/Developer/Tools
    export PLATFORM_DEVELOPER_USR_DIR\=/Applications/Xcode.app/Contents/Developer/Platforms/iPhoneSimulator.platform/Developer/usr
    export PLATFORM_DIR\=/Applications/Xcode.app/Contents/Developer/Platforms/iPhoneSimulator.platform
    export PLATFORM_DISPLAY_NAME\=iOS\ Simulator
    export PLATFORM_FAMILY_NAME\=iOS
    export PLATFORM_NAME\=iphonesimulator
    export PLATFORM_PREFERRED_ARCH\=x86_64
    export PLATFORM_PRODUCT_BUILD_VERSION\=22C146
    export PLIST_FILE_OUTPUT_FORMAT\=binary
    export PODS_BUILD_DIR\=/Users/vivek/Library/Developer/Xcode/DerivedData/dutchvocabbuilder-ekvgrffdbexgzcfvrslzlsvtuhiq/Build/Products
    export PODS_CONFIGURATION_BUILD_DIR\=/Users/vivek/Library/Developer/Xcode/DerivedData/dutchvocabbuilder-ekvgrffdbexgzcfvrslzlsvtuhiq/Build/Products/Debug-iphonesimulator
    export PODS_DEVELOPMENT_LANGUAGE\=en
    export PODS_ROOT\=/Users/vivek/Documents/vide\ coding/antigravity/dutch\ vocab\ builder/dutch-vocab-builder/ios/Pods
    export PODS_TARGET_SRCROOT\=/Users/vivek/Documents/vide\ coding/antigravity/dutch\ vocab\ builder/dutch-vocab-builder/ios/Pods/../../node_modules/react-native/React
    export PODS_XCFRAMEWORKS_BUILD_DIR\=/Users/vivek/Library/Developer/Xcode/DerivedData/dutchvocabbuilder-ekvgrffdbexgzcfvrslzlsvtuhiq/Build/Products/Debug-iphonesimulator/XCFrameworkIntermediates
    export PRECOMPS_INCLUDE_HEADERS_FROM_BUILT_PRODUCTS_DIR\=YES
    export PRECOMP_DESTINATION_DIR\=/Users/vivek/Library/Developer/Xcode/DerivedData/dutchvocabbuilder-ekvgrffdbexgzcfvrslzlsvtuhiq/Build/Intermediates.noindex/Pods.build/Debug-iphonesimulator/React-RCTFBReactNativeSpec.build/PrefixHeaders
    export PROCESSED_INFOPLIST_PATH\=/Users/vivek/Library/Developer/Xcode/DerivedData/dutchvocabbuilder-ekvgrffdbexgzcfvrslzlsvtuhiq/Build/Intermediates.noindex/Pods.build/Debug-iphonesimulator/React-RCTFBReactNativeSpec.build/Objects-normal/undefined_arch/Processed-Info.plist
    export PRODUCT_BUNDLE_IDENTIFIER\=org.cocoapods.React-RCTFBReactNativeSpec
    export PRODUCT_MODULE_NAME\=React_RCTFBReactNativeSpec
    export PRODUCT_NAME\=React-RCTFBReactNativeSpec
    export PRODUCT_SETTINGS_PATH\=
    export PROFILING_CODE\=NO
    export PROJECT\=Pods
    export PROJECT_DERIVED_FILE_DIR\=/Users/vivek/Library/Developer/Xcode/DerivedData/dutchvocabbuilder-ekvgrffdbexgzcfvrslzlsvtuhiq/Build/Intermediates.noindex/Pods.build/DerivedSources
    export PROJECT_DIR\=/Users/vivek/Documents/vide\ coding/antigravity/dutch\ vocab\ builder/dutch-vocab-builder/ios/Pods
    export PROJECT_FILE_PATH\=/Users/vivek/Documents/vide\ coding/antigravity/dutch\ vocab\ builder/dutch-vocab-builder/ios/Pods/Pods.xcodeproj
    export PROJECT_GUID\=8699adb1dd336b26511df848a716bd42
    export PROJECT_NAME\=Pods
    export PROJECT_TEMP_DIR\=/Users/vivek/Library/Developer/Xcode/DerivedData/dutchvocabbuilder-ekvgrffdbexgzcfvrslzlsvtuhiq/Build/Intermediates.noindex/Pods.build
    export PROJECT_TEMP_ROOT\=/Users/vivek/Library/Developer/Xcode/DerivedData/dutchvocabbuilder-ekvgrffdbexgzcfvrslzlsvtuhiq/Build/Intermediates.noindex
    export REACT_NATIVE_PATH\=/Users/vivek/Documents/vide\ coding/antigravity/dutch\ vocab\ builder/dutch-vocab-builder/ios/Pods/../../node_modules/react-native
    export RECOMMENDED_IPHONEOS_DEPLOYMENT_TARGET\=15.0
    export RECURSIVE_SEARCH_PATHS_FOLLOW_SYMLINKS\=YES
    export REMOVE_CVS_FROM_RESOURCES\=YES
    export REMOVE_GIT_FROM_RESOURCES\=YES
    export REMOVE_HEADERS_FROM_EMBEDDED_BUNDLES\=YES
    export REMOVE_HG_FROM_RESOURCES\=YES
    export REMOVE_STATIC_EXECUTABLES_FROM_EMBEDDED_BUNDLES\=YES
    export REMOVE_SVN_FROM_RESOURCES\=YES
    export RESCHEDULE_INDEPENDENT_HEADERS_PHASES\=YES
    export REZ_COLLECTOR_DIR\=/Users/vivek/Library/Developer/Xcode/DerivedData/dutchvocabbuilder-ekvgrffdbexgzcfvrslzlsvtuhiq/Build/Intermediates.noindex/Pods.build/Debug-iphonesimulator/React-RCTFBReactNativeSpec.build/ResourceManagerResources
    export REZ_OBJECTS_DIR\=/Users/vivek/Library/Developer/Xcode/DerivedData/dutchvocabbuilder-ekvgrffdbexgzcfvrslzlsvtuhiq/Build/Intermediates.noindex/Pods.build/Debug-iphonesimulator/React-RCTFBReactNativeSpec.build/ResourceManagerResources/Objects
    export SCAN_ALL_SOURCE_FILES_FOR_INCLUDES\=NO
    export SCRIPT_INPUT_FILE_COUNT\=0
    export SCRIPT_INPUT_FILE_LIST_COUNT\=0
    export SCRIPT_OUTPUT_FILE_COUNT\=0
    export SCRIPT_OUTPUT_FILE_LIST_COUNT\=0
    export SDKROOT\=/Applications/Xcode.app/Contents/Developer/Platforms/iPhoneSimulator.platform/Developer/SDKs/iPhoneSimulator18.2.sdk
    export SDK_DIR\=/Applications/Xcode.app/Contents/Developer/Platforms/iPhoneSimulator.platform/Developer/SDKs/iPhoneSimulator18.2.sdk
    export SDK_DIR_iphonesimulator\=/Applications/Xcode.app/Contents/Developer/Platforms/iPhoneSimulator.platform/Developer/SDKs/iPhoneSimulator18.2.sdk
    export SDK_DIR_iphonesimulator18_2\=/Applications/Xcode.app/Contents/Developer/Platforms/iPhoneSimulator.platform/Developer/SDKs/iPhoneSimulator18.2.sdk
    export SDK_NAME\=iphonesimulator18.2
    export SDK_NAMES\=iphonesimulator18.2
    export SDK_PRODUCT_BUILD_VERSION\=22C146
    export SDK_STAT_CACHE_DIR\=/Users/vivek/Library/Developer/Xcode/DerivedData
    export SDK_STAT_CACHE_ENABLE\=YES
    export SDK_STAT_CACHE_PATH\=/Users/vivek/Library/Developer/Xcode/DerivedData/SDKStatCaches.noindex/iphonesimulator18.2-22C146-07b28473f605e47e75261259d3ef3b5a.sdkstatcache
    export SDK_VERSION\=18.2
    export SDK_VERSION_ACTUAL\=180200
    export SDK_VERSION_MAJOR\=180000
    export SDK_VERSION_MINOR\=180200
    export SED\=/usr/bin/sed
    export SEPARATE_STRIP\=NO
    export SEPARATE_SYMBOL_EDIT\=NO
    export SET_DIR_MODE_OWNER_GROUP\=YES
    export SET_FILE_MODE_OWNER_GROUP\=NO
    export SHALLOW_BUNDLE\=NO
    export SHARED_DERIVED_FILE_DIR\=/Users/vivek/Library/Developer/Xcode/DerivedData/dutchvocabbuilder-ekvgrffdbexgzcfvrslzlsvtuhiq/Build/Products/Debug-iphonesimulator/React-RCTFBReactNativeSpec/DerivedSources
    export SHARED_PRECOMPS_DIR\=/Users/vivek/Library/Developer/Xcode/DerivedData/dutchvocabbuilder-ekvgrffdbexgzcfvrslzlsvtuhiq/Build/Intermediates.noindex/PrecompiledHeaders
    export SKIP_INSTALL\=YES
    export SOURCE_ROOT\=/Users/vivek/Documents/vide\ coding/antigravity/dutch\ vocab\ builder/dutch-vocab-builder/ios/Pods
    export SRCROOT\=/Users/vivek/Documents/vide\ coding/antigravity/dutch\ vocab\ builder/dutch-vocab-builder/ios/Pods
    export STRINGSDATA_DIR\=/Users/vivek/Library/Developer/Xcode/DerivedData/dutchvocabbuilder-ekvgrffdbexgzcfvrslzlsvtuhiq/Build/Intermediates.noindex/Pods.build/Debug-iphonesimulator/React-RCTFBReactNativeSpec.build/Objects-normal/undefined_arch
    export STRINGSDATA_ROOT\=/Users/vivek/Library/Developer/Xcode/DerivedData/dutchvocabbuilder-ekvgrffdbexgzcfvrslzlsvtuhiq/Build/Intermediates.noindex/Pods.build/Debug-iphonesimulator/React-RCTFBReactNativeSpec.build
    export STRINGS_FILE_INFOPLIST_RENAME\=YES
    export STRINGS_FILE_OUTPUT_ENCODING\=binary
    export STRIP_BITCODE_FROM_COPIED_FILES\=NO
    export STRIP_INSTALLED_PRODUCT\=NO
    export STRIP_STYLE\=all
    export STRIP_SWIFT_SYMBOLS\=YES
    export SUPPORTED_DEVICE_FAMILIES\=1,2
    export SUPPORTED_PLATFORMS\=iphoneos\ iphonesimulator
    export SUPPORTS_TEXT_BASED_API\=NO
    export SUPPRESS_WARNINGS\=NO
    export SWIFT_ACTIVE_COMPILATION_CONDITIONS\=\ DEBUG
    export SWIFT_EMIT_LOC_STRINGS\=NO
    export SWIFT_ENABLE_EXPLICIT_MODULES\=NO
    export SWIFT_OPTIMIZATION_LEVEL\=-Onone
    export SWIFT_PLATFORM_TARGET_PREFIX\=ios
    export SWIFT_RESPONSE_FILE_PATH_normal_arm64\=/Users/vivek/Library/Developer/Xcode/DerivedData/dutchvocabbuilder-ekvgrffdbexgzcfvrslzlsvtuhiq/Build/Intermediates.noindex/Pods.build/Debug-iphonesimulator/React-RCTFBReactNativeSpec.build/Objects-normal/arm64/React-RCTFBReactNativeSpec.SwiftFileList
    export SWIFT_VERSION\=5.0
    export SYMROOT\=/Users/vivek/Library/Developer/Xcode/DerivedData/dutchvocabbuilder-ekvgrffdbexgzcfvrslzlsvtuhiq/Build/Products
    export SYSTEM_ADMIN_APPS_DIR\=/Applications/Utilities
    export SYSTEM_APPS_DIR\=/Applications
    export SYSTEM_CORE_SERVICES_DIR\=/System/Library/CoreServices
    export SYSTEM_DEMOS_DIR\=/Applications/Extras
    export SYSTEM_DEVELOPER_APPS_DIR\=/Applications/Xcode.app/Contents/Developer/Applications
    export SYSTEM_DEVELOPER_BIN_DIR\=/Applications/Xcode.app/Contents/Developer/usr/bin
    export SYSTEM_DEVELOPER_DEMOS_DIR\=/Applications/Xcode.app/Contents/Developer/Applications/Utilities/Built\ Examples
    export SYSTEM_DEVELOPER_DIR\=/Applications/Xcode.app/Contents/Developer
    export SYSTEM_DEVELOPER_DOC_DIR\=/Applications/Xcode.app/Contents/Developer/ADC\ Reference\ Library
    export SYSTEM_DEVELOPER_GRAPHICS_TOOLS_DIR\=/Applications/Xcode.app/Contents/Developer/Applications/Graphics\ Tools
    export SYSTEM_DEVELOPER_JAVA_TOOLS_DIR\=/Applications/Xcode.app/Contents/Developer/Applications/Java\ Tools
    export SYSTEM_DEVELOPER_PERFORMANCE_TOOLS_DIR\=/Applications/Xcode.app/Contents/Developer/Applications/Performance\ Tools
    export SYSTEM_DEVELOPER_RELEASENOTES_DIR\=/Applications/Xcode.app/Contents/Developer/ADC\ Reference\ Library/releasenotes
    export SYSTEM_DEVELOPER_TOOLS\=/Applications/Xcode.app/Contents/Developer/Tools
    export SYSTEM_DEVELOPER_TOOLS_DOC_DIR\=/Applications/Xcode.app/Contents/Developer/ADC\ Reference\ Library/documentation/DeveloperTools
    export SYSTEM_DEVELOPER_TOOLS_RELEASENOTES_DIR\=/Applications/Xcode.app/Contents/Developer/ADC\ Reference\ Library/releasenotes/DeveloperTools
    export SYSTEM_DEVELOPER_USR_DIR\=/Applications/Xcode.app/Contents/Developer/usr
    export SYSTEM_DEVELOPER_UTILITIES_DIR\=/Applications/Xcode.app/Contents/Developer/Applications/Utilities
    export SYSTEM_DEXT_INSTALL_PATH\=/System/Library/DriverExtensions
    export SYSTEM_DOCUMENTATION_DIR\=/Library/Documentation
    export SYSTEM_KEXT_INSTALL_PATH\=/System/Library/Extensions
    export SYSTEM_LIBRARY_DIR\=/System/Library
    export TAPI_DEMANGLE\=YES
    export TAPI_ENABLE_PROJECT_HEADERS\=NO
    export TAPI_LANGUAGE\=objective-c
    export TAPI_LANGUAGE_STANDARD\=compiler-default
    export TAPI_USE_SRCROOT\=YES
    export TAPI_VERIFY_MODE\=Pedantic
    export TARGETED_DEVICE_FAMILY\=1,2
    export TARGETNAME\=React-RCTFBReactNativeSpec
    export TARGET_BUILD_DIR\=/Users/vivek/Library/Developer/Xcode/DerivedData/dutchvocabbuilder-ekvgrffdbexgzcfvrslzlsvtuhiq/Build/Products/Debug-iphonesimulator/React-RCTFBReactNativeSpec
    export TARGET_DEVICE_IDENTIFIER\=26CBEFC5-7D3A-41B2-B7D6-D5F9CE78E77D
    export TARGET_DEVICE_MODEL\=iPhone17,3
    export TARGET_DEVICE_OS_VERSION\=18.3.1
    export TARGET_DEVICE_PLATFORM_NAME\=iphonesimulator
    export TARGET_NAME\=React-RCTFBReactNativeSpec
    export TARGET_TEMP_DIR\=/Users/vivek/Library/Developer/Xcode/DerivedData/dutchvocabbuilder-ekvgrffdbexgzcfvrslzlsvtuhiq/Build/Intermediates.noindex/Pods.build/Debug-iphonesimulator/React-RCTFBReactNativeSpec.build
    export TEMP_DIR\=/Users/vivek/Library/Developer/Xcode/DerivedData/dutchvocabbuilder-ekvgrffdbexgzcfvrslzlsvtuhiq/Build/Intermediates.noindex/Pods.build/Debug-iphonesimulator/React-RCTFBReactNativeSpec.build
    export TEMP_FILES_DIR\=/Users/vivek/Library/Developer/Xcode/DerivedData/dutchvocabbuilder-ekvgrffdbexgzcfvrslzlsvtuhiq/Build/Intermediates.noindex/Pods.build/Debug-iphonesimulator/React-RCTFBReactNativeSpec.build
    export TEMP_FILE_DIR\=/Users/vivek/Library/Developer/Xcode/DerivedData/dutchvocabbuilder-ekvgrffdbexgzcfvrslzlsvtuhiq/Build/Intermediates.noindex/Pods.build/Debug-iphonesimulator/React-RCTFBReactNativeSpec.build
    export TEMP_ROOT\=/Users/vivek/Library/Developer/Xcode/DerivedData/dutchvocabbuilder-ekvgrffdbexgzcfvrslzlsvtuhiq/Build/Intermediates.noindex
    export TEST_FRAMEWORK_SEARCH_PATHS\=\ /Applications/Xcode.app/Contents/Developer/Platforms/iPhoneSimulator.platform/Developer/Library/Frameworks\ /Applications/Xcode.app/Contents/Developer/Platforms/iPhoneSimulator.platform/Developer/SDKs/iPhoneSimulator18.2.sdk/Developer/Library/Frameworks
    export TEST_LIBRARY_SEARCH_PATHS\=\ /Applications/Xcode.app/Contents/Developer/Platforms/iPhoneSimulator.platform/Developer/usr/lib
    export TOOLCHAINS\=com.apple.dt.toolchain.XcodeDefault
    export TOOLCHAIN_DIR\=/Applications/Xcode.app/Contents/Developer/Toolchains/XcodeDefault.xctoolchain
    export TREAT_MISSING_BASELINES_AS_TEST_FAILURES\=NO
    export TREAT_MISSING_SCRIPT_PHASE_OUTPUTS_AS_ERRORS\=NO
    export UID\=501
    export UNINSTALLED_PRODUCTS_DIR\=/Users/vivek/Library/Developer/Xcode/DerivedData/dutchvocabbuilder-ekvgrffdbexgzcfvrslzlsvtuhiq/Build/Intermediates.noindex/UninstalledProducts
    export UNSTRIPPED_PRODUCT\=NO
    export USER\=vivek
    export USER_APPS_DIR\=/Users/vivek/Applications
    export USER_LIBRARY_DIR\=/Users/vivek/Library
    export USE_DYNAMIC_NO_PIC\=YES
    export USE_HEADERMAP\=NO
    export USE_HEADER_SYMLINKS\=NO
    export USE_HERMES\=true
    export USE_RECURSIVE_SCRIPT_INPUTS_IN_SCRIPT_PHASES\=YES
    export VALIDATE_DEVELOPMENT_ASSET_PATHS\=YES_ERROR
    export VALIDATE_PRODUCT\=NO
    export VALID_ARCHS\=arm64\ arm64e\ i386\ x86_64
    export VERBOSE_PBXCP\=NO
    export VERSION_INFO_BUILDER\=vivek
    export VERSION_INFO_FILE\=React-RCTFBReactNativeSpec_vers.c
    export VERSION_INFO_STRING\=\"@\(\#\)PROGRAM:React-RCTFBReactNativeSpec\ \ PROJECT:Pods-\"
    export WORKSPACE_DIR\=/Users/vivek/Documents/vide\ coding/antigravity/dutch\ vocab\ builder/dutch-vocab-builder/ios
    export WRAP_ASSET_PACKS_IN_SEPARATE_DIRECTORIES\=NO
    export XCODE_APP_SUPPORT_DIR\=/Applications/Xcode.app/Contents/Developer/Library/Xcode
    export XCODE_PRODUCT_BUILD_VERSION\=16C5032a
    export XCODE_VERSION_ACTUAL\=1620
    export XCODE_VERSION_MAJOR\=1600
    export XCODE_VERSION_MINOR\=1620
    export XPCSERVICES_FOLDER_PATH\=/XPCServices
    export YACC\=yacc
    export arch\=undefined_arch
    export variant\=normal
    /bin/sh -c /Users/vivek/Library/Developer/Xcode/DerivedData/dutchvocabbuilder-ekvgrffdbexgzcfvrslzlsvtuhiq/Build/Intermediates.noindex/Pods.build/Debug-iphonesimulator/React-RCTFBReactNativeSpec.build/Script-46EB2E0001F800.sh
Checking whether Codegen has run...

CompileC /Users/vivek/Library/Developer/Xcode/DerivedData/dutchvocabbuilder-ekvgrffdbexgzcfvrslzlsvtuhiq/Build/Intermediates.noindex/Pods.build/Debug-iphonesimulator/ReactCodegen.build/Objects-normal/arm64/ComponentDescriptors-0774f47bc95bb2551ff2e0a54140bb88.o /Users/vivek/Documents/vide\ coding/antigravity/dutch\ vocab\ builder/dutch-vocab-builder/ios/build/generated/ios/react/renderer/components/rngesturehandler_codegen/ComponentDescriptors.cpp normal arm64 c++ com.apple.compilers.llvm.clang.1_0.compiler (in target 'ReactCodegen' from project 'Pods')
    cd /Users/vivek/Documents/vide\ coding/antigravity/dutch\ vocab\ builder/dutch-vocab-builder/ios/Pods
    
    Using response file: /Users/vivek/Library/Developer/Xcode/DerivedData/dutchvocabbuilder-ekvgrffdbexgzcfvrslzlsvtuhiq/Build/Intermediates.noindex/Pods.build/Debug-iphonesimulator/ReactCodegen.build/Objects-normal/arm64/82b82416624d2658e5098eb0a28c15c5-common-args.resp
    
    /Applications/Xcode.app/Contents/Developer/Toolchains/XcodeDefault.xctoolchain/usr/bin/clang -x c++ -ivfsstatcache /Users/vivek/Library/Developer/Xcode/DerivedData/SDKStatCaches.noindex/iphonesimulator18.2-22C146-07b28473f605e47e75261259d3ef3b5a.sdkstatcache -fmessage-length\=0 -fdiagnostics-show-note-include-stack -fmacro-backtrace-limit\=0 -fno-color-diagnostics -fmodules-prune-interval\=86400 -fmodules-prune-after\=345600 -fbuild-session-file\=/Users/vivek/Library/Developer/Xcode/DerivedData/ModuleCache.noindex/Session.modulevalidation -fmodules-validate-once-per-build-session -Wnon-modular-include-in-framework-module -Werror\=non-modular-include-in-framework-module -Wno-trigraphs -Wno-missing-field-initializers -Wno-missing-prototypes -Werror\=return-type -Wdocumentation -Wunreachable-code -Werror\=deprecated-objc-isa-usage -Werror\=objc-root-class -Wno-non-virtual-dtor -Wno-overloaded-virtual -Wno-exit-time-destructors -Wno-missing-braces -Wparentheses -Wswitch -Wunused-function -Wno-unused-label -Wno-unused-parameter -Wunused-variable -Wunused-value -Wempty-body -Wuninitialized -Wconditional-uninitialized -Wno-unknown-pragmas -Wno-shadow -Wno-four-char-constants -Wno-conversion -Wconstant-conversion -Wint-conversion -Wbool-conversion -Wenum-conversion -Wno-float-conversion -Wnon-literal-null-conversion -Wobjc-literal-conversion -Wshorten-64-to-32 -Wno-newline-eof -Wno-c++11-extensions -Wno-implicit-fallthrough -fstrict-aliasing -Wdeprecated-declarations -Winvalid-offsetof -Wno-sign-conversion -Winfinite-recursion -Wmove -Wcomma -Wblock-capture-autoreleasing -Wstrict-prototypes -Wrange-loop-analysis -Wno-semicolon-before-method-body -Wunguarded-availability -index-store-path /Users/vivek/Library/Developer/Xcode/DerivedData/dutchvocabbuilder-ekvgrffdbexgzcfvrslzlsvtuhiq/Index.noindex/DataStore -Wno-comma -Wno-shorten-64-to-32 -Wno-documentation @/Users/vivek/Library/Developer/Xcode/DerivedData/dutchvocabbuilder-ekvgrffdbexgzcfvrslzlsvtuhiq/Build/Intermediates.noindex/Pods.build/Debug-iphonesimulator/ReactCodegen.build/Objects-normal/arm64/82b82416624d2658e5098eb0a28c15c5-common-args.resp -DFOLLY_MOBILE\=1 -DFOLLY_USE_LIBCPP\=1 -DFOLLY_CFG_NO_COROUTINES\=1 -DFOLLY_HAVE_CLOCK_GETTIME\=1 -Wno-comma -Wno-shorten-64-to-32 -Wno-documentation -Wno-nullability-completeness -std\=c++20 -include /Users/vivek/Documents/vide\ coding/antigravity/dutch\ vocab\ builder/dutch-vocab-builder/ios/Pods/Target\ Support\ Files/ReactCodegen/ReactCodegen-prefix.pch -MMD -MT dependencies -MF /Users/vivek/Library/Developer/Xcode/DerivedData/dutchvocabbuilder-ekvgrffdbexgzcfvrslzlsvtuhiq/Build/Intermediates.noindex/Pods.build/Debug-iphonesimulator/ReactCodegen.build/Objects-normal/arm64/ComponentDescriptors-0774f47bc95bb2551ff2e0a54140bb88.d --serialize-diagnostics /Users/vivek/Library/Developer/Xcode/DerivedData/dutchvocabbuilder-ekvgrffdbexgzcfvrslzlsvtuhiq/Build/Intermediates.noindex/Pods.build/Debug-iphonesimulator/ReactCodegen.build/Objects-normal/arm64/ComponentDescriptors-0774f47bc95bb2551ff2e0a54140bb88.dia -c /Users/vivek/Documents/vide\ coding/antigravity/dutch\ vocab\ builder/dutch-vocab-builder/ios/build/generated/ios/react/renderer/components/rngesturehandler_codegen/ComponentDescriptors.cpp -o /Users/vivek/Library/Developer/Xcode/DerivedData/dutchvocabbuilder-ekvgrffdbexgzcfvrslzlsvtuhiq/Build/Intermediates.noindex/Pods.build/Debug-iphonesimulator/ReactCodegen.build/Objects-normal/arm64/ComponentDescriptors-0774f47bc95bb2551ff2e0a54140bb88.o -index-unit-output-path /Pods.build/Debug-iphonesimulator/ReactCodegen.build/Objects-normal/arm64/ComponentDescriptors-0774f47bc95bb2551ff2e0a54140bb88.o

CompileC /Users/vivek/Library/Developer/Xcode/DerivedData/dutchvocabbuilder-ekvgrffdbexgzcfvrslzlsvtuhiq/Build/Intermediates.noindex/Pods.build/Debug-iphonesimulator/ReactAppDependencyProvider.build/Objects-normal/arm64/RCTAppDependencyProvider.o /Users/vivek/Documents/vide\ coding/antigravity/dutch\ vocab\ builder/dutch-vocab-builder/ios/build/generated/ios/RCTAppDependencyProvider.mm normal arm64 objective-c++ com.apple.compilers.llvm.clang.1_0.compiler (in target 'ReactAppDependencyProvider' from project 'Pods')
    cd /Users/vivek/Documents/vide\ coding/antigravity/dutch\ vocab\ builder/dutch-vocab-builder/ios/Pods
    
    Using response file: /Users/vivek/Library/Developer/Xcode/DerivedData/dutchvocabbuilder-ekvgrffdbexgzcfvrslzlsvtuhiq/Build/Intermediates.noindex/Pods.build/Debug-iphonesimulator/ReactAppDependencyProvider.build/Objects-normal/arm64/af3fcb34312c57c0f52879cdce924b91-common-args.resp
    
    /Applications/Xcode.app/Contents/Developer/Toolchains/XcodeDefault.xctoolchain/usr/bin/clang -x objective-c++ -ivfsstatcache /Users/vivek/Library/Developer/Xcode/DerivedData/SDKStatCaches.noindex/iphonesimulator18.2-22C146-07b28473f605e47e75261259d3ef3b5a.sdkstatcache -fmessage-length\=0 -fdiagnostics-show-note-include-stack -fmacro-backtrace-limit\=0 -fno-color-diagnostics -fmodules-prune-interval\=86400 -fmodules-prune-after\=345600 -fbuild-session-file\=/Users/vivek/Library/Developer/Xcode/DerivedData/ModuleCache.noindex/Session.modulevalidation -fmodules-validate-once-per-build-session -Wnon-modular-include-in-framework-module -Werror\=non-modular-include-in-framework-module -Wno-trigraphs -Wno-missing-field-initializers -Wno-missing-prototypes -Werror\=return-type -Wdocumentation -Wunreachable-code -Wno-implicit-atomic-properties -Werror\=deprecated-objc-isa-usage -Wno-objc-interface-ivars -Werror\=objc-root-class -Wno-arc-repeated-use-of-weak -Wimplicit-retain-self -Wno-non-virtual-dtor -Wno-overloaded-virtual -Wno-exit-time-destructors -Wduplicate-method-match -Wno-missing-braces -Wparentheses -Wswitch -Wunused-function -Wno-unused-label -Wno-unused-parameter -Wunused-variable -Wunused-value -Wempty-body -Wuninitialized -Wconditional-uninitialized -Wno-unknown-pragmas -Wno-shadow -Wno-four-char-constants -Wno-conversion -Wconstant-conversion -Wint-conversion -Wbool-conversion -Wenum-conversion -Wno-float-conversion -Wnon-literal-null-conversion -Wobjc-literal-conversion -Wshorten-64-to-32 -Wno-newline-eof -Wno-selector -Wno-strict-selector-match -Wundeclared-selector -Wdeprecated-implementations -Wno-c++11-extensions -Wno-implicit-fallthrough -fstrict-aliasing -Wprotocol -Wdeprecated-declarations -Winvalid-offsetof -Wno-sign-conversion -Winfinite-recursion -Wmove -Wcomma -Wblock-capture-autoreleasing -Wstrict-prototypes -Wrange-loop-analysis -Wno-semicolon-before-method-body -Wunguarded-availability -index-store-path /Users/vivek/Library/Developer/Xcode/DerivedData/dutchvocabbuilder-ekvgrffdbexgzcfvrslzlsvtuhiq/Index.noindex/DataStore @/Users/vivek/Library/Developer/Xcode/DerivedData/dutchvocabbuilder-ekvgrffdbexgzcfvrslzlsvtuhiq/Build/Intermediates.noindex/Pods.build/Debug-iphonesimulator/ReactAppDependencyProvider.build/Objects-normal/arm64/af3fcb34312c57c0f52879cdce924b91-common-args.resp -include /Users/vivek/Documents/vide\ coding/antigravity/dutch\ vocab\ builder/dutch-vocab-builder/ios/Pods/Target\ Support\ Files/ReactAppDependencyProvider/ReactAppDependencyProvider-prefix.pch -MMD -MT dependencies -MF /Users/vivek/Library/Developer/Xcode/DerivedData/dutchvocabbuilder-ekvgrffdbexgzcfvrslzlsvtuhiq/Build/Intermediates.noindex/Pods.build/Debug-iphonesimulator/ReactAppDependencyProvider.build/Objects-normal/arm64/RCTAppDependencyProvider.d --serialize-diagnostics /Users/vivek/Library/Developer/Xcode/DerivedData/dutchvocabbuilder-ekvgrffdbexgzcfvrslzlsvtuhiq/Build/Intermediates.noindex/Pods.build/Debug-iphonesimulator/ReactAppDependencyProvider.build/Objects-normal/arm64/RCTAppDependencyProvider.dia -c /Users/vivek/Documents/vide\ coding/antigravity/dutch\ vocab\ builder/dutch-vocab-builder/ios/build/generated/ios/RCTAppDependencyProvider.mm -o /Users/vivek/Library/Developer/Xcode/DerivedData/dutchvocabbuilder-ekvgrffdbexgzcfvrslzlsvtuhiq/Build/Intermediates.noindex/Pods.build/Debug-iphonesimulator/ReactAppDependencyProvider.build/Objects-normal/arm64/RCTAppDependencyProvider.o -index-unit-output-path /Pods.build/Debug-iphonesimulator/ReactAppDependencyProvider.build/Objects-normal/arm64/RCTAppDependencyProvider.o

CompileC /Users/vivek/Library/Developer/Xcode/DerivedData/dutchvocabbuilder-ekvgrffdbexgzcfvrslzlsvtuhiq/Build/Intermediates.noindex/Pods.build/Debug-iphonesimulator/RNReanimated.build/Objects-normal/arm64/ReanimatedModule.o /Users/vivek/Documents/vide\ coding/antigravity/dutch\ vocab\ builder/dutch-vocab-builder/node_modules/react-native-reanimated/apple/reanimated/apple/ReanimatedModule.mm normal arm64 objective-c++ com.apple.compilers.llvm.clang.1_0.compiler (in target 'RNReanimated' from project 'Pods')
    cd /Users/vivek/Documents/vide\ coding/antigravity/dutch\ vocab\ builder/dutch-vocab-builder/ios/Pods
    
    Using response file: /Users/vivek/Library/Developer/Xcode/DerivedData/dutchvocabbuilder-ekvgrffdbexgzcfvrslzlsvtuhiq/Build/Intermediates.noindex/Pods.build/Debug-iphonesimulator/RNReanimated.build/Objects-normal/arm64/af3fcb34312c57c0f52879cdce924b91-common-args.resp
    
    /Applications/Xcode.app/Contents/Developer/Toolchains/XcodeDefault.xctoolchain/usr/bin/clang -x objective-c++ -ivfsstatcache /Users/vivek/Library/Developer/Xcode/DerivedData/SDKStatCaches.noindex/iphonesimulator18.2-22C146-07b28473f605e47e75261259d3ef3b5a.sdkstatcache -fmessage-length\=0 -fdiagnostics-show-note-include-stack -fmacro-backtrace-limit\=0 -fno-color-diagnostics -fmodules-prune-interval\=86400 -fmodules-prune-after\=345600 -fbuild-session-file\=/Users/vivek/Library/Developer/Xcode/DerivedData/ModuleCache.noindex/Session.modulevalidation -fmodules-validate-once-per-build-session -Wnon-modular-include-in-framework-module -Werror\=non-modular-include-in-framework-module -Wno-trigraphs -Wno-missing-field-initializers -Wno-missing-prototypes -Werror\=return-type -Wdocumentation -Wunreachable-code -Wno-implicit-atomic-properties -Werror\=deprecated-objc-isa-usage -Wno-objc-interface-ivars -Werror\=objc-root-class -Wno-arc-repeated-use-of-weak -Wimplicit-retain-self -Wno-non-virtual-dtor -Wno-overloaded-virtual -Wno-exit-time-destructors -Wduplicate-method-match -Wno-missing-braces -Wparentheses -Wswitch -Wunused-function -Wno-unused-label -Wno-unused-parameter -Wunused-variable -Wunused-value -Wempty-body -Wuninitialized -Wconditional-uninitialized -Wno-unknown-pragmas -Wno-shadow -Wno-four-char-constants -Wno-conversion -Wconstant-conversion -Wint-conversion -Wbool-conversion -Wenum-conversion -Wno-float-conversion -Wnon-literal-null-conversion -Wobjc-literal-conversion -Wshorten-64-to-32 -Wno-newline-eof -Wno-selector -Wno-strict-selector-match -Wundeclared-selector -Wdeprecated-implementations -Wno-c++11-extensions -Wno-implicit-fallthrough -fstrict-aliasing -Wprotocol -Wdeprecated-declarations -Winvalid-offsetof -Wno-sign-conversion -Winfinite-recursion -Wmove -Wcomma -Wblock-capture-autoreleasing -Wstrict-prototypes -Wrange-loop-analysis -Wno-semicolon-before-method-body -Wunguarded-availability -index-store-path /Users/vivek/Library/Developer/Xcode/DerivedData/dutchvocabbuilder-ekvgrffdbexgzcfvrslzlsvtuhiq/Index.noindex/DataStore @/Users/vivek/Library/Developer/Xcode/DerivedData/dutchvocabbuilder-ekvgrffdbexgzcfvrslzlsvtuhiq/Build/Intermediates.noindex/Pods.build/Debug-iphonesimulator/RNReanimated.build/Objects-normal/arm64/af3fcb34312c57c0f52879cdce924b91-common-args.resp -Wno-documentation -DRCT_NEW_ARCH_ENABLED\=1 -include /Users/vivek/Documents/vide\ coding/antigravity/dutch\ vocab\ builder/dutch-vocab-builder/ios/Pods/Target\ Support\ Files/RNReanimated/RNReanimated-prefix.pch -MMD -MT dependencies -MF /Users/vivek/Library/Developer/Xcode/DerivedData/dutchvocabbuilder-ekvgrffdbexgzcfvrslzlsvtuhiq/Build/Intermediates.noindex/Pods.build/Debug-iphonesimulator/RNReanimated.build/Objects-normal/arm64/ReanimatedModule.d --serialize-diagnostics /Users/vivek/Library/Developer/Xcode/DerivedData/dutchvocabbuilder-ekvgrffdbexgzcfvrslzlsvtuhiq/Build/Intermediates.noindex/Pods.build/Debug-iphonesimulator/RNReanimated.build/Objects-normal/arm64/ReanimatedModule.dia -c /Users/vivek/Documents/vide\ coding/antigravity/dutch\ vocab\ builder/dutch-vocab-builder/node_modules/react-native-reanimated/apple/reanimated/apple/ReanimatedModule.mm -o /Users/vivek/Library/Developer/Xcode/DerivedData/dutchvocabbuilder-ekvgrffdbexgzcfvrslzlsvtuhiq/Build/Intermediates.noindex/Pods.build/Debug-iphonesimulator/RNReanimated.build/Objects-normal/arm64/ReanimatedModule.o -index-unit-output-path /Pods.build/Debug-iphonesimulator/RNReanimated.build/Objects-normal/arm64/ReanimatedModule.o
In file included from /Users/vivek/Documents/vide coding/antigravity/dutch vocab builder/dutch-vocab-builder/node_modules/react-native-reanimated/apple/reanimated/apple/ReanimatedModule.mm:9:
/Users/vivek/Documents/vide coding/antigravity/dutch vocab builder/dutch-vocab-builder/ios/Pods/Headers/Private/RNReanimated/reanimated/apple/REANodesManager.h:5:55: warning: pointer is missing a nullability type specifier (_Nonnull, _Nullable, or _Null_unspecified) [-Wnullability-completeness]
    5 | typedef void (^REAOnAnimationCallback)(READisplayLink *displayLink);
      |                                                       ^
/Users/vivek/Documents/vide coding/antigravity/dutch vocab builder/dutch-vocab-builder/ios/Pods/Headers/Private/RNReanimated/reanimated/apple/REANodesManager.h:5:55: note: insert '_Nullable' if the pointer may be null
    5 | typedef void (^REAOnAnimationCallback)(READisplayLink *displayLink);
      |                                                       ^
      |                                                         _Nullable 
/Users/vivek/Documents/vide coding/antigravity/dutch vocab builder/dutch-vocab-builder/ios/Pods/Headers/Private/RNReanimated/reanimated/apple/REANodesManager.h:5:55: note: insert '_Nonnull' if the pointer should never be null
    5 | typedef void (^REAOnAnimationCallback)(READisplayLink *displayLink);
      |                                                       ^
      |                                                         _Nonnull 
/Users/vivek/Documents/vide coding/antigravity/dutch vocab builder/dutch-vocab-builder/ios/Pods/Headers/Private/RNReanimated/reanimated/apple/REANodesManager.h:15:26: warning: block pointer is missing a nullability type specifier (_Nonnull, _Nullable, or _Null_unspecified) [-Wnullability-completeness]
   15 | - (void)postOnAnimation:(REAOnAnimationCallback)clb;
      |                          ^
/Users/vivek/Documents/vide coding/antigravity/dutch vocab builder/dutch-vocab-builder/ios/Pods/Headers/Private/RNReanimated/reanimated/apple/REANodesManager.h:15:26: note: insert '_Nullable' if the block pointer may be null
   15 | - (void)postOnAnimation:(REAOnAnimationCallback)clb;
      |                          ^                     
      |                                                 _Nullable 
/Users/vivek/Documents/vide coding/antigravity/dutch vocab builder/dutch-vocab-builder/ios/Pods/Headers/Private/RNReanimated/reanimated/apple/REANodesManager.h:15:26: note: insert '_Nonnull' if the block pointer should never be null
   15 | - (void)postOnAnimation:(REAOnAnimationCallback)clb;
      |                          ^                     
      |                                                 _Nonnull 
/Users/vivek/Documents/vide coding/antigravity/dutch vocab builder/dutch-vocab-builder/ios/Pods/Headers/Private/RNReanimated/reanimated/apple/REANodesManager.h:16:31: warning: block pointer is missing a nullability type specifier (_Nonnull, _Nullable, or _Null_unspecified) [-Wnullability-completeness]
   16 | - (void)registerEventHandler:(REAEventHandler)eventHandler;
      |                               ^
/Users/vivek/Documents/vide coding/antigravity/dutch vocab builder/dutch-vocab-builder/ios/Pods/Headers/Private/RNReanimated/reanimated/apple/REANodesManager.h:16:31: note: insert '_Nullable' if the block pointer may be null
   16 | - (void)registerEventHandler:(REAEventHandler)eventHandler;
      |                               ^              
      |                                               _Nullable 
/Users/vivek/Documents/vide coding/antigravity/dutch vocab builder/dutch-vocab-builder/ios/Pods/Headers/Private/RNReanimated/reanimated/apple/REANodesManager.h:16:31: note: insert '_Nonnull' if the block pointer should never be null
   16 | - (void)registerEventHandler:(REAEventHandler)eventHandler;
      |                               ^              
      |                                               _Nonnull 
/Users/vivek/Documents/vide coding/antigravity/dutch vocab builder/dutch-vocab-builder/ios/Pods/Headers/Private/RNReanimated/reanimated/apple/REANodesManager.h:17:24: warning: pointer is missing a nullability type specifier (_Nonnull, _Nullable, or _Null_unspecified) [-Wnullability-completeness]
   17 | - (void)dispatchEvent:(id<RCTEvent>)event;
      |                        ^
/Users/vivek/Documents/vide coding/antigravity/dutch vocab builder/dutch-vocab-builder/ios/Pods/Headers/Private/RNReanimated/reanimated/apple/REANodesManager.h:17:35: note: insert '_Nullable' if the pointer may be null
   17 | - (void)dispatchEvent:(id<RCTEvent>)event;
      |                                   ^
      |                                    _Nullable
/Users/vivek/Documents/vide coding/antigravity/dutch vocab builder/dutch-vocab-builder/ios/Pods/Headers/Private/RNReanimated/reanimated/apple/REANodesManager.h:17:35: note: insert '_Nonnull' if the pointer should never be null
   17 | - (void)dispatchEvent:(id<RCTEvent>)event;
      |                                   ^
      |                                    _Nonnull
/Users/vivek/Documents/vide coding/antigravity/dutch vocab builder/dutch-vocab-builder/ios/Pods/Headers/Private/RNReanimated/reanimated/apple/REANodesManager.h:19:36: warning: block pointer is missing a nullability type specifier (_Nonnull, _Nullable, or _Null_unspecified) [-Wnullability-completeness]
   19 | - (void)registerPerformOperations:(REAPerformOperations)performOperations;
      |                                    ^
/Users/vivek/Documents/vide coding/antigravity/dutch vocab builder/dutch-vocab-builder/ios/Pods/Headers/Private/RNReanimated/reanimated/apple/REANodesManager.h:19:36: note: insert '_Nullable' if the block pointer may be null
   19 | - (void)registerPerformOperations:(REAPerformOperations)performOperations;
      |                                    ^                   
      |                                                         _Nullable 
/Users/vivek/Documents/vide coding/antigravity/dutch vocab builder/dutch-vocab-builder/ios/Pods/Headers/Private/RNReanimated/reanimated/apple/REANodesManager.h:19:36: note: insert '_Nonnull' if the block pointer should never be null
   19 | - (void)registerPerformOperations:(REAPerformOperations)performOperations;
      |                                    ^                   
      |                                                         _Nonnull 

CompileC /Users/vivek/Library/Developer/Xcode/DerivedData/dutchvocabbuilder-ekvgrffdbexgzcfvrslzlsvtuhiq/Build/Intermediates.noindex/Pods.build/Debug-iphonesimulator/RNSVG.build/Objects-normal/arm64/RNSVGClipPath.o /Users/vivek/Documents/vide\ coding/antigravity/dutch\ vocab\ builder/dutch-vocab-builder/node_modules/react-native-svg/apple/Elements/RNSVGClipPath.mm normal arm64 objective-c++ com.apple.compilers.llvm.clang.1_0.compiler (in target 'RNSVG' from project 'Pods')
    cd /Users/vivek/Documents/vide\ coding/antigravity/dutch\ vocab\ builder/dutch-vocab-builder/ios/Pods
    
    Using response file: /Users/vivek/Library/Developer/Xcode/DerivedData/dutchvocabbuilder-ekvgrffdbexgzcfvrslzlsvtuhiq/Build/Intermediates.noindex/Pods.build/Debug-iphonesimulator/RNSVG.build/Objects-normal/arm64/af3fcb34312c57c0f52879cdce924b91-common-args.resp
    
    /Applications/Xcode.app/Contents/Developer/Toolchains/XcodeDefault.xctoolchain/usr/bin/clang -x objective-c++ -ivfsstatcache /Users/vivek/Library/Developer/Xcode/DerivedData/SDKStatCaches.noindex/iphonesimulator18.2-22C146-07b28473f605e47e75261259d3ef3b5a.sdkstatcache -fmessage-length\=0 -fdiagnostics-show-note-include-stack -fmacro-backtrace-limit\=0 -fno-color-diagnostics -fmodules-prune-interval\=86400 -fmodules-prune-after\=345600 -fbuild-session-file\=/Users/vivek/Library/Developer/Xcode/DerivedData/ModuleCache.noindex/Session.modulevalidation -fmodules-validate-once-per-build-session -Wnon-modular-include-in-framework-module -Werror\=non-modular-include-in-framework-module -Wno-trigraphs -Wno-missing-field-initializers -Wno-missing-prototypes -Werror\=return-type -Wdocumentation -Wunreachable-code -Wno-implicit-atomic-properties -Werror\=deprecated-objc-isa-usage -Wno-objc-interface-ivars -Werror\=objc-root-class -Wno-arc-repeated-use-of-weak -Wimplicit-retain-self -Wno-non-virtual-dtor -Wno-overloaded-virtual -Wno-exit-time-destructors -Wduplicate-method-match -Wno-missing-braces -Wparentheses -Wswitch -Wunused-function -Wno-unused-label -Wno-unused-parameter -Wunused-variable -Wunused-value -Wempty-body -Wuninitialized -Wconditional-uninitialized -Wno-unknown-pragmas -Wno-shadow -Wno-four-char-constants -Wno-conversion -Wconstant-conversion -Wint-conversion -Wbool-conversion -Wenum-conversion -Wno-float-conversion -Wnon-literal-null-conversion -Wobjc-literal-conversion -Wshorten-64-to-32 -Wno-newline-eof -Wno-selector -Wno-strict-selector-match -Wundeclared-selector -Wdeprecated-implementations -Wno-c++11-extensions -Wno-implicit-fallthrough -fstrict-aliasing -Wprotocol -Wdeprecated-declarations -Winvalid-offsetof -Wno-sign-conversion -Winfinite-recursion -Wmove -Wcomma -Wblock-capture-autoreleasing -Wstrict-prototypes -Wrange-loop-analysis -Wno-semicolon-before-method-body -Wunguarded-availability -index-store-path /Users/vivek/Library/Developer/Xcode/DerivedData/dutchvocabbuilder-ekvgrffdbexgzcfvrslzlsvtuhiq/Index.noindex/DataStore @/Users/vivek/Library/Developer/Xcode/DerivedData/dutchvocabbuilder-ekvgrffdbexgzcfvrslzlsvtuhiq/Build/Intermediates.noindex/Pods.build/Debug-iphonesimulator/RNSVG.build/Objects-normal/arm64/af3fcb34312c57c0f52879cdce924b91-common-args.resp -DRCT_NEW_ARCH_ENABLED\=1 -include /Users/vivek/Documents/vide\ coding/antigravity/dutch\ vocab\ builder/dutch-vocab-builder/ios/Pods/Target\ Support\ Files/RNSVG/RNSVG-prefix.pch -MMD -MT dependencies -MF /Users/vivek/Library/Developer/Xcode/DerivedData/dutchvocabbuilder-ekvgrffdbexgzcfvrslzlsvtuhiq/Build/Intermediates.noindex/Pods.build/Debug-iphonesimulator/RNSVG.build/Objects-normal/arm64/RNSVGClipPath.d --serialize-diagnostics /Users/vivek/Library/Developer/Xcode/DerivedData/dutchvocabbuilder-ekvgrffdbexgzcfvrslzlsvtuhiq/Build/Intermediates.noindex/Pods.build/Debug-iphonesimulator/RNSVG.build/Objects-normal/arm64/RNSVGClipPath.dia -c /Users/vivek/Documents/vide\ coding/antigravity/dutch\ vocab\ builder/dutch-vocab-builder/node_modules/react-native-svg/apple/Elements/RNSVGClipPath.mm -o /Users/vivek/Library/Developer/Xcode/DerivedData/dutchvocabbuilder-ekvgrffdbexgzcfvrslzlsvtuhiq/Build/Intermediates.noindex/Pods.build/Debug-iphonesimulator/RNSVG.build/Objects-normal/arm64/RNSVGClipPath.o -index-unit-output-path /Pods.build/Debug-iphonesimulator/RNSVG.build/Objects-normal/arm64/RNSVGClipPath.o
In file included from /Users/vivek/Documents/vide coding/antigravity/dutch vocab builder/dutch-vocab-builder/node_modules/react-native-svg/apple/Elements/RNSVGClipPath.mm:14:
In file included from /Users/vivek/Documents/vide coding/antigravity/dutch vocab builder/dutch-vocab-builder/ios/Pods/Headers/Public/React-Fabric/react/renderer/components/view/conversions.h:17:
In file included from /Users/vivek/Documents/vide coding/antigravity/dutch vocab builder/dutch-vocab-builder/ios/Pods/Headers/Public/React-renderercss/react/renderer/css/CSSAngle.h:13:
In file included from /Users/vivek/Documents/vide coding/antigravity/dutch vocab builder/dutch-vocab-builder/ios/Pods/Headers/Public/React-renderercss/react/renderer/css/CSSDataType.h:15:
/Users/vivek/Documents/vide coding/antigravity/dutch vocab builder/dutch-vocab-builder/ios/Pods/Headers/Public/React-renderercss/react/renderer/css/CSSSyntaxParser.h:150:13: warning: parameter '<ReturnT>' not found in the function declaration [-Wdocumentation]
  150 |    * @param <ReturnT> caller-specified return type of visitors. This type will
      |             ^~~~~~~~~
/Users/vivek/Documents/vide coding/antigravity/dutch vocab builder/dutch-vocab-builder/node_modules/react-native-svg/apple/Elements/RNSVGClipPath.mm:51:1: warning: method possibly missing a [super updateProps:oldProps:] call [-Wobjc-missing-super-calls]
   51 | }
      | ^

Libtool /Users/vivek/Library/Developer/Xcode/DerivedData/dutchvocabbuilder-ekvgrffdbexgzcfvrslzlsvtuhiq/Build/Products/Debug-iphonesimulator/ReactCodegen/libReactCodegen.a normal (in target 'ReactCodegen' from project 'Pods')
    cd /Users/vivek/Documents/vide\ coding/antigravity/dutch\ vocab\ builder/dutch-vocab-builder/ios/Pods
    /Applications/Xcode.app/Contents/Developer/Toolchains/XcodeDefault.xctoolchain/usr/bin/libtool -static -arch_only arm64 -D -syslibroot /Applications/Xcode.app/Contents/Developer/Platforms/iPhoneSimulator.platform/Developer/SDKs/iPhoneSimulator18.2.sdk -L/Users/vivek/Library/Developer/Xcode/DerivedData/dutchvocabbuilder-ekvgrffdbexgzcfvrslzlsvtuhiq/Build/Products/Debug-iphonesimulator/ReactCodegen -filelist /Users/vivek/Library/Developer/Xcode/DerivedData/dutchvocabbuilder-ekvgrffdbexgzcfvrslzlsvtuhiq/Build/Intermediates.noindex/Pods.build/Debug-iphonesimulator/ReactCodegen.build/Objects-normal/arm64/ReactCodegen.LinkFileList -dependency_info /Users/vivek/Library/Developer/Xcode/DerivedData/dutchvocabbuilder-ekvgrffdbexgzcfvrslzlsvtuhiq/Build/Intermediates.noindex/Pods.build/Debug-iphonesimulator/ReactCodegen.build/Objects-normal/arm64/ReactCodegen_libtool_dependency_info.dat -o /Users/vivek/Library/Developer/Xcode/DerivedData/dutchvocabbuilder-ekvgrffdbexgzcfvrslzlsvtuhiq/Build/Products/Debug-iphonesimulator/ReactCodegen/libReactCodegen.a

PhaseScriptExecution [CP-User]\ Generate\ app.config\ for\ prebuilt\ Constants.manifest /Users/vivek/Library/Developer/Xcode/DerivedData/dutchvocabbuilder-ekvgrffdbexgzcfvrslzlsvtuhiq/Build/Intermediates.noindex/Pods.build/Debug-iphonesimulator/EXConstants.build/Script-46EB2E0001F7D0.sh (in target 'EXConstants' from project 'Pods')
    cd /Users/vivek/Documents/vide\ coding/antigravity/dutch\ vocab\ builder/dutch-vocab-builder/ios/Pods
    export ACTION\=build
    export AD_HOC_CODE_SIGNING_ALLOWED\=YES
    export ALLOW_BUILD_REQUEST_OVERRIDES\=NO
    export ALLOW_TARGET_PLATFORM_SPECIALIZATION\=NO
    export ALTERNATE_GROUP\=staff
    export ALTERNATE_MODE\=u+w,go-w,a+rX
    export ALTERNATE_OWNER\=vivek
    export ALTERNATIVE_DISTRIBUTION_WEB\=NO
    export ALWAYS_EMBED_SWIFT_STANDARD_LIBRARIES\=NO
    export ALWAYS_SEARCH_USER_PATHS\=NO
    export ALWAYS_USE_SEPARATE_HEADERMAPS\=NO
    export APPLE_INTERNAL_DEVELOPER_DIR\=/AppleInternal/Developer
    export APPLE_INTERNAL_DIR\=/AppleInternal
    export APPLE_INTERNAL_DOCUMENTATION_DIR\=/AppleInternal/Documentation
    export APPLE_INTERNAL_LIBRARY_DIR\=/AppleInternal/Library
    export APPLE_INTERNAL_TOOLS\=/AppleInternal/Developer/Tools
    export APPLICATION_EXTENSION_API_ONLY\=NO
    export APPLY_RULES_IN_COPY_FILES\=NO
    export APPLY_RULES_IN_COPY_HEADERS\=NO
    export APP_SHORTCUTS_ENABLE_FLEXIBLE_MATCHING\=YES
    export ARCHS\=arm64
    export ARCHS_STANDARD\=arm64\ x86_64
    export ARCHS_STANDARD_32_64_BIT\=arm64\ i386\ x86_64
    export ARCHS_STANDARD_32_BIT\=i386
    export ARCHS_STANDARD_64_BIT\=arm64\ x86_64
    export ARCHS_STANDARD_INCLUDING_64_BIT\=arm64\ x86_64
    export ARCHS_UNIVERSAL_IPHONE_OS\=arm64\ i386\ x86_64
    export ASSETCATALOG_COMPILER_GENERATE_ASSET_SYMBOLS\=YES
    export ASSETCATALOG_FILTER_FOR_DEVICE_MODEL\=iPhone17,3
    export ASSETCATALOG_FILTER_FOR_DEVICE_OS_VERSION\=18.3.1
    export ASSETCATALOG_FILTER_FOR_THINNING_DEVICE_CONFIGURATION\=iPhone17,3
    export AUTOMATICALLY_MERGE_DEPENDENCIES\=NO
    export AVAILABLE_PLATFORMS\=appletvos\ appletvsimulator\ driverkit\ iphoneos\ iphonesimulator\ macosx\ watchos\ watchsimulator\ xros\ xrsimulator
    export BITCODE_GENERATION_MODE\=marker
    export BUILD_ACTIVE_RESOURCES_ONLY\=YES
    export BUILD_COMPONENTS\=headers\ build
    export BUILD_DIR\=/Users/vivek/Library/Developer/Xcode/DerivedData/dutchvocabbuilder-ekvgrffdbexgzcfvrslzlsvtuhiq/Build/Products
    export BUILD_LIBRARY_FOR_DISTRIBUTION\=NO
    export BUILD_ROOT\=/Users/vivek/Library/Developer/Xcode/DerivedData/dutchvocabbuilder-ekvgrffdbexgzcfvrslzlsvtuhiq/Build/Products
    export BUILD_STYLE\=
    export BUILD_VARIANTS\=normal
    export BUILT_PRODUCTS_DIR\=/Users/vivek/Library/Developer/Xcode/DerivedData/dutchvocabbuilder-ekvgrffdbexgzcfvrslzlsvtuhiq/Build/Products/Debug-iphonesimulator/EXConstants
    export BUNDLE_CONTENTS_FOLDER_PATH_deep\=Contents/
    export BUNDLE_EXECUTABLE_FOLDER_NAME_deep\=MacOS
    export BUNDLE_EXTENSIONS_FOLDER_PATH\=Extensions
    export BUNDLE_FORMAT\=shallow
    export BUNDLE_FRAMEWORKS_FOLDER_PATH\=Frameworks
    export BUNDLE_PLUGINS_FOLDER_PATH\=PlugIns
    export BUNDLE_PRIVATE_HEADERS_FOLDER_PATH\=PrivateHeaders
    export BUNDLE_PUBLIC_HEADERS_FOLDER_PATH\=Headers
    export CACHE_ROOT\=/var/folders/kv/kwypt64n4194rht2wdsgvgcm0000gn/C/com.apple.DeveloperTools/16.2-16C5032a/Xcode
    export CCHROOT\=/var/folders/kv/kwypt64n4194rht2wdsgvgcm0000gn/C/com.apple.DeveloperTools/16.2-16C5032a/Xcode
    export CHMOD\=/bin/chmod
    export CHOWN\=/usr/sbin/chown
    export CLANG_ANALYZER_LOCALIZABILITY_NONLOCALIZED\=YES
    export CLANG_ANALYZER_NONNULL\=YES
    export CLANG_ANALYZER_NUMBER_OBJECT_CONVERSION\=YES_AGGRESSIVE
    export CLANG_CACHE_FINE_GRAINED_OUTPUTS\=YES
    export CLANG_CXX_LANGUAGE_STANDARD\=c++20
    export CLANG_CXX_LIBRARY\=libc++
    export CLANG_ENABLE_EXPLICIT_MODULES\=YES
    export CLANG_ENABLE_MODULES\=YES
    export CLANG_ENABLE_MODULE_DEBUGGING\=NO
    export CLANG_ENABLE_OBJC_ARC\=YES
    export CLANG_ENABLE_OBJC_WEAK\=NO
    export CLANG_MODULES_BUILD_SESSION_FILE\=/Users/vivek/Library/Developer/Xcode/DerivedData/ModuleCache.noindex/Session.modulevalidation
    export CLANG_WARN_BLOCK_CAPTURE_AUTORELEASING\=YES
    export CLANG_WARN_BOOL_CONVERSION\=YES
    export CLANG_WARN_COMMA\=YES
    export CLANG_WARN_CONSTANT_CONVERSION\=YES
    export CLANG_WARN_DEPRECATED_OBJC_IMPLEMENTATIONS\=YES
    export CLANG_WARN_DIRECT_OBJC_ISA_USAGE\=YES_ERROR
    export CLANG_WARN_DOCUMENTATION_COMMENTS\=YES
    export CLANG_WARN_EMPTY_BODY\=YES
    export CLANG_WARN_ENUM_CONVERSION\=YES
    export CLANG_WARN_INFINITE_RECURSION\=YES
    export CLANG_WARN_INT_CONVERSION\=YES
    export CLANG_WARN_NON_LITERAL_NULL_CONVERSION\=YES
    export CLANG_WARN_OBJC_IMPLICIT_RETAIN_SELF\=YES
    export CLANG_WARN_OBJC_LITERAL_CONVERSION\=YES
    export CLANG_WARN_OBJC_ROOT_CLASS\=YES_ERROR
    export CLANG_WARN_QUOTED_INCLUDE_IN_FRAMEWORK_HEADER\=NO
    export CLANG_WARN_RANGE_LOOP_ANALYSIS\=YES
    export CLANG_WARN_STRICT_PROTOTYPES\=YES
    export CLANG_WARN_SUSPICIOUS_MOVE\=YES
    export CLANG_WARN_UNGUARDED_AVAILABILITY\=YES_AGGRESSIVE
    export CLANG_WARN_UNREACHABLE_CODE\=YES
    export CLANG_WARN__DUPLICATE_METHOD_MATCH\=YES
    export CLASS_FILE_DIR\=/Users/vivek/Library/Developer/Xcode/DerivedData/dutchvocabbuilder-ekvgrffdbexgzcfvrslzlsvtuhiq/Build/Intermediates.noindex/Pods.build/Debug-iphonesimulator/EXConstants.build/JavaClasses
    export CLEAN_PRECOMPS\=YES
    export CLONE_HEADERS\=NO
    export CODESIGNING_FOLDER_PATH\=/Users/vivek/Library/Developer/Xcode/DerivedData/dutchvocabbuilder-ekvgrffdbexgzcfvrslzlsvtuhiq/Build/Products/Debug-iphonesimulator/EXConstants/libEXConstants.a
    export CODE_SIGNING_ALLOWED\=NO
    export CODE_SIGNING_REQUIRED\=YES
    export CODE_SIGN_CONTEXT_CLASS\=XCiPhoneSimulatorCodeSignContext
    export CODE_SIGN_IDENTITY\=-
    export CODE_SIGN_INJECT_BASE_ENTITLEMENTS\=YES
    export COLOR_DIAGNOSTICS\=NO
    export COMBINE_HIDPI_IMAGES\=NO
    export COMPILATION_CACHE_CAS_PATH\=/Users/vivek/Library/Developer/Xcode/DerivedData/CompilationCache.noindex
    export COMPILATION_CACHE_KEEP_CAS_DIRECTORY\=YES
    export COMPILER_INDEX_STORE_ENABLE\=Default
    export COMPOSITE_SDK_DIRS\=/Users/vivek/Library/Developer/Xcode/DerivedData/dutchvocabbuilder-ekvgrffdbexgzcfvrslzlsvtuhiq/Build/Intermediates.noindex/CompositeSDKs
    export COMPRESS_PNG_FILES\=YES
    export CONFIGURATION\=Debug
    export CONFIGURATION_BUILD_DIR\=/Users/vivek/Library/Developer/Xcode/DerivedData/dutchvocabbuilder-ekvgrffdbexgzcfvrslzlsvtuhiq/Build/Products/Debug-iphonesimulator/EXConstants
    export CONFIGURATION_TEMP_DIR\=/Users/vivek/Library/Developer/Xcode/DerivedData/dutchvocabbuilder-ekvgrffdbexgzcfvrslzlsvtuhiq/Build/Intermediates.noindex/Pods.build/Debug-iphonesimulator
    export COPYING_PRESERVES_HFS_DATA\=NO
    export COPY_HEADERS_RUN_UNIFDEF\=NO
    export COPY_PHASE_STRIP\=NO
    export CORRESPONDING_DEVICE_PLATFORM_DIR\=/Applications/Xcode.app/Contents/Developer/Platforms/iPhoneOS.platform
    export CORRESPONDING_DEVICE_PLATFORM_NAME\=iphoneos
    export CORRESPONDING_DEVICE_SDK_DIR\=/Applications/Xcode.app/Contents/Developer/Platforms/iPhoneOS.platform/Developer/SDKs/iPhoneOS18.2.sdk
    export CORRESPONDING_DEVICE_SDK_NAME\=iphoneos18.2
    export CP\=/bin/cp
    export CREATE_INFOPLIST_SECTION_IN_BINARY\=NO
    export CURRENT_ARCH\=undefined_arch
    export CURRENT_VARIANT\=normal
    export DEAD_CODE_STRIPPING\=YES
    export DEBUGGING_SYMBOLS\=YES
    export DEBUG_INFORMATION_FORMAT\=dwarf
    export DEBUG_INFORMATION_VERSION\=compiler-default
    export DEFAULT_COMPILER\=com.apple.compilers.llvm.clang.1_0
    export DEFAULT_DEXT_INSTALL_PATH\=/System/Library/DriverExtensions
    export DEFAULT_KEXT_INSTALL_PATH\=/System/Library/Extensions
    export DEFINES_MODULE\=YES
    export DEPLOYMENT_LOCATION\=NO
    export DEPLOYMENT_POSTPROCESSING\=NO
    export DEPLOYMENT_TARGET_SETTING_NAME\=IPHONEOS_DEPLOYMENT_TARGET
    export DEPLOYMENT_TARGET_SUGGESTED_VALUES\=12.0\ 12.1\ 12.2\ 12.3\ 12.4\ 13.0\ 13.1\ 13.2\ 13.3\ 13.4\ 13.5\ 13.6\ 14.0\ 14.1\ 14.2\ 14.3\ 14.4\ 14.5\ 14.6\ 14.7\ 15.0\ 15.1\ 15.2\ 15.3\ 15.4\ 15.5\ 15.6\ 16.0\ 16.1\ 16.2\ 16.3\ 16.4\ 16.5\ 16.6\ 17.0\ 17.1\ 17.2\ 17.3\ 17.4\ 17.5\ 17.6\ 18.0\ 18.1\ 18.2
    export DERIVED_FILES_DIR\=/Users/vivek/Library/Developer/Xcode/DerivedData/dutchvocabbuilder-ekvgrffdbexgzcfvrslzlsvtuhiq/Build/Intermediates.noindex/Pods.build/Debug-iphonesimulator/EXConstants.build/DerivedSources
    export DERIVED_FILE_DIR\=/Users/vivek/Library/Developer/Xcode/DerivedData/dutchvocabbuilder-ekvgrffdbexgzcfvrslzlsvtuhiq/Build/Intermediates.noindex/Pods.build/Debug-iphonesimulator/EXConstants.build/DerivedSources
    export DERIVED_SOURCES_DIR\=/Users/vivek/Library/Developer/Xcode/DerivedData/dutchvocabbuilder-ekvgrffdbexgzcfvrslzlsvtuhiq/Build/Intermediates.noindex/Pods.build/Debug-iphonesimulator/EXConstants.build/DerivedSources
    export DEVELOPER_APPLICATIONS_DIR\=/Applications/Xcode.app/Contents/Developer/Applications
    export DEVELOPER_BIN_DIR\=/Applications/Xcode.app/Contents/Developer/usr/bin
    export DEVELOPER_DIR\=/Applications/Xcode.app/Contents/Developer
    export DEVELOPER_FRAMEWORKS_DIR\=/Applications/Xcode.app/Contents/Developer/Library/Frameworks
    export DEVELOPER_FRAMEWORKS_DIR_QUOTED\=/Applications/Xcode.app/Contents/Developer/Library/Frameworks
    export DEVELOPER_LIBRARY_DIR\=/Applications/Xcode.app/Contents/Developer/Library
    export DEVELOPER_SDK_DIR\=/Applications/Xcode.app/Contents/Developer/Platforms/MacOSX.platform/Developer/SDKs
    export DEVELOPER_TOOLS_DIR\=/Applications/Xcode.app/Contents/Developer/Tools
    export DEVELOPER_USR_DIR\=/Applications/Xcode.app/Contents/Developer/usr
    export DEVELOPMENT_LANGUAGE\=en
    export DIFF\=/usr/bin/diff
    export DONT_GENERATE_INFOPLIST_FILE\=NO
    export DSTROOT\=/tmp/Pods.dst
    export DT_TOOLCHAIN_DIR\=/Applications/Xcode.app/Contents/Developer/Toolchains/XcodeDefault.xctoolchain
    export DWARF_DSYM_FILE_NAME\=libEXConstants.a.dSYM
    export DWARF_DSYM_FILE_SHOULD_ACCOMPANY_PRODUCT\=NO
    export DWARF_DSYM_FOLDER_PATH\=/Users/vivek/Library/Developer/Xcode/DerivedData/dutchvocabbuilder-ekvgrffdbexgzcfvrslzlsvtuhiq/Build/Products/Debug-iphonesimulator/EXConstants
    export DYNAMIC_LIBRARY_EXTENSION\=dylib
    export EAGER_COMPILATION_ALLOW_SCRIPTS\=NO
    export EAGER_LINKING\=NO
    export EFFECTIVE_PLATFORM_NAME\=-iphonesimulator
    export EMBEDDED_CONTENT_CONTAINS_SWIFT\=NO
    export EMBED_ASSET_PACKS_IN_PRODUCT_BUNDLE\=NO
    export ENABLE_APP_SANDBOX\=NO
    export ENABLE_BITCODE\=NO
    export ENABLE_CODE_COVERAGE\=YES
    export ENABLE_DEFAULT_HEADER_SEARCH_PATHS\=YES
    export ENABLE_DEFAULT_SEARCH_PATHS\=YES
    export ENABLE_HARDENED_RUNTIME\=NO
    export ENABLE_HEADER_DEPENDENCIES\=YES
    export ENABLE_MODULE_VERIFIER\=NO
    export ENABLE_ON_DEMAND_RESOURCES\=NO
    export ENABLE_PREVIEWS\=NO
    export ENABLE_STRICT_OBJC_MSGSEND\=YES
    export ENABLE_TESTABILITY\=YES
    export ENABLE_TESTING_SEARCH_PATHS\=NO
    export ENABLE_USER_SCRIPT_SANDBOXING\=NO
    export ENABLE_XOJIT_PREVIEWS\=YES
    export ENTITLEMENTS_DESTINATION\=__entitlements
    export ENTITLEMENTS_REQUIRED\=YES
    export EXCLUDED_INSTALLSRC_SUBDIRECTORY_PATTERNS\=.DS_Store\ .svn\ .git\ .hg\ CVS
    export EXCLUDED_RECURSIVE_SEARCH_PATH_SUBDIRECTORIES\=\*.nib\ \*.lproj\ \*.framework\ \*.gch\ \*.xcode\*\ \*.xcassets\ \(\*\)\ .DS_Store\ CVS\ .svn\ .git\ .hg\ \*.pbproj\ \*.pbxproj
    export EXECUTABLE_EXTENSION\=a
    export EXECUTABLE_NAME\=libEXConstants.a
    export EXECUTABLE_PATH\=libEXConstants.a
    export EXECUTABLE_PREFIX\=lib
    export EXECUTABLE_SUFFIX\=.a
    export FILE_LIST\=/Users/vivek/Library/Developer/Xcode/DerivedData/dutchvocabbuilder-ekvgrffdbexgzcfvrslzlsvtuhiq/Build/Intermediates.noindex/Pods.build/Debug-iphonesimulator/EXConstants.build/Objects/LinkFileList
    export FIXED_FILES_DIR\=/Users/vivek/Library/Developer/Xcode/DerivedData/dutchvocabbuilder-ekvgrffdbexgzcfvrslzlsvtuhiq/Build/Intermediates.noindex/Pods.build/Debug-iphonesimulator/EXConstants.build/FixedFiles
    export FRAMEWORK_FLAG_PREFIX\=-framework
    export FRAMEWORK_SEARCH_PATHS\=/Users/vivek/Library/Developer/Xcode/DerivedData/dutchvocabbuilder-ekvgrffdbexgzcfvrslzlsvtuhiq/Build/Products/Debug-iphonesimulator/EXConstants\ \ \"/Users/vivek/Documents/vide\ coding/antigravity/dutch\ vocab\ builder/dutch-vocab-builder/ios/Pods/React-Core-prebuilt\"\ \"/Users/vivek/Documents/vide\ coding/antigravity/dutch\ vocab\ builder/dutch-vocab-builder/ios/Pods/ReactNativeDependencies/framework/packages/react-native\"\ \"/Users/vivek/Documents/vide\ coding/antigravity/dutch\ vocab\ builder/dutch-vocab-builder/ios/Pods/hermes-engine/destroot/Library/Frameworks/universal\"\ \"/Users/vivek/Library/Developer/Xcode/DerivedData/dutchvocabbuilder-ekvgrffdbexgzcfvrslzlsvtuhiq/Build/Products/Debug-iphonesimulator/XCFrameworkIntermediates/React-Core-prebuilt\"\ \"/Users/vivek/Library/Developer/Xcode/DerivedData/dutchvocabbuilder-ekvgrffdbexgzcfvrslzlsvtuhiq/Build/Products/Debug-iphonesimulator/XCFrameworkIntermediates/ReactNativeDependencies\"\ \"/Users/vivek/Library/Developer/Xcode/DerivedData/dutchvocabbuilder-ekvgrffdbexgzcfvrslzlsvtuhiq/Build/Products/Debug-iphonesimulator/XCFrameworkIntermediates/hermes-engine/Pre-built\"
    export FRAMEWORK_VERSION\=A
    export FULL_PRODUCT_NAME\=libEXConstants.a
    export FUSE_BUILD_PHASES\=YES
    export FUSE_BUILD_SCRIPT_PHASES\=NO
    export GCC3_VERSION\=3.3
    export GCC_C_LANGUAGE_STANDARD\=gnu11
    export GCC_DYNAMIC_NO_PIC\=NO
    export GCC_NO_COMMON_BLOCKS\=YES
    export GCC_OBJC_LEGACY_DISPATCH\=YES
    export GCC_OPTIMIZATION_LEVEL\=0
    export GCC_PFE_FILE_C_DIALECTS\=c\ objective-c\ c++\ objective-c++
    export GCC_PREFIX_HEADER\=Target\ Support\ Files/EXConstants/EXConstants-prefix.pch
    export GCC_PREPROCESSOR_DEFINITIONS\=POD_CONFIGURATION_DEBUG\=1\ DEBUG\=1\ \ COCOAPODS\=1
    export GCC_TREAT_WARNINGS_AS_ERRORS\=NO
    export GCC_VERSION\=com.apple.compilers.llvm.clang.1_0
    export GCC_VERSION_IDENTIFIER\=com_apple_compilers_llvm_clang_1_0
    export GCC_WARN_64_TO_32_BIT_CONVERSION\=YES
    export GCC_WARN_ABOUT_RETURN_TYPE\=YES_ERROR
    export GCC_WARN_UNDECLARED_SELECTOR\=YES
    export GCC_WARN_UNINITIALIZED_AUTOS\=YES_AGGRESSIVE
    export GCC_WARN_UNUSED_FUNCTION\=YES
    export GCC_WARN_UNUSED_VARIABLE\=YES
    export GENERATED_MODULEMAP_DIR\=/Users/vivek/Library/Developer/Xcode/DerivedData/dutchvocabbuilder-ekvgrffdbexgzcfvrslzlsvtuhiq/Build/Intermediates.noindex/GeneratedModuleMaps-iphonesimulator
    export GENERATE_INFOPLIST_FILE\=NO
    export GENERATE_INTERMEDIATE_TEXT_BASED_STUBS\=YES
    export GENERATE_MASTER_OBJECT_FILE\=NO
    export GENERATE_PKGINFO_FILE\=NO
    export GENERATE_PROFILING_CODE\=NO
    export GENERATE_TEXT_BASED_STUBS\=NO
    export GID\=20
    export GROUP\=staff
    export HEADERMAP_INCLUDES_FLAT_ENTRIES_FOR_TARGET_BEING_BUILT\=YES
    export HEADERMAP_INCLUDES_FRAMEWORK_ENTRIES_FOR_ALL_PRODUCT_TYPES\=YES
    export HEADERMAP_INCLUDES_FRAMEWORK_ENTRIES_FOR_TARGETS_NOT_BEING_BUILT\=YES
    export HEADERMAP_INCLUDES_NONPUBLIC_NONPRIVATE_HEADERS\=YES
    export HEADERMAP_INCLUDES_PROJECT_HEADERS\=YES
    export HEADERMAP_USES_FRAMEWORK_PREFIX_ENTRIES\=YES
    export HEADERMAP_USES_VFS\=YES
    export HEADER_SEARCH_PATHS\=/Users/vivek/Library/Developer/Xcode/DerivedData/dutchvocabbuilder-ekvgrffdbexgzcfvrslzlsvtuhiq/Build/Products/Debug-iphonesimulator/EXConstants/include\ \ \"/Users/vivek/Documents/vide\ coding/antigravity/dutch\ vocab\ builder/dutch-vocab-builder/ios/Pods/Headers/Private\"\ \"/Users/vivek/Documents/vide\ coding/antigravity/dutch\ vocab\ builder/dutch-vocab-builder/ios/Pods/Headers/Private/EXConstants\"\ \"/Users/vivek/Documents/vide\ coding/antigravity/dutch\ vocab\ builder/dutch-vocab-builder/ios/Pods/Headers/Public\"\ \"/Users/vivek/Documents/vide\ coding/antigravity/dutch\ vocab\ builder/dutch-vocab-builder/ios/Pods/Headers/Public/ExpoModulesCore\"\ \"/Users/vivek/Documents/vide\ coding/antigravity/dutch\ vocab\ builder/dutch-vocab-builder/ios/Pods/Headers/Public/FBLazyVector\"\ \"/Users/vivek/Documents/vide\ coding/antigravity/dutch\ vocab\ builder/dutch-vocab-builder/ios/Pods/Headers/Public/RCTRequired\"\ \"/Users/vivek/Documents/vide\ coding/antigravity/dutch\ vocab\ builder/dutch-vocab-builder/ios/Pods/Headers/Public/RCTTypeSafety\"\ \"/Users/vivek/Documents/vide\ coding/antigravity/dutch\ vocab\ builder/dutch-vocab-builder/ios/Pods/Headers/Public/React-Core\"\ \"/Users/vivek/Documents/vide\ coding/antigravity/dutch\ vocab\ builder/dutch-vocab-builder/ios/Pods/Headers/Public/React-Core-prebuilt\"\ \"/Users/vivek/Documents/vide\ coding/antigravity/dutch\ vocab\ builder/dutch-vocab-builder/ios/Pods/Headers/Public/React-CoreModules\"\ \"/Users/vivek/Documents/vide\ coding/antigravity/dutch\ vocab\ builder/dutch-vocab-builder/ios/Pods/Headers/Public/React-Fabric\"\ \"/Users/vivek/Documents/vide\ coding/antigravity/dutch\ vocab\ builder/dutch-vocab-builder/ios/Pods/Headers/Public/React-FabricComponents\"\ \"/Users/vivek/Documents/vide\ coding/antigravity/dutch\ vocab\ builder/dutch-vocab-builder/ios/Pods/Headers/Public/React-FabricImage\"\ \"/Users/vivek/Documents/vide\ coding/antigravity/dutch\ vocab\ builder/dutch-vocab-builder/ios/Pods/Headers/Public/React-ImageManager\"\ \"/Users/vivek/Documents/vide\ coding/antigravity/dutch\ vocab\ builder/dutch-vocab-builder/ios/Pods/Headers/Public/React-Mapbuffer\"\ \"/Users/vivek/Documents/vide\ coding/antigravity/dutch\ vocab\ builder/dutch-vocab-builder/ios/Pods/Headers/Public/React-NativeModulesApple\"\ \"/Users/vivek/Documents/vide\ coding/antigravity/dutch\ vocab\ builder/dutch-vocab-builder/ios/Pods/Headers/Public/React-RCTAnimation\"\ \"/Users/vivek/Documents/vide\ coding/antigravity/dutch\ vocab\ builder/dutch-vocab-builder/ios/Pods/Headers/Public/React-RCTBlob\"\ \"/Users/vivek/Documents/vide\ coding/antigravity/dutch\ vocab\ builder/dutch-vocab-builder/ios/Pods/Headers/Public/React-RCTFBReactNativeSpec\"\ \"/Users/vivek/Documents/vide\ coding/antigravity/dutch\ vocab\ builder/dutch-vocab-builder/ios/Pods/Headers/Public/React-RCTFabric\"\ \"/Users/vivek/Documents/vide\ coding/antigravity/dutch\ vocab\ builder/dutch-vocab-builder/ios/Pods/Headers/Public/React-RCTImage\"\ \"/Users/vivek/Documents/vide\ coding/antigravity/dutch\ vocab\ builder/dutch-vocab-builder/ios/Pods/Headers/Public/React-RCTRuntime\"\ \"/Users/vivek/Documents/vide\ coding/antigravity/dutch\ vocab\ builder/dutch-vocab-builder/ios/Pods/Headers/Public/React-RCTText\"\ \"/Users/vivek/Documents/vide\ coding/antigravity/dutch\ vocab\ builder/dutch-vocab-builder/ios/Pods/Headers/Public/React-RuntimeApple\"\ \"/Users/vivek/Documents/vide\ coding/antigravity/dutch\ vocab\ builder/dutch-vocab-builder/ios/Pods/Headers/Public/React-RuntimeCore\"\ \"/Users/vivek/Documents/vide\ coding/antigravity/dutch\ vocab\ builder/dutch-vocab-builder/ios/Pods/Headers/Public/React-RuntimeHermes\"\ \"/Users/vivek/Documents/vide\ coding/antigravity/dutch\ vocab\ builder/dutch-vocab-builder/ios/Pods/Headers/Public/React-callinvoker\"\ \"/Users/vivek/Documents/vide\ coding/antigravity/dutch\ vocab\ builder/dutch-vocab-builder/ios/Pods/Headers/Public/React-cxxreact\"\ \"/Users/vivek/Documents/vide\ coding/antigravity/dutch\ vocab\ builder/dutch-vocab-builder/ios/Pods/Headers/Public/React-debug\"\ \"/Users/vivek/Documents/vide\ coding/antigravity/dutch\ vocab\ builder/dutch-vocab-builder/ios/Pods/Headers/Public/React-defaultsnativemodule\"\ \"/Users/vivek/Documents/vide\ coding/antigravity/dutch\ vocab\ builder/dutch-vocab-builder/ios/Pods/Headers/Public/React-domnativemodule\"\ \"/Users/vivek/Documents/vide\ coding/antigravity/dutch\ vocab\ builder/dutch-vocab-builder/ios/Pods/Headers/Public/React-featureflags\"\ \"/Users/vivek/Documents/vide\ coding/antigravity/dutch\ vocab\ builder/dutch-vocab-builder/ios/Pods/Headers/Public/React-featureflagsnativemodule\"\ \"/Users/vivek/Documents/vide\ coding/antigravity/dutch\ vocab\ builder/dutch-vocab-builder/ios/Pods/Headers/Public/React-graphics\"\ \"/Users/vivek/Documents/vide\ coding/antigravity/dutch\ vocab\ builder/dutch-vocab-builder/ios/Pods/Headers/Public/React-hermes\"\ \"/Users/vivek/Documents/vide\ coding/antigravity/dutch\ vocab\ builder/dutch-vocab-builder/ios/Pods/Headers/Public/React-idlecallbacksnativemodule\"\ \"/Users/vivek/Documents/vide\ coding/antigravity/dutch\ vocab\ builder/dutch-vocab-builder/ios/Pods/Headers/Public/React-jserrorhandler\"\ \"/Users/vivek/Documents/vide\ coding/antigravity/dutch\ vocab\ builder/dutch-vocab-builder/ios/Pods/Headers/Public/React-jsi\"\ \"/Users/vivek/Documents/vide\ coding/antigravity/dutch\ vocab\ builder/dutch-vocab-builder/ios/Pods/Headers/Public/React-jsiexecutor\"\ \"/Users/vivek/Documents/vide\ coding/antigravity/dutch\ vocab\ builder/dutch-vocab-builder/ios/Pods/Headers/Public/React-jsinspector\"\ \"/Users/vivek/Documents/vide\ coding/antigravity/dutch\ vocab\ builder/dutch-vocab-builder/ios/Pods/Headers/Public/React-jsinspectorcdp\"\ \"/Users/vivek/Documents/vide\ coding/antigravity/dutch\ vocab\ builder/dutch-vocab-builder/ios/Pods/Headers/Public/React-jsinspectornetwork\"\ \"/Users/vivek/Documents/vide\ coding/antigravity/dutch\ vocab\ builder/dutch-vocab-builder/ios/Pods/Headers/Public/React-jsinspectortracing\"\ \"/Users/vivek/Documents/vide\ coding/antigravity/dutch\ vocab\ builder/dutch-vocab-builder/ios/Pods/Headers/Public/React-jsitooling\"\ \"/Users/vivek/Documents/vide\ coding/antigravity/dutch\ vocab\ builder/dutch-vocab-builder/ios/Pods/Headers/Public/React-logger\"\ \"/Users/vivek/Documents/vide\ coding/antigravity/dutch\ vocab\ builder/dutch-vocab-builder/ios/Pods/Headers/Public/React-microtasksnativemodule\"\ \"/Users/vivek/Documents/vide\ coding/antigravity/dutch\ vocab\ builder/dutch-vocab-builder/ios/Pods/Headers/Public/React-oscompat\"\ \"/Users/vivek/Documents/vide\ coding/antigravity/dutch\ vocab\ builder/dutch-vocab-builder/ios/Pods/Headers/Public/React-perflogger\"\ \"/Users/vivek/Documents/vide\ coding/antigravity/dutch\ vocab\ builder/dutch-vocab-builder/ios/Pods/Headers/Public/React-performancetimeline\"\ \"/Users/vivek/Documents/vide\ coding/antigravity/dutch\ vocab\ builder/dutch-vocab-builder/ios/Pods/Headers/Public/React-rendererconsistency\"\ \"/Users/vivek/Documents/vide\ coding/antigravity/dutch\ vocab\ builder/dutch-vocab-builder/ios/Pods/Headers/Public/React-renderercss\"\ \"/Users/vivek/Documents/vide\ coding/antigravity/dutch\ vocab\ builder/dutch-vocab-builder/ios/Pods/Headers/Public/React-rendererdebug\"\ \"/Users/vivek/Documents/vide\ coding/antigravity/dutch\ vocab\ builder/dutch-vocab-builder/ios/Pods/Headers/Public/React-runtimeexecutor\"\ \"/Users/vivek/Documents/vide\ coding/antigravity/dutch\ vocab\ builder/dutch-vocab-builder/ios/Pods/Headers/Public/React-runtimescheduler\"\ \"/Users/vivek/Documents/vide\ coding/antigravity/dutch\ vocab\ builder/dutch-vocab-builder/ios/Pods/Headers/Public/React-timing\"\ \"/Users/vivek/Documents/vide\ coding/antigravity/dutch\ vocab\ builder/dutch-vocab-builder/ios/Pods/Headers/Public/React-utils\"\ \"/Users/vivek/Documents/vide\ coding/antigravity/dutch\ vocab\ builder/dutch-vocab-builder/ios/Pods/Headers/Public/ReactCodegen\"\ \"/Users/vivek/Documents/vide\ coding/antigravity/dutch\ vocab\ builder/dutch-vocab-builder/ios/Pods/Headers/Public/ReactCommon\"\ \"/Users/vivek/Documents/vide\ coding/antigravity/dutch\ vocab\ builder/dutch-vocab-builder/ios/Pods/Headers/Public/ReactNativeDependencies\"\ \"/Users/vivek/Documents/vide\ coding/antigravity/dutch\ vocab\ builder/dutch-vocab-builder/ios/Pods/Headers/Public/Yoga\"\ \"/Users/vivek/Documents/vide\ coding/antigravity/dutch\ vocab\ builder/dutch-vocab-builder/ios/Pods/Headers/Public/hermes-engine\"
    export HIDE_BITCODE_SYMBOLS\=YES
    export HOME\=/Users/vivek
    export HOST_ARCH\=arm64
    export HOST_PLATFORM\=macosx
    export ICONV\=/usr/bin/iconv
    export IMPLICIT_DEPENDENCY_DOMAIN\=default
    export INFOPLIST_ENABLE_CFBUNDLEICONS_MERGE\=YES
    export INFOPLIST_EXPAND_BUILD_SETTINGS\=YES
    export INFOPLIST_OUTPUT_FORMAT\=binary
    export INFOPLIST_PREPROCESS\=NO
    export INLINE_PRIVATE_FRAMEWORKS\=NO
    export INSTALLHDRS_COPY_PHASE\=NO
    export INSTALLHDRS_SCRIPT_PHASE\=NO
    export INSTALL_DIR\=/tmp/Pods.dst/usr/local/lib
    export INSTALL_GROUP\=staff
    export INSTALL_MODE_FLAG\=u+w,go-w,a+rX
    export INSTALL_OWNER\=vivek
    export INSTALL_PATH\=/usr/local/lib
    export INSTALL_ROOT\=/tmp/Pods.dst
    export IPHONEOS_DEPLOYMENT_TARGET\=15.1
    export IS_UNOPTIMIZED_BUILD\=YES
    export JAVAC_DEFAULT_FLAGS\=-J-Xms64m\ -J-XX:NewSize\=4M\ -J-Dfile.encoding\=UTF8
    export JAVA_APP_STUB\=/System/Library/Frameworks/JavaVM.framework/Resources/MacOS/JavaApplicationStub
    export JAVA_ARCHIVE_CLASSES\=YES
    export JAVA_ARCHIVE_TYPE\=JAR
    export JAVA_COMPILER\=/usr/bin/javac
    export JAVA_FRAMEWORK_RESOURCES_DIRS\=Resources
    export JAVA_JAR_FLAGS\=cv
    export JAVA_SOURCE_SUBDIR\=.
    export JAVA_USE_DEPENDENCIES\=YES
    export JAVA_ZIP_FLAGS\=-urg
    export JIKES_DEFAULT_FLAGS\=+E\ +OLDCSO
    export KEEP_PRIVATE_EXTERNS\=NO
    export LD_DEPENDENCY_INFO_FILE\=/Users/vivek/Library/Developer/Xcode/DerivedData/dutchvocabbuilder-ekvgrffdbexgzcfvrslzlsvtuhiq/Build/Intermediates.noindex/Pods.build/Debug-iphonesimulator/EXConstants.build/Objects-normal/undefined_arch/EXConstants_dependency_info.dat
    export LD_EXPORT_SYMBOLS\=YES
    export LD_GENERATE_MAP_FILE\=NO
    export LD_MAP_FILE_PATH\=/Users/vivek/Library/Developer/Xcode/DerivedData/dutchvocabbuilder-ekvgrffdbexgzcfvrslzlsvtuhiq/Build/Intermediates.noindex/Pods.build/Debug-iphonesimulator/EXConstants.build/EXConstants-LinkMap-normal-undefined_arch.txt
    export LD_NO_PIE\=NO
    export LD_QUOTE_LINKER_ARGUMENTS_FOR_COMPILER_DRIVER\=YES
    export LD_SHARED_CACHE_ELIGIBLE\=Automatic
    export LD_WARN_DUPLICATE_LIBRARIES\=NO
    export LD_WARN_UNUSED_DYLIBS\=NO
    export LEGACY_DEVELOPER_DIR\=/Applications/Xcode.app/Contents/PlugIns/Xcode3Core.ideplugin/Contents/SharedSupport/Developer
    export LEX\=lex
    export LIBRARY_DEXT_INSTALL_PATH\=/Library/DriverExtensions
    export LIBRARY_FLAG_NOSPACE\=YES
    export LIBRARY_FLAG_PREFIX\=-l
    export LIBRARY_KEXT_INSTALL_PATH\=/Library/Extensions
    export LIBRARY_SEARCH_PATHS\=/Users/vivek/Library/Developer/Xcode/DerivedData/dutchvocabbuilder-ekvgrffdbexgzcfvrslzlsvtuhiq/Build/Products/Debug-iphonesimulator/EXConstants\ 
    export LINKER_DISPLAYS_MANGLED_NAMES\=NO
    export LINK_FILE_LIST_normal_arm64\=/Users/vivek/Library/Developer/Xcode/DerivedData/dutchvocabbuilder-ekvgrffdbexgzcfvrslzlsvtuhiq/Build/Intermediates.noindex/Pods.build/Debug-iphonesimulator/EXConstants.build/Objects-normal/arm64/EXConstants.LinkFileList
    export LINK_OBJC_RUNTIME\=YES
    export LINK_WITH_STANDARD_LIBRARIES\=YES
    export LLVM_TARGET_TRIPLE_OS_VERSION\=ios15.1
    export LLVM_TARGET_TRIPLE_SUFFIX\=-simulator
    export LLVM_TARGET_TRIPLE_VENDOR\=apple
    export LM_AUX_CONST_METADATA_LIST_PATH_normal_arm64\=/Users/vivek/Library/Developer/Xcode/DerivedData/dutchvocabbuilder-ekvgrffdbexgzcfvrslzlsvtuhiq/Build/Intermediates.noindex/Pods.build/Debug-iphonesimulator/EXConstants.build/Objects-normal/arm64/EXConstants.SwiftConstValuesFileList
    export LOCALIZATION_EXPORT_SUPPORTED\=YES
    export LOCALIZATION_PREFERS_STRING_CATALOGS\=NO
    export LOCALIZED_STRING_MACRO_NAMES\=NSLocalizedString\ CFCopyLocalizedString
    export LOCALIZED_STRING_SWIFTUI_SUPPORT\=YES
    export LOCAL_ADMIN_APPS_DIR\=/Applications/Utilities
    export LOCAL_APPS_DIR\=/Applications
    export LOCAL_DEVELOPER_DIR\=/Library/Developer
    export LOCAL_LIBRARY_DIR\=/Library
    export LOCROOT\=/Users/vivek/Documents/vide\ coding/antigravity/dutch\ vocab\ builder/dutch-vocab-builder/ios/Pods
    export LOCSYMROOT\=/Users/vivek/Documents/vide\ coding/antigravity/dutch\ vocab\ builder/dutch-vocab-builder/ios/Pods
    export MACH_O_TYPE\=staticlib
    export MAC_OS_X_PRODUCT_BUILD_VERSION\=24G90
    export MAC_OS_X_VERSION_ACTUAL\=150601
    export MAC_OS_X_VERSION_MAJOR\=150000
    export MAC_OS_X_VERSION_MINOR\=150600
    export MAKE_MERGEABLE\=NO
    export MERGEABLE_LIBRARY\=NO
    export MERGED_BINARY_TYPE\=none
    export MERGE_LINKED_LIBRARIES\=NO
    export METAL_LIBRARY_FILE_BASE\=default
    export METAL_LIBRARY_OUTPUT_DIR\=/Users/vivek/Library/Developer/Xcode/DerivedData/dutchvocabbuilder-ekvgrffdbexgzcfvrslzlsvtuhiq/Build/Products/Debug-iphonesimulator/EXConstants/
    export MODULEMAP_FILE\=Headers/Public/EXConstants/EXConstants.modulemap
    export MODULE_CACHE_DIR\=/Users/vivek/Library/Developer/Xcode/DerivedData/ModuleCache.noindex
    export MTL_ENABLE_DEBUG_INFO\=INCLUDE_SOURCE
    export MTL_FAST_MATH\=YES
    export NATIVE_ARCH\=arm64
    export NATIVE_ARCH_32_BIT\=arm
    export NATIVE_ARCH_64_BIT\=arm64
    export NATIVE_ARCH_ACTUAL\=arm64
    export NO_COMMON\=YES
    export OBJC_ABI_VERSION\=2
    export OBJECT_FILE_DIR\=/Users/vivek/Library/Developer/Xcode/DerivedData/dutchvocabbuilder-ekvgrffdbexgzcfvrslzlsvtuhiq/Build/Intermediates.noindex/Pods.build/Debug-iphonesimulator/EXConstants.build/Objects
    export OBJECT_FILE_DIR_normal\=/Users/vivek/Library/Developer/Xcode/DerivedData/dutchvocabbuilder-ekvgrffdbexgzcfvrslzlsvtuhiq/Build/Intermediates.noindex/Pods.build/Debug-iphonesimulator/EXConstants.build/Objects-normal
    export OBJROOT\=/Users/vivek/Library/Developer/Xcode/DerivedData/dutchvocabbuilder-ekvgrffdbexgzcfvrslzlsvtuhiq/Build/Intermediates.noindex
    export ONLY_ACTIVE_ARCH\=YES
    export OS\=MACOS
    export OSAC\=/usr/bin/osacompile
    export OTHER_CFLAGS\=\ -fmodule-map-file\=\"/Users/vivek/Library/Developer/Xcode/DerivedData/dutchvocabbuilder-ekvgrffdbexgzcfvrslzlsvtuhiq/Build/Products/Debug-iphonesimulator/ExpoModulesCore/ExpoModulesCore.modulemap\"\ -fmodule-map-file\=\"/Users/vivek/Documents/vide\ coding/antigravity/dutch\ vocab\ builder/dutch-vocab-builder/ios/Pods/Headers/Public/ReactCodegen/ReactCodegen.modulemap\"
    export OTHER_CPLUSPLUSFLAGS\=\ -fmodule-map-file\=\"/Users/vivek/Library/Developer/Xcode/DerivedData/dutchvocabbuilder-ekvgrffdbexgzcfvrslzlsvtuhiq/Build/Products/Debug-iphonesimulator/ExpoModulesCore/ExpoModulesCore.modulemap\"\ -fmodule-map-file\=\"/Users/vivek/Documents/vide\ coding/antigravity/dutch\ vocab\ builder/dutch-vocab-builder/ios/Pods/Headers/Public/ReactCodegen/ReactCodegen.modulemap\"
    export OTHER_SWIFT_FLAGS\=\ -D\ COCOAPODS\ -Xcc\ -fmodule-map-file\=\"/Users/vivek/Library/Developer/Xcode/DerivedData/dutchvocabbuilder-ekvgrffdbexgzcfvrslzlsvtuhiq/Build/Products/Debug-iphonesimulator/ExpoModulesCore/ExpoModulesCore.modulemap\"\ -Xcc\ -fmodule-map-file\=\"/Users/vivek/Documents/vide\ coding/antigravity/dutch\ vocab\ builder/dutch-vocab-builder/ios/Pods/Headers/Public/ReactCodegen/ReactCodegen.modulemap\"\ -import-underlying-module\ -Xcc\ -fmodule-map-file\=\"/Users/vivek/Documents/vide\ coding/antigravity/dutch\ vocab\ builder/dutch-vocab-builder/ios/Pods/Headers/Public/EXConstants/EXConstants.modulemap\"
    export PACKAGE_TYPE\=com.apple.package-type.static-library
    export PASCAL_STRINGS\=YES
    export PATH\=/Applications/Xcode.app/Contents/SharedFrameworks/XCBuild.framework/Versions/A/PlugIns/XCBBuildService.bundle/Contents/PlugIns/XCBSpecifications.ideplugin/Contents/Resources:/Applications/Xcode.app/Contents/SharedFrameworks/XCBuild.framework/Versions/A/PlugIns/XCBBuildService.bundle/Contents/PlugIns/XCBSpecifications.ideplugin:/Applications/Xcode.app/Contents/Developer/Toolchains/XcodeDefault.xctoolchain/usr/bin:/Applications/Xcode.app/Contents/Developer/Toolchains/XcodeDefault.xctoolchain/usr/appleinternal/bin:/Applications/Xcode.app/Contents/Developer/Toolchains/XcodeDefault.xctoolchain/usr/local/bin:/Applications/Xcode.app/Contents/Developer/Toolchains/XcodeDefault.xctoolchain/usr/libexec:/Applications/Xcode.app/Contents/Developer/Platforms/iPhoneSimulator.platform/usr/bin:/Applications/Xcode.app/Contents/Developer/Platforms/iPhoneSimulator.platform/usr/appleinternal/bin:/Applications/Xcode.app/Contents/Developer/Platforms/iPhoneSimulator.platform/usr/local/bin:/Applications/Xcode.app/Contents/Developer/Platforms/iPhoneSimulator.platform/Developer/usr/bin:/Applications/Xcode.app/Contents/Developer/Platforms/iPhoneSimulator.platform/Developer/usr/local/bin:/Applications/Xcode.app/Contents/Developer/usr/bin:/Applications/Xcode.app/Contents/Developer/usr/local/bin:/Users/vivek/Documents/vide\ coding/antigravity/dutch\ vocab\ builder/dutch-vocab-builder/node_modules/.bin:/Users/vivek/Documents/vide\ coding/antigravity/dutch\ vocab\ builder/node_modules/.bin:/Users/vivek/Documents/vide\ coding/antigravity/node_modules/.bin:/Users/vivek/Documents/vide\ coding/node_modules/.bin:/Users/vivek/Documents/node_modules/.bin:/Users/vivek/node_modules/.bin:/Users/node_modules/.bin:/node_modules/.bin:/usr/local/lib/node_modules/npm/node_modules/@npmcli/run-script/lib/node-gyp-bin:/Users/vivek/Downloads/google-cloud-sdk/bin:/Users/vivek/.antigravity/antigravity/bin:/Users/vivek/.local/bin:/opt/homebrew/bin:/opt/homebrew/sbin:/usr/local/bin:/System/Cryptexes/App/usr/bin:/usr/bin:/bin:/usr/sbin:/sbin:/var/run/com.apple.security.cryptexd/codex.system/bootstrap/usr/local/bin:/var/run/com.apple.security.cryptexd/codex.system/bootstrap/usr/bin:/var/run/com.apple.security.cryptexd/codex.system/bootstrap/usr/appleinternal/bin:/Library/Apple/usr/bin:/Users/vivek/.cargo/bin
    export PATH_PREFIXES_EXCLUDED_FROM_HEADER_DEPENDENCIES\=/usr/include\ /usr/local/include\ /System/Library/Frameworks\ /System/Library/PrivateFrameworks\ /Applications/Xcode.app/Contents/Developer/Headers\ /Applications/Xcode.app/Contents/Developer/SDKs\ /Applications/Xcode.app/Contents/Developer/Platforms
    export PER_ARCH_OBJECT_FILE_DIR\=/Users/vivek/Library/Developer/Xcode/DerivedData/dutchvocabbuilder-ekvgrffdbexgzcfvrslzlsvtuhiq/Build/Intermediates.noindex/Pods.build/Debug-iphonesimulator/EXConstants.build/Objects-normal/undefined_arch
    export PER_VARIANT_OBJECT_FILE_DIR\=/Users/vivek/Library/Developer/Xcode/DerivedData/dutchvocabbuilder-ekvgrffdbexgzcfvrslzlsvtuhiq/Build/Intermediates.noindex/Pods.build/Debug-iphonesimulator/EXConstants.build/Objects-normal
    export PKGINFO_FILE_PATH\=/Users/vivek/Library/Developer/Xcode/DerivedData/dutchvocabbuilder-ekvgrffdbexgzcfvrslzlsvtuhiq/Build/Intermediates.noindex/Pods.build/Debug-iphonesimulator/EXConstants.build/PkgInfo
    export PLATFORM_DEVELOPER_APPLICATIONS_DIR\=/Applications/Xcode.app/Contents/Developer/Platforms/iPhoneSimulator.platform/Developer/Applications
    export PLATFORM_DEVELOPER_BIN_DIR\=/Applications/Xcode.app/Contents/Developer/Platforms/iPhoneSimulator.platform/Developer/usr/bin
    export PLATFORM_DEVELOPER_LIBRARY_DIR\=/Applications/Xcode.app/Contents/Developer/Platforms/iPhoneSimulator.platform/Developer/Library
    export PLATFORM_DEVELOPER_SDK_DIR\=/Applications/Xcode.app/Contents/Developer/Platforms/iPhoneSimulator.platform/Developer/SDKs
    export PLATFORM_DEVELOPER_TOOLS_DIR\=/Applications/Xcode.app/Contents/Developer/Platforms/iPhoneSimulator.platform/Developer/Tools
    export PLATFORM_DEVELOPER_USR_DIR\=/Applications/Xcode.app/Contents/Developer/Platforms/iPhoneSimulator.platform/Developer/usr
    export PLATFORM_DIR\=/Applications/Xcode.app/Contents/Developer/Platforms/iPhoneSimulator.platform
    export PLATFORM_DISPLAY_NAME\=iOS\ Simulator
    export PLATFORM_FAMILY_NAME\=iOS
    export PLATFORM_NAME\=iphonesimulator
    export PLATFORM_PREFERRED_ARCH\=x86_64
    export PLATFORM_PRODUCT_BUILD_VERSION\=22C146
    export PLIST_FILE_OUTPUT_FORMAT\=binary
    export PODS_BUILD_DIR\=/Users/vivek/Library/Developer/Xcode/DerivedData/dutchvocabbuilder-ekvgrffdbexgzcfvrslzlsvtuhiq/Build/Products
    export PODS_CONFIGURATION_BUILD_DIR\=/Users/vivek/Library/Developer/Xcode/DerivedData/dutchvocabbuilder-ekvgrffdbexgzcfvrslzlsvtuhiq/Build/Products/Debug-iphonesimulator
    export PODS_DEVELOPMENT_LANGUAGE\=en
    export PODS_ROOT\=/Users/vivek/Documents/vide\ coding/antigravity/dutch\ vocab\ builder/dutch-vocab-builder/ios/Pods
    export PODS_TARGET_SRCROOT\=/Users/vivek/Documents/vide\ coding/antigravity/dutch\ vocab\ builder/dutch-vocab-builder/ios/Pods/../../node_modules/expo-constants/ios
    export PODS_XCFRAMEWORKS_BUILD_DIR\=/Users/vivek/Library/Developer/Xcode/DerivedData/dutchvocabbuilder-ekvgrffdbexgzcfvrslzlsvtuhiq/Build/Products/Debug-iphonesimulator/XCFrameworkIntermediates
    export PRECOMPS_INCLUDE_HEADERS_FROM_BUILT_PRODUCTS_DIR\=YES
    export PRECOMP_DESTINATION_DIR\=/Users/vivek/Library/Developer/Xcode/DerivedData/dutchvocabbuilder-ekvgrffdbexgzcfvrslzlsvtuhiq/Build/Intermediates.noindex/Pods.build/Debug-iphonesimulator/EXConstants.build/PrefixHeaders
    export PROCESSED_INFOPLIST_PATH\=/Users/vivek/Library/Developer/Xcode/DerivedData/dutchvocabbuilder-ekvgrffdbexgzcfvrslzlsvtuhiq/Build/Intermediates.noindex/Pods.build/Debug-iphonesimulator/EXConstants.build/Objects-normal/undefined_arch/Processed-Info.plist
    export PRODUCT_BUNDLE_IDENTIFIER\=org.cocoapods.EXConstants
    export PRODUCT_MODULE_NAME\=EXConstants
    export PRODUCT_NAME\=EXConstants
    export PRODUCT_SETTINGS_PATH\=
    export PRODUCT_TYPE\=com.apple.product-type.library.static
    export PROFILING_CODE\=NO
    export PROJECT\=Pods
    export PROJECT_DERIVED_FILE_DIR\=/Users/vivek/Library/Developer/Xcode/DerivedData/dutchvocabbuilder-ekvgrffdbexgzcfvrslzlsvtuhiq/Build/Intermediates.noindex/Pods.build/DerivedSources
    export PROJECT_DIR\=/Users/vivek/Documents/vide\ coding/antigravity/dutch\ vocab\ builder/dutch-vocab-builder/ios/Pods
    export PROJECT_FILE_PATH\=/Users/vivek/Documents/vide\ coding/antigravity/dutch\ vocab\ builder/dutch-vocab-builder/ios/Pods/Pods.xcodeproj
    export PROJECT_GUID\=8699adb1dd336b26511df848a716bd42
    export PROJECT_NAME\=Pods
    export PROJECT_TEMP_DIR\=/Users/vivek/Library/Developer/Xcode/DerivedData/dutchvocabbuilder-ekvgrffdbexgzcfvrslzlsvtuhiq/Build/Intermediates.noindex/Pods.build
    export PROJECT_TEMP_ROOT\=/Users/vivek/Library/Developer/Xcode/DerivedData/dutchvocabbuilder-ekvgrffdbexgzcfvrslzlsvtuhiq/Build/Intermediates.noindex
    export REACT_NATIVE_PATH\=/Users/vivek/Documents/vide\ coding/antigravity/dutch\ vocab\ builder/dutch-vocab-builder/ios/Pods/../../node_modules/react-native
    export RECOMMENDED_IPHONEOS_DEPLOYMENT_TARGET\=15.0
    export RECURSIVE_SEARCH_PATHS_FOLLOW_SYMLINKS\=YES
    export REMOVE_CVS_FROM_RESOURCES\=YES
    export REMOVE_GIT_FROM_RESOURCES\=YES
    export REMOVE_HEADERS_FROM_EMBEDDED_BUNDLES\=YES
    export REMOVE_HG_FROM_RESOURCES\=YES
    export REMOVE_STATIC_EXECUTABLES_FROM_EMBEDDED_BUNDLES\=YES
    export REMOVE_SVN_FROM_RESOURCES\=YES
    export RESCHEDULE_INDEPENDENT_HEADERS_PHASES\=YES
    export REZ_COLLECTOR_DIR\=/Users/vivek/Library/Developer/Xcode/DerivedData/dutchvocabbuilder-ekvgrffdbexgzcfvrslzlsvtuhiq/Build/Intermediates.noindex/Pods.build/Debug-iphonesimulator/EXConstants.build/ResourceManagerResources
    export REZ_EXECUTABLE\=YES
    export REZ_OBJECTS_DIR\=/Users/vivek/Library/Developer/Xcode/DerivedData/dutchvocabbuilder-ekvgrffdbexgzcfvrslzlsvtuhiq/Build/Intermediates.noindex/Pods.build/Debug-iphonesimulator/EXConstants.build/ResourceManagerResources/Objects
    export REZ_SEARCH_PATHS\=/Users/vivek/Library/Developer/Xcode/DerivedData/dutchvocabbuilder-ekvgrffdbexgzcfvrslzlsvtuhiq/Build/Products/Debug-iphonesimulator/EXConstants\ 
    export SCAN_ALL_SOURCE_FILES_FOR_INCLUDES\=NO
    export SCRIPT_INPUT_FILE_COUNT\=0
    export SCRIPT_INPUT_FILE_LIST_COUNT\=0
    export SCRIPT_OUTPUT_FILE_COUNT\=0
    export SCRIPT_OUTPUT_FILE_LIST_COUNT\=0
    export SDKROOT\=/Applications/Xcode.app/Contents/Developer/Platforms/iPhoneSimulator.platform/Developer/SDKs/iPhoneSimulator18.2.sdk
    export SDK_DIR\=/Applications/Xcode.app/Contents/Developer/Platforms/iPhoneSimulator.platform/Developer/SDKs/iPhoneSimulator18.2.sdk
    export SDK_DIR_iphonesimulator\=/Applications/Xcode.app/Contents/Developer/Platforms/iPhoneSimulator.platform/Developer/SDKs/iPhoneSimulator18.2.sdk
    export SDK_DIR_iphonesimulator18_2\=/Applications/Xcode.app/Contents/Developer/Platforms/iPhoneSimulator.platform/Developer/SDKs/iPhoneSimulator18.2.sdk
    export SDK_NAME\=iphonesimulator18.2
    export SDK_NAMES\=iphonesimulator18.2
    export SDK_PRODUCT_BUILD_VERSION\=22C146
    export SDK_STAT_CACHE_DIR\=/Users/vivek/Library/Developer/Xcode/DerivedData
    export SDK_STAT_CACHE_ENABLE\=YES
    export SDK_STAT_CACHE_PATH\=/Users/vivek/Library/Developer/Xcode/DerivedData/SDKStatCaches.noindex/iphonesimulator18.2-22C146-07b28473f605e47e75261259d3ef3b5a.sdkstatcache
    export SDK_VERSION\=18.2
    export SDK_VERSION_ACTUAL\=180200
    export SDK_VERSION_MAJOR\=180000
    export SDK_VERSION_MINOR\=180200
    export SED\=/usr/bin/sed
    export SEPARATE_STRIP\=NO
    export SEPARATE_SYMBOL_EDIT\=NO
    export SET_DIR_MODE_OWNER_GROUP\=YES
    export SET_FILE_MODE_OWNER_GROUP\=NO
    export SHALLOW_BUNDLE\=NO
    export SHARED_DERIVED_FILE_DIR\=/Users/vivek/Library/Developer/Xcode/DerivedData/dutchvocabbuilder-ekvgrffdbexgzcfvrslzlsvtuhiq/Build/Products/Debug-iphonesimulator/EXConstants/DerivedSources
    export SHARED_PRECOMPS_DIR\=/Users/vivek/Library/Developer/Xcode/DerivedData/dutchvocabbuilder-ekvgrffdbexgzcfvrslzlsvtuhiq/Build/Intermediates.noindex/PrecompiledHeaders
    export SKIP_INSTALL\=YES
    export SOURCE_ROOT\=/Users/vivek/Documents/vide\ coding/antigravity/dutch\ vocab\ builder/dutch-vocab-builder/ios/Pods
    export SRCROOT\=/Users/vivek/Documents/vide\ coding/antigravity/dutch\ vocab\ builder/dutch-vocab-builder/ios/Pods
    export STRINGSDATA_DIR\=/Users/vivek/Library/Developer/Xcode/DerivedData/dutchvocabbuilder-ekvgrffdbexgzcfvrslzlsvtuhiq/Build/Intermediates.noindex/Pods.build/Debug-iphonesimulator/EXConstants.build/Objects-normal/undefined_arch
    export STRINGSDATA_ROOT\=/Users/vivek/Library/Developer/Xcode/DerivedData/dutchvocabbuilder-ekvgrffdbexgzcfvrslzlsvtuhiq/Build/Intermediates.noindex/Pods.build/Debug-iphonesimulator/EXConstants.build
    export STRINGS_FILE_INFOPLIST_RENAME\=YES
    export STRINGS_FILE_OUTPUT_ENCODING\=binary
    export STRIP_BITCODE_FROM_COPIED_FILES\=NO
    export STRIP_INSTALLED_PRODUCT\=NO
    export STRIP_STYLE\=debugging
    export STRIP_SWIFT_SYMBOLS\=YES
    export SUPPORTED_DEVICE_FAMILIES\=1,2
    export SUPPORTED_PLATFORMS\=iphoneos\ iphonesimulator
    export SUPPORTS_TEXT_BASED_API\=NO
    export SUPPRESS_WARNINGS\=NO
    export SWIFT_ACTIVE_COMPILATION_CONDITIONS\=\ DEBUG\ 
    export SWIFT_COMPILATION_MODE\=wholemodule
    export SWIFT_EMIT_LOC_STRINGS\=NO
    export SWIFT_ENABLE_EXPLICIT_MODULES\=NO
    export SWIFT_INCLUDE_PATHS\=/Users/vivek/Library/Developer/Xcode/DerivedData/dutchvocabbuilder-ekvgrffdbexgzcfvrslzlsvtuhiq/Build/Products/Debug-iphonesimulator/EXConstants\ \ \"/Users/vivek/Library/Developer/Xcode/DerivedData/dutchvocabbuilder-ekvgrffdbexgzcfvrslzlsvtuhiq/Build/Products/Debug-iphonesimulator/ExpoModulesCore\"
    export SWIFT_INSTALL_OBJC_HEADER\=YES
    export SWIFT_OPTIMIZATION_LEVEL\=-Onone
    export SWIFT_PLATFORM_TARGET_PREFIX\=ios
    export SWIFT_RESPONSE_FILE_PATH_normal_arm64\=/Users/vivek/Library/Developer/Xcode/DerivedData/dutchvocabbuilder-ekvgrffdbexgzcfvrslzlsvtuhiq/Build/Intermediates.noindex/Pods.build/Debug-iphonesimulator/EXConstants.build/Objects-normal/arm64/EXConstants.SwiftFileList
    export SWIFT_VERSION\=5.9
    export SYMROOT\=/Users/vivek/Library/Developer/Xcode/DerivedData/dutchvocabbuilder-ekvgrffdbexgzcfvrslzlsvtuhiq/Build/Products
    export SYSTEM_ADMIN_APPS_DIR\=/Applications/Utilities
    export SYSTEM_APPS_DIR\=/Applications
    export SYSTEM_CORE_SERVICES_DIR\=/System/Library/CoreServices
    export SYSTEM_DEMOS_DIR\=/Applications/Extras
    export SYSTEM_DEVELOPER_APPS_DIR\=/Applications/Xcode.app/Contents/Developer/Applications
    export SYSTEM_DEVELOPER_BIN_DIR\=/Applications/Xcode.app/Contents/Developer/usr/bin
    export SYSTEM_DEVELOPER_DEMOS_DIR\=/Applications/Xcode.app/Contents/Developer/Applications/Utilities/Built\ Examples
    export SYSTEM_DEVELOPER_DIR\=/Applications/Xcode.app/Contents/Developer
    export SYSTEM_DEVELOPER_DOC_DIR\=/Applications/Xcode.app/Contents/Developer/ADC\ Reference\ Library
    export SYSTEM_DEVELOPER_GRAPHICS_TOOLS_DIR\=/Applications/Xcode.app/Contents/Developer/Applications/Graphics\ Tools
    export SYSTEM_DEVELOPER_JAVA_TOOLS_DIR\=/Applications/Xcode.app/Contents/Developer/Applications/Java\ Tools
    export SYSTEM_DEVELOPER_PERFORMANCE_TOOLS_DIR\=/Applications/Xcode.app/Contents/Developer/Applications/Performance\ Tools
    export SYSTEM_DEVELOPER_RELEASENOTES_DIR\=/Applications/Xcode.app/Contents/Developer/ADC\ Reference\ Library/releasenotes
    export SYSTEM_DEVELOPER_TOOLS\=/Applications/Xcode.app/Contents/Developer/Tools
    export SYSTEM_DEVELOPER_TOOLS_DOC_DIR\=/Applications/Xcode.app/Contents/Developer/ADC\ Reference\ Library/documentation/DeveloperTools
    export SYSTEM_DEVELOPER_TOOLS_RELEASENOTES_DIR\=/Applications/Xcode.app/Contents/Developer/ADC\ Reference\ Library/releasenotes/DeveloperTools
    export SYSTEM_DEVELOPER_USR_DIR\=/Applications/Xcode.app/Contents/Developer/usr
    export SYSTEM_DEVELOPER_UTILITIES_DIR\=/Applications/Xcode.app/Contents/Developer/Applications/Utilities
    export SYSTEM_DEXT_INSTALL_PATH\=/System/Library/DriverExtensions
    export SYSTEM_DOCUMENTATION_DIR\=/Library/Documentation
    export SYSTEM_KEXT_INSTALL_PATH\=/System/Library/Extensions
    export SYSTEM_LIBRARY_DIR\=/System/Library
    export TAPI_DEMANGLE\=YES
    export TAPI_ENABLE_PROJECT_HEADERS\=NO
    export TAPI_LANGUAGE\=objective-c
    export TAPI_LANGUAGE_STANDARD\=compiler-default
    export TAPI_USE_SRCROOT\=YES
    export TAPI_VERIFY_MODE\=Pedantic
    export TARGETED_DEVICE_FAMILY\=1,2
    export TARGETNAME\=EXConstants
    export TARGET_BUILD_DIR\=/Users/vivek/Library/Developer/Xcode/DerivedData/dutchvocabbuilder-ekvgrffdbexgzcfvrslzlsvtuhiq/Build/Products/Debug-iphonesimulator/EXConstants
    export TARGET_DEVICE_IDENTIFIER\=26CBEFC5-7D3A-41B2-B7D6-D5F9CE78E77D
    export TARGET_DEVICE_MODEL\=iPhone17,3
    export TARGET_DEVICE_OS_VERSION\=18.3.1
    export TARGET_DEVICE_PLATFORM_NAME\=iphonesimulator
    export TARGET_NAME\=EXConstants
    export TARGET_TEMP_DIR\=/Users/vivek/Library/Developer/Xcode/DerivedData/dutchvocabbuilder-ekvgrffdbexgzcfvrslzlsvtuhiq/Build/Intermediates.noindex/Pods.build/Debug-iphonesimulator/EXConstants.build
    export TEMP_DIR\=/Users/vivek/Library/Developer/Xcode/DerivedData/dutchvocabbuilder-ekvgrffdbexgzcfvrslzlsvtuhiq/Build/Intermediates.noindex/Pods.build/Debug-iphonesimulator/EXConstants.build
    export TEMP_FILES_DIR\=/Users/vivek/Library/Developer/Xcode/DerivedData/dutchvocabbuilder-ekvgrffdbexgzcfvrslzlsvtuhiq/Build/Intermediates.noindex/Pods.build/Debug-iphonesimulator/EXConstants.build
    export TEMP_FILE_DIR\=/Users/vivek/Library/Developer/Xcode/DerivedData/dutchvocabbuilder-ekvgrffdbexgzcfvrslzlsvtuhiq/Build/Intermediates.noindex/Pods.build/Debug-iphonesimulator/EXConstants.build
    export TEMP_ROOT\=/Users/vivek/Library/Developer/Xcode/DerivedData/dutchvocabbuilder-ekvgrffdbexgzcfvrslzlsvtuhiq/Build/Intermediates.noindex
    export TEST_FRAMEWORK_SEARCH_PATHS\=\ /Applications/Xcode.app/Contents/Developer/Platforms/iPhoneSimulator.platform/Developer/Library/Frameworks\ /Applications/Xcode.app/Contents/Developer/Platforms/iPhoneSimulator.platform/Developer/SDKs/iPhoneSimulator18.2.sdk/Developer/Library/Frameworks
    export TEST_LIBRARY_SEARCH_PATHS\=\ /Applications/Xcode.app/Contents/Developer/Platforms/iPhoneSimulator.platform/Developer/usr/lib
    export TOOLCHAINS\=com.apple.dt.toolchain.XcodeDefault
    export TOOLCHAIN_DIR\=/Applications/Xcode.app/Contents/Developer/Toolchains/XcodeDefault.xctoolchain
    export TREAT_MISSING_BASELINES_AS_TEST_FAILURES\=NO
    export TREAT_MISSING_SCRIPT_PHASE_OUTPUTS_AS_ERRORS\=NO
    export UID\=501
    export UNINSTALLED_PRODUCTS_DIR\=/Users/vivek/Library/Developer/Xcode/DerivedData/dutchvocabbuilder-ekvgrffdbexgzcfvrslzlsvtuhiq/Build/Intermediates.noindex/UninstalledProducts
    export UNSTRIPPED_PRODUCT\=NO
    export USER\=vivek
    export USER_APPS_DIR\=/Users/vivek/Applications
    export USER_LIBRARY_DIR\=/Users/vivek/Library
    export USE_DYNAMIC_NO_PIC\=YES
    export USE_HEADERMAP\=YES
    export USE_HEADER_SYMLINKS\=NO
    export USE_HERMES\=true
    export USE_RECURSIVE_SCRIPT_INPUTS_IN_SCRIPT_PHASES\=YES
    export VALIDATE_DEVELOPMENT_ASSET_PATHS\=YES_ERROR
    export VALIDATE_PRODUCT\=NO
    export VALID_ARCHS\=arm64\ arm64e\ i386\ x86_64
    export VERBOSE_PBXCP\=NO
    export VERSION_INFO_BUILDER\=vivek
    export VERSION_INFO_FILE\=EXConstants_vers.c
    export VERSION_INFO_STRING\=\"@\(\#\)PROGRAM:EXConstants\ \ PROJECT:Pods-\"
    export WORKSPACE_DIR\=/Users/vivek/Documents/vide\ coding/antigravity/dutch\ vocab\ builder/dutch-vocab-builder/ios
    export WRAP_ASSET_PACKS_IN_SEPARATE_DIRECTORIES\=NO
    export XCODE_APP_SUPPORT_DIR\=/Applications/Xcode.app/Contents/Developer/Library/Xcode
    export XCODE_PRODUCT_BUILD_VERSION\=16C5032a
    export XCODE_VERSION_ACTUAL\=1620
    export XCODE_VERSION_MAJOR\=1600
    export XCODE_VERSION_MINOR\=1620
    export XPCSERVICES_FOLDER_PATH\=/XPCServices
    export YACC\=yacc
    export arch\=undefined_arch
    export variant\=normal
    /bin/sh -c /Users/vivek/Library/Developer/Xcode/DerivedData/dutchvocabbuilder-ekvgrffdbexgzcfvrslzlsvtuhiq/Build/Intermediates.noindex/Pods.build/Debug-iphonesimulator/EXConstants.build/Script-46EB2E0001F7D0.sh
bash: /Users/vivek/Documents/vide: No such file or directory
Command PhaseScriptExecution failed with a nonzero exit code

Copy /Users/vivek/Library/Developer/Xcode/DerivedData/dutchvocabbuilder-ekvgrffdbexgzcfvrslzlsvtuhiq/Build/Products/Debug-iphonesimulator/Expo/Expo.swiftmodule/arm64-apple-ios-simulator.abi.json /Users/vivek/Library/Developer/Xcode/DerivedData/dutchvocabbuilder-ekvgrffdbexgzcfvrslzlsvtuhiq/Build/Intermediates.noindex/Pods.build/Debug-iphonesimulator/Expo.build/Objects-normal/arm64/Expo.abi.json (in target 'Expo' from project 'Pods')
    cd /Users/vivek/Documents/vide\ coding/antigravity/dutch\ vocab\ builder/dutch-vocab-builder/ios/Pods
    builtin-copy -exclude .DS_Store -exclude CVS -exclude .svn -exclude .git -exclude .hg -resolve-src-symlinks -rename /Users/vivek/Library/Developer/Xcode/DerivedData/dutchvocabbuilder-ekvgrffdbexgzcfvrslzlsvtuhiq/Build/Intermediates.noindex/Pods.build/Debug-iphonesimulator/Expo.build/Objects-normal/arm64/Expo.abi.json /Users/vivek/Library/Developer/Xcode/DerivedData/dutchvocabbuilder-ekvgrffdbexgzcfvrslzlsvtuhiq/Build/Products/Debug-iphonesimulator/Expo/Expo.swiftmodule/arm64-apple-ios-simulator.abi.json

Libtool /Users/vivek/Library/Developer/Xcode/DerivedData/dutchvocabbuilder-ekvgrffdbexgzcfvrslzlsvtuhiq/Build/Products/Debug-iphonesimulator/ReactAppDependencyProvider/libReactAppDependencyProvider.a normal (in target 'ReactAppDependencyProvider' from project 'Pods')
    cd /Users/vivek/Documents/vide\ coding/antigravity/dutch\ vocab\ builder/dutch-vocab-builder/ios/Pods
    /Applications/Xcode.app/Contents/Developer/Toolchains/XcodeDefault.xctoolchain/usr/bin/libtool -static -arch_only arm64 -D -syslibroot /Applications/Xcode.app/Contents/Developer/Platforms/iPhoneSimulator.platform/Developer/SDKs/iPhoneSimulator18.2.sdk -L/Users/vivek/Library/Developer/Xcode/DerivedData/dutchvocabbuilder-ekvgrffdbexgzcfvrslzlsvtuhiq/Build/Products/Debug-iphonesimulator/ReactAppDependencyProvider -filelist /Users/vivek/Library/Developer/Xcode/DerivedData/dutchvocabbuilder-ekvgrffdbexgzcfvrslzlsvtuhiq/Build/Intermediates.noindex/Pods.build/Debug-iphonesimulator/ReactAppDependencyProvider.build/Objects-normal/arm64/ReactAppDependencyProvider.LinkFileList -dependency_info /Users/vivek/Library/Developer/Xcode/DerivedData/dutchvocabbuilder-ekvgrffdbexgzcfvrslzlsvtuhiq/Build/Intermediates.noindex/Pods.build/Debug-iphonesimulator/ReactAppDependencyProvider.build/Objects-normal/arm64/ReactAppDependencyProvider_libtool_dependency_info.dat -o /Users/vivek/Library/Developer/Xcode/DerivedData/dutchvocabbuilder-ekvgrffdbexgzcfvrslzlsvtuhiq/Build/Products/Debug-iphonesimulator/ReactAppDependencyProvider/libReactAppDependencyProvider.a

SwiftDriver Expo normal arm64 com.apple.xcode.tools.swift.compiler (in target 'Expo' from project 'Pods')
    cd /Users/vivek/Documents/vide\ coding/antigravity/dutch\ vocab\ builder/dutch-vocab-builder/ios/Pods
    builtin-SwiftDriver -- /Applications/Xcode.app/Contents/Developer/Toolchains/XcodeDefault.xctoolchain/usr/bin/swiftc -module-name Expo -Onone -enforce-exclusivity\=checked @/Users/vivek/Library/Developer/Xcode/DerivedData/dutchvocabbuilder-ekvgrffdbexgzcfvrslzlsvtuhiq/Build/Intermediates.noindex/Pods.build/Debug-iphonesimulator/Expo.build/Objects-normal/arm64/Expo.SwiftFileList -DDEBUG -D COCOAPODS -Xcc -fmodule-map-file\=/Users/vivek/Library/Developer/Xcode/DerivedData/dutchvocabbuilder-ekvgrffdbexgzcfvrslzlsvtuhiq/Build/Products/Debug-iphonesimulator/ExpoModulesCore/ExpoModulesCore.modulemap -Xcc -fmodule-map-file\=/Users/vivek/Documents/vide\ coding/antigravity/dutch\ vocab\ builder/dutch-vocab-builder/ios/Pods/Headers/Public/ReactAppDependencyProvider/ReactAppDependencyProvider.modulemap -Xcc -fmodule-map-file\=/Users/vivek/Documents/vide\ coding/antigravity/dutch\ vocab\ builder/dutch-vocab-builder/ios/Pods/Headers/Public/ReactCodegen/ReactCodegen.modulemap -import-underlying-module -Xcc -fmodule-map-file\=/Users/vivek/Documents/vide\ coding/antigravity/dutch\ vocab\ builder/dutch-vocab-builder/ios/Pods/Headers/Public/Expo/Expo.modulemap -DRCT_NEW_ARCH_ENABLED -enable-bare-slash-regex -enable-experimental-feature DebugDescriptionMacro -sdk /Applications/Xcode.app/Contents/Developer/Platforms/iPhoneSimulator.platform/Developer/SDKs/iPhoneSimulator18.2.sdk -target arm64-apple-ios15.1-simulator -g -module-cache-path /Users/vivek/Library/Developer/Xcode/DerivedData/ModuleCache.noindex -Xfrontend -serialize-debugging-options -enable-testing -index-store-path /Users/vivek/Library/Developer/Xcode/DerivedData/dutchvocabbuilder-ekvgrffdbexgzcfvrslzlsvtuhiq/Index.noindex/DataStore -enable-experimental-feature OpaqueTypeErasure -Xcc -D_LIBCPP_HARDENING_MODE\=_LIBCPP_HARDENING_MODE_DEBUG -swift-version 5 -I /Users/vivek/Library/Developer/Xcode/DerivedData/dutchvocabbuilder-ekvgrffdbexgzcfvrslzlsvtuhiq/Build/Products/Debug-iphonesimulator/Expo -I /Users/vivek/Library/Developer/Xcode/DerivedData/dutchvocabbuilder-ekvgrffdbexgzcfvrslzlsvtuhiq/Build/Products/Debug-iphonesimulator/ExpoModulesCore -F /Users/vivek/Library/Developer/Xcode/DerivedData/dutchvocabbuilder-ekvgrffdbexgzcfvrslzlsvtuhiq/Build/Products/Debug-iphonesimulator/Expo -F /Users/vivek/Documents/vide\ coding/antigravity/dutch\ vocab\ builder/dutch-vocab-builder/ios/Pods/React-Core-prebuilt -F /Users/vivek/Documents/vide\ coding/antigravity/dutch\ vocab\ builder/dutch-vocab-builder/ios/Pods/ReactNativeDependencies/framework/packages/react-native -F /Users/vivek/Documents/vide\ coding/antigravity/dutch\ vocab\ builder/dutch-vocab-builder/ios/Pods/hermes-engine/destroot/Library/Frameworks/universal -F /Users/vivek/Library/Developer/Xcode/DerivedData/dutchvocabbuilder-ekvgrffdbexgzcfvrslzlsvtuhiq/Build/Products/Debug-iphonesimulator/XCFrameworkIntermediates/React-Core-prebuilt -F /Users/vivek/Library/Developer/Xcode/DerivedData/dutchvocabbuilder-ekvgrffdbexgzcfvrslzlsvtuhiq/Build/Products/Debug-iphonesimulator/XCFrameworkIntermediates/ReactNativeDependencies -F /Users/vivek/Library/Developer/Xcode/DerivedData/dutchvocabbuilder-ekvgrffdbexgzcfvrslzlsvtuhiq/Build/Products/Debug-iphonesimulator/XCFrameworkIntermediates/hermes-engine/Pre-built -c -j8 -enable-batch-mode -incremental -Xcc -ivfsstatcache -Xcc /Users/vivek/Library/Developer/Xcode/DerivedData/SDKStatCaches.noindex/iphonesimulator18.2-22C146-07b28473f605e47e75261259d3ef3b5a.sdkstatcache -output-file-map /Users/vivek/Library/Developer/Xcode/DerivedData/dutchvocabbuilder-ekvgrffdbexgzcfvrslzlsvtuhiq/Build/Intermediates.noindex/Pods.build/Debug-iphonesimulator/Expo.build/Objects-normal/arm64/Expo-OutputFileMap.json -use-frontend-parseable-output -save-temps -no-color-diagnostics -serialize-diagnostics -emit-dependencies -emit-module -emit-module-path /Users/vivek/Library/Developer/Xcode/DerivedData/dutchvocabbuilder-ekvgrffdbexgzcfvrslzlsvtuhiq/Build/Intermediates.noindex/Pods.build/Debug-iphonesimulator/Expo.build/Objects-normal/arm64/Expo.swiftmodule -validate-clang-modules-once -clang-build-session-file /Users/vivek/Library/Developer/Xcode/DerivedData/ModuleCache.noindex/Session.modulevalidation -Xcc -I/Users/vivek/Library/Developer/Xcode/DerivedData/dutchvocabbuilder-ekvgrffdbexgzcfvrslzlsvtuhiq/Build/Intermediates.noindex/Pods.build/Debug-iphonesimulator/Expo.build/swift-overrides.hmap -emit-const-values -Xfrontend -const-gather-protocols-file -Xfrontend /Users/vivek/Library/Developer/Xcode/DerivedData/dutchvocabbuilder-ekvgrffdbexgzcfvrslzlsvtuhiq/Build/Intermediates.noindex/Pods.build/Debug-iphonesimulator/Expo.build/Objects-normal/arm64/Expo_const_extract_protocols.json -Xcc -iquote -Xcc /Users/vivek/Library/Developer/Xcode/DerivedData/dutchvocabbuilder-ekvgrffdbexgzcfvrslzlsvtuhiq/Build/Intermediates.noindex/Pods.build/Debug-iphonesimulator/Expo.build/Expo-generated-files.hmap -Xcc -I/Users/vivek/Library/Developer/Xcode/DerivedData/dutchvocabbuilder-ekvgrffdbexgzcfvrslzlsvtuhiq/Build/Intermediates.noindex/Pods.build/Debug-iphonesimulator/Expo.build/Expo-own-target-headers.hmap -Xcc -I/Users/vivek/Library/Developer/Xcode/DerivedData/dutchvocabbuilder-ekvgrffdbexgzcfvrslzlsvtuhiq/Build/Intermediates.noindex/Pods.build/Debug-iphonesimulator/Expo.build/Expo-all-non-framework-target-headers.hmap -Xcc -ivfsoverlay -Xcc /Users/vivek/Library/Developer/Xcode/DerivedData/dutchvocabbuilder-ekvgrffdbexgzcfvrslzlsvtuhiq/Build/Intermediates.noindex/Pods.build/Debug-iphonesimulator/Pods-8699adb1dd336b26511df848a716bd42-VFS-iphonesimulator/all-product-headers.yaml -Xcc -iquote -Xcc /Users/vivek/Library/Developer/Xcode/DerivedData/dutchvocabbuilder-ekvgrffdbexgzcfvrslzlsvtuhiq/Build/Intermediates.noindex/Pods.build/Debug-iphonesimulator/Expo.build/Expo-project-headers.hmap -Xcc -I/Users/vivek/Library/Developer/Xcode/DerivedData/dutchvocabbuilder-ekvgrffdbexgzcfvrslzlsvtuhiq/Build/Products/Debug-iphonesimulator/Expo/include -Xcc -I/Users/vivek/Documents/vide\ coding/antigravity/dutch\ vocab\ builder/dutch-vocab-builder/ios/Pods/Headers/Private -Xcc -I/Users/vivek/Documents/vide\ coding/antigravity/dutch\ vocab\ builder/dutch-vocab-builder/ios/Pods/Headers/Private/Expo -Xcc -I/Users/vivek/Documents/vide\ coding/antigravity/dutch\ vocab\ builder/dutch-vocab-builder/ios/Pods/Headers/Public -Xcc -I/Users/vivek/Documents/vide\ coding/antigravity/dutch\ vocab\ builder/dutch-vocab-builder/ios/Pods/Headers/Public/Expo -Xcc -I/Users/vivek/Documents/vide\ coding/antigravity/dutch\ vocab\ builder/dutch-vocab-builder/ios/Pods/Headers/Public/ExpoModulesCore -Xcc -I/Users/vivek/Documents/vide\ coding/antigravity/dutch\ vocab\ builder/dutch-vocab-builder/ios/Pods/Headers/Public/FBLazyVector -Xcc -I/Users/vivek/Documents/vide\ coding/antigravity/dutch\ vocab\ builder/dutch-vocab-builder/ios/Pods/Headers/Public/RCTRequired -Xcc -I/Users/vivek/Documents/vide\ coding/antigravity/dutch\ vocab\ builder/dutch-vocab-builder/ios/Pods/Headers/Public/RCTTypeSafety -Xcc -I/Users/vivek/Documents/vide\ coding/antigravity/dutch\ vocab\ builder/dutch-vocab-builder/ios/Pods/Headers/Public/React-Core -Xcc -I/Users/vivek/Documents/vide\ coding/antigravity/dutch\ vocab\ builder/dutch-vocab-builder/ios/Pods/Headers/Public/React-Core-prebuilt -Xcc -I/Users/vivek/Documents/vide\ coding/antigravity/dutch\ vocab\ builder/dutch-vocab-builder/ios/Pods/Headers/Public/React-CoreModules -Xcc -I/Users/vivek/Documents/vide\ coding/antigravity/dutch\ vocab\ builder/dutch-vocab-builder/ios/Pods/Headers/Public/React-Fabric -Xcc -I/Users/vivek/Documents/vide\ coding/antigravity/dutch\ vocab\ builder/dutch-vocab-builder/ios/Pods/Headers/Public/React-FabricComponents -Xcc -I/Users/vivek/Documents/vide\ coding/antigravity/dutch\ vocab\ builder/dutch-vocab-builder/ios/Pods/Headers/Public/React-FabricImage -Xcc -I/Users/vivek/Documents/vide\ coding/antigravity/dutch\ vocab\ builder/dutch-vocab-builder/ios/Pods/Headers/Public/React-ImageManager -Xcc -I/Users/vivek/Documents/vide\ coding/antigravity/dutch\ vocab\ builder/dutch-vocab-builder/ios/Pods/Headers/Public/React-Mapbuffer -Xcc -I/Users/vivek/Documents/vide\ coding/antigravity/dutch\ vocab\ builder/dutch-vocab-builder/ios/Pods/Headers/Public/React-NativeModulesApple -Xcc -I/Users/vivek/Documents/vide\ coding/antigravity/dutch\ vocab\ builder/dutch-vocab-builder/ios/Pods/Headers/Public/React-RCTAnimation -Xcc -I/Users/vivek/Documents/vide\ coding/antigravity/dutch\ vocab\ builder/dutch-vocab-builder/ios/Pods/Headers/Public/React-RCTBlob -Xcc -I/Users/vivek/Documents/vide\ coding/antigravity/dutch\ vocab\ builder/dutch-vocab-builder/ios/Pods/Headers/Public/React-RCTFBReactNativeSpec -Xcc -I/Users/vivek/Documents/vide\ coding/antigravity/dutch\ vocab\ builder/dutch-vocab-builder/ios/Pods/Headers/Public/React-RCTFabric -Xcc -I/Users/vivek/Documents/vide\ coding/antigravity/dutch\ vocab\ builder/dutch-vocab-builder/ios/Pods/Headers/Public/React-RCTImage -Xcc -I/Users/vivek/Documents/vide\ coding/antigravity/dutch\ vocab\ builder/dutch-vocab-builder/ios/Pods/Headers/Public/React-RCTRuntime -Xcc -I/Users/vivek/Documents/vide\ coding/antigravity/dutch\ vocab\ builder/dutch-vocab-builder/ios/Pods/Headers/Public/React-RCTText -Xcc -I/Users/vivek/Documents/vide\ coding/antigravity/dutch\ vocab\ builder/dutch-vocab-builder/ios/Pods/Headers/Public/React-RuntimeApple -Xcc -I/Users/vivek/Documents/vide\ coding/antigravity/dutch\ vocab\ builder/dutch-vocab-builder/ios/Pods/Headers/Public/React-RuntimeCore -Xcc -I/Users/vivek/Documents/vide\ coding/antigravity/dutch\ vocab\ builder/dutch-vocab-builder/ios/Pods/Headers/Public/React-RuntimeHermes -Xcc -I/Users/vivek/Documents/vide\ coding/antigravity/dutch\ vocab\ builder/dutch-vocab-builder/ios/Pods/Headers/Public/React-callinvoker -Xcc -I/Users/vivek/Documents/vide\ coding/antigravity/dutch\ vocab\ builder/dutch-vocab-builder/ios/Pods/Headers/Public/React-cxxreact -Xcc -I/Users/vivek/Documents/vide\ coding/antigravity/dutch\ vocab\ builder/dutch-vocab-builder/ios/Pods/Headers/Public/React-debug -Xcc -I/Users/vivek/Documents/vide\ coding/antigravity/dutch\ vocab\ builder/dutch-vocab-builder/ios/Pods/Headers/Public/React-defaultsnativemodule -Xcc -I/Users/vivek/Documents/vide\ coding/antigravity/dutch\ vocab\ builder/dutch-vocab-builder/ios/Pods/Headers/Public/React-domnativemodule -Xcc -I/Users/vivek/Documents/vide\ coding/antigravity/dutch\ vocab\ builder/dutch-vocab-builder/ios/Pods/Headers/Public/React-featureflags -Xcc -I/Users/vivek/Documents/vide\ coding/antigravity/dutch\ vocab\ builder/dutch-vocab-builder/ios/Pods/Headers/Public/React-featureflagsnativemodule -Xcc -I/Users/vivek/Documents/vide\ coding/antigravity/dutch\ vocab\ builder/dutch-vocab-builder/ios/Pods/Headers/Public/React-graphics -Xcc -I/Users/vivek/Documents/vide\ coding/antigravity/dutch\ vocab\ builder/dutch-vocab-builder/ios/Pods/Headers/Public/React-hermes -Xcc -I/Users/vivek/Documents/vide\ coding/antigravity/dutch\ vocab\ builder/dutch-vocab-builder/ios/Pods/Headers/Public/React-idlecallbacksnativemodule -Xcc -I/Users/vivek/Documents/vide\ coding/antigravity/dutch\ vocab\ builder/dutch-vocab-builder/ios/Pods/Headers/Public/React-jserrorhandler -Xcc -I/Users/vivek/Documents/vide\ coding/antigravity/dutch\ vocab\ builder/dutch-vocab-builder/ios/Pods/Headers/Public/React-jsi -Xcc -I/Users/vivek/Documents/vide\ coding/antigravity/dutch\ vocab\ builder/dutch-vocab-builder/ios/Pods/Headers/Public/React-jsiexecutor -Xcc -I/Users/vivek/Documents/vide\ coding/antigravity/dutch\ vocab\ builder/dutch-vocab-builder/ios/Pods/Headers/Public/React-jsinspector -Xcc -I/Users/vivek/Documents/vide\ coding/antigravity/dutch\ vocab\ builder/dutch-vocab-builder/ios/Pods/Headers/Public/React-jsinspectorcdp -Xcc -I/Users/vivek/Documents/vide\ coding/antigravity/dutch\ vocab\ builder/dutch-vocab-builder/ios/Pods/Headers/Public/React-jsinspectornetwork -Xcc -I/Users/vivek/Documents/vide\ coding/antigravity/dutch\ vocab\ builder/dutch-vocab-builder/ios/Pods/Headers/Public/React-jsinspectortracing -Xcc -I/Users/vivek/Documents/vide\ coding/antigravity/dutch\ vocab\ builder/dutch-vocab-builder/ios/Pods/Headers/Public/React-jsitooling -Xcc -I/Users/vivek/Documents/vide\ coding/antigravity/dutch\ vocab\ builder/dutch-vocab-builder/ios/Pods/Headers/Public/React-logger -Xcc -I/Users/vivek/Documents/vide\ coding/antigravity/dutch\ vocab\ builder/dutch-vocab-builder/ios/Pods/Headers/Public/React-microtasksnativemodule -Xcc -I/Users/vivek/Documents/vide\ coding/antigravity/dutch\ vocab\ builder/dutch-vocab-builder/ios/Pods/Headers/Public/React-oscompat -Xcc -I/Users/vivek/Documents/vide\ coding/antigravity/dutch\ vocab\ builder/dutch-vocab-builder/ios/Pods/Headers/Public/React-perflogger -Xcc -I/Users/vivek/Documents/vide\ coding/antigravity/dutch\ vocab\ builder/dutch-vocab-builder/ios/Pods/Headers/Public/React-performancetimeline -Xcc -I/Users/vivek/Documents/vide\ coding/antigravity/dutch\ vocab\ builder/dutch-vocab-builder/ios/Pods/Headers/Public/React-rendererconsistency -Xcc -I/Users/vivek/Documents/vide\ coding/antigravity/dutch\ vocab\ builder/dutch-vocab-builder/ios/Pods/Headers/Public/React-renderercss -Xcc -I/Users/vivek/Documents/vide\ coding/antigravity/dutch\ vocab\ builder/dutch-vocab-builder/ios/Pods/Headers/Public/React-rendererdebug -Xcc -I/Users/vivek/Documents/vide\ coding/antigravity/dutch\ vocab\ builder/dutch-vocab-builder/ios/Pods/Headers/Public/React-runtimeexecutor -Xcc -I/Users/vivek/Documents/vide\ coding/antigravity/dutch\ vocab\ builder/dutch-vocab-builder/ios/Pods/Headers/Public/React-runtimescheduler -Xcc -I/Users/vivek/Documents/vide\ coding/antigravity/dutch\ vocab\ builder/dutch-vocab-builder/ios/Pods/Headers/Public/React-timing -Xcc -I/Users/vivek/Documents/vide\ coding/antigravity/dutch\ vocab\ builder/dutch-vocab-builder/ios/Pods/Headers/Public/React-utils -Xcc -I/Users/vivek/Documents/vide\ coding/antigravity/dutch\ vocab\ builder/dutch-vocab-builder/ios/Pods/Headers/Public/ReactCodegen -Xcc -I/Users/vivek/Documents/vide\ coding/antigravity/dutch\ vocab\ builder/dutch-vocab-builder/ios/Pods/Headers/Public/ReactCommon -Xcc -I/Users/vivek/Documents/vide\ coding/antigravity/dutch\ vocab\ builder/dutch-vocab-builder/ios/Pods/Headers/Public/ReactNativeDependencies -Xcc -I/Users/vivek/Documents/vide\ coding/antigravity/dutch\ vocab\ builder/dutch-vocab-builder/ios/Pods/Headers/Public/Yoga -Xcc -I/Users/vivek/Documents/vide\ coding/antigravity/dutch\ vocab\ builder/dutch-vocab-builder/ios/Pods/Headers/Public/hermes-engine -Xcc -I/Users/vivek/Documents/vide\ coding/antigravity/dutch\ vocab\ builder/dutch-vocab-builder/ios/Pods/Headers/Private/React-Core -Xcc -I/Users/vivek/Documents/vide\ coding/antigravity/dutch\ vocab\ builder/dutch-vocab-builder/ios/Pods/DoubleConversion -Xcc -I/Users/vivek/Library/Developer/Xcode/DerivedData/dutchvocabbuilder-ekvgrffdbexgzcfvrslzlsvtuhiq/Build/Products/Debug-iphonesimulator/ExpoModulesCore/Swift\ Compatibility\ Header -Xcc -I/Users/vivek/Documents/vide\ coding/antigravity/dutch\ vocab\ builder/dutch-vocab-builder/ios/Pods/Headers/Private/Yoga -Xcc -I/Users/vivek/Library/Developer/Xcode/DerivedData/dutchvocabbuilder-ekvgrffdbexgzcfvrslzlsvtuhiq/Build/Intermediates.noindex/Pods.build/Debug-iphonesimulator/Expo.build/DerivedSources-normal/arm64 -Xcc -I/Users/vivek/Library/Developer/Xcode/DerivedData/dutchvocabbuilder-ekvgrffdbexgzcfvrslzlsvtuhiq/Build/Intermediates.noindex/Pods.build/Debug-iphonesimulator/Expo.build/DerivedSources/arm64 -Xcc -I/Users/vivek/Library/Developer/Xcode/DerivedData/dutchvocabbuilder-ekvgrffdbexgzcfvrslzlsvtuhiq/Build/Intermediates.noindex/Pods.build/Debug-iphonesimulator/Expo.build/DerivedSources -Xcc -DPOD_CONFIGURATION_DEBUG\=1 -Xcc -DDEBUG\=1 -Xcc -DCOCOAPODS\=1 -emit-objc-header -emit-objc-header-path /Users/vivek/Library/Developer/Xcode/DerivedData/dutchvocabbuilder-ekvgrffdbexgzcfvrslzlsvtuhiq/Build/Intermediates.noindex/Pods.build/Debug-iphonesimulator/Expo.build/Objects-normal/arm64/Expo-Swift.h -working-directory /Users/vivek/Documents/vide\ coding/antigravity/dutch\ vocab\ builder/dutch-vocab-builder/ios/Pods -experimental-emit-module-separately -disable-cmo

SwiftDriver ExpoFont normal arm64 com.apple.xcode.tools.swift.compiler (in target 'ExpoFont' from project 'Pods')
    cd /Users/vivek/Documents/vide\ coding/antigravity/dutch\ vocab\ builder/dutch-vocab-builder/ios/Pods
    builtin-SwiftDriver -- /Applications/Xcode.app/Contents/Developer/Toolchains/XcodeDefault.xctoolchain/usr/bin/swiftc -module-name ExpoFont -Onone -enforce-exclusivity\=checked @/Users/vivek/Library/Developer/Xcode/DerivedData/dutchvocabbuilder-ekvgrffdbexgzcfvrslzlsvtuhiq/Build/Intermediates.noindex/Pods.build/Debug-iphonesimulator/ExpoFont.build/Objects-normal/arm64/ExpoFont.SwiftFileList -DDEBUG -D COCOAPODS -Xcc -fmodule-map-file\=/Users/vivek/Library/Developer/Xcode/DerivedData/dutchvocabbuilder-ekvgrffdbexgzcfvrslzlsvtuhiq/Build/Products/Debug-iphonesimulator/ExpoModulesCore/ExpoModulesCore.modulemap -Xcc -fmodule-map-file\=/Users/vivek/Documents/vide\ coding/antigravity/dutch\ vocab\ builder/dutch-vocab-builder/ios/Pods/Headers/Public/ReactCodegen/ReactCodegen.modulemap -import-underlying-module -Xcc -fmodule-map-file\=/Users/vivek/Documents/vide\ coding/antigravity/dutch\ vocab\ builder/dutch-vocab-builder/ios/Pods/Headers/Public/ExpoFont/ExpoFont.modulemap -enable-bare-slash-regex -enable-experimental-feature DebugDescriptionMacro -sdk /Applications/Xcode.app/Contents/Developer/Platforms/iPhoneSimulator.platform/Developer/SDKs/iPhoneSimulator18.2.sdk -target arm64-apple-ios15.1-simulator -g -module-cache-path /Users/vivek/Library/Developer/Xcode/DerivedData/ModuleCache.noindex -Xfrontend -serialize-debugging-options -enable-testing -index-store-path /Users/vivek/Library/Developer/Xcode/DerivedData/dutchvocabbuilder-ekvgrffdbexgzcfvrslzlsvtuhiq/Index.noindex/DataStore -enable-experimental-feature OpaqueTypeErasure -Xcc -D_LIBCPP_HARDENING_MODE\=_LIBCPP_HARDENING_MODE_DEBUG -swift-version 5 -I /Users/vivek/Library/Developer/Xcode/DerivedData/dutchvocabbuilder-ekvgrffdbexgzcfvrslzlsvtuhiq/Build/Products/Debug-iphonesimulator/ExpoFont -I /Users/vivek/Library/Developer/Xcode/DerivedData/dutchvocabbuilder-ekvgrffdbexgzcfvrslzlsvtuhiq/Build/Products/Debug-iphonesimulator/ExpoModulesCore -F /Users/vivek/Library/Developer/Xcode/DerivedData/dutchvocabbuilder-ekvgrffdbexgzcfvrslzlsvtuhiq/Build/Products/Debug-iphonesimulator/ExpoFont -F /Users/vivek/Documents/vide\ coding/antigravity/dutch\ vocab\ builder/dutch-vocab-builder/ios/Pods/React-Core-prebuilt -F /Users/vivek/Documents/vide\ coding/antigravity/dutch\ vocab\ builder/dutch-vocab-builder/ios/Pods/ReactNativeDependencies/framework/packages/react-native -F /Users/vivek/Documents/vide\ coding/antigravity/dutch\ vocab\ builder/dutch-vocab-builder/ios/Pods/hermes-engine/destroot/Library/Frameworks/universal -F /Users/vivek/Library/Developer/Xcode/DerivedData/dutchvocabbuilder-ekvgrffdbexgzcfvrslzlsvtuhiq/Build/Products/Debug-iphonesimulator/XCFrameworkIntermediates/React-Core-prebuilt -F /Users/vivek/Library/Developer/Xcode/DerivedData/dutchvocabbuilder-ekvgrffdbexgzcfvrslzlsvtuhiq/Build/Products/Debug-iphonesimulator/XCFrameworkIntermediates/ReactNativeDependencies -F /Users/vivek/Library/Developer/Xcode/DerivedData/dutchvocabbuilder-ekvgrffdbexgzcfvrslzlsvtuhiq/Build/Products/Debug-iphonesimulator/XCFrameworkIntermediates/hermes-engine/Pre-built -c -j8 -enable-batch-mode -incremental -Xcc -ivfsstatcache -Xcc /Users/vivek/Library/Developer/Xcode/DerivedData/SDKStatCaches.noindex/iphonesimulator18.2-22C146-07b28473f605e47e75261259d3ef3b5a.sdkstatcache -output-file-map /Users/vivek/Library/Developer/Xcode/DerivedData/dutchvocabbuilder-ekvgrffdbexgzcfvrslzlsvtuhiq/Build/Intermediates.noindex/Pods.build/Debug-iphonesimulator/ExpoFont.build/Objects-normal/arm64/ExpoFont-OutputFileMap.json -use-frontend-parseable-output -save-temps -no-color-diagnostics -serialize-diagnostics -emit-dependencies -emit-module -emit-module-path /Users/vivek/Library/Developer/Xcode/DerivedData/dutchvocabbuilder-ekvgrffdbexgzcfvrslzlsvtuhiq/Build/Intermediates.noindex/Pods.build/Debug-iphonesimulator/ExpoFont.build/Objects-normal/arm64/ExpoFont.swiftmodule -validate-clang-modules-once -clang-build-session-file /Users/vivek/Library/Developer/Xcode/DerivedData/ModuleCache.noindex/Session.modulevalidation -Xcc -I/Users/vivek/Library/Developer/Xcode/DerivedData/dutchvocabbuilder-ekvgrffdbexgzcfvrslzlsvtuhiq/Build/Intermediates.noindex/Pods.build/Debug-iphonesimulator/ExpoFont.build/swift-overrides.hmap -emit-const-values -Xfrontend -const-gather-protocols-file -Xfrontend /Users/vivek/Library/Developer/Xcode/DerivedData/dutchvocabbuilder-ekvgrffdbexgzcfvrslzlsvtuhiq/Build/Intermediates.noindex/Pods.build/Debug-iphonesimulator/ExpoFont.build/Objects-normal/arm64/ExpoFont_const_extract_protocols.json -Xcc -iquote -Xcc /Users/vivek/Library/Developer/Xcode/DerivedData/dutchvocabbuilder-ekvgrffdbexgzcfvrslzlsvtuhiq/Build/Intermediates.noindex/Pods.build/Debug-iphonesimulator/ExpoFont.build/ExpoFont-generated-files.hmap -Xcc -I/Users/vivek/Library/Developer/Xcode/DerivedData/dutchvocabbuilder-ekvgrffdbexgzcfvrslzlsvtuhiq/Build/Intermediates.noindex/Pods.build/Debug-iphonesimulator/ExpoFont.build/ExpoFont-own-target-headers.hmap -Xcc -I/Users/vivek/Library/Developer/Xcode/DerivedData/dutchvocabbuilder-ekvgrffdbexgzcfvrslzlsvtuhiq/Build/Intermediates.noindex/Pods.build/Debug-iphonesimulator/ExpoFont.build/ExpoFont-all-non-framework-target-headers.hmap -Xcc -ivfsoverlay -Xcc /Users/vivek/Library/Developer/Xcode/DerivedData/dutchvocabbuilder-ekvgrffdbexgzcfvrslzlsvtuhiq/Build/Intermediates.noindex/Pods.build/Debug-iphonesimulator/Pods-8699adb1dd336b26511df848a716bd42-VFS-iphonesimulator/all-product-headers.yaml -Xcc -iquote -Xcc /Users/vivek/Library/Developer/Xcode/DerivedData/dutchvocabbuilder-ekvgrffdbexgzcfvrslzlsvtuhiq/Build/Intermediates.noindex/Pods.build/Debug-iphonesimulator/ExpoFont.build/ExpoFont-project-headers.hmap -Xcc -I/Users/vivek/Library/Developer/Xcode/DerivedData/dutchvocabbuilder-ekvgrffdbexgzcfvrslzlsvtuhiq/Build/Products/Debug-iphonesimulator/ExpoFont/include -Xcc -I/Users/vivek/Documents/vide\ coding/antigravity/dutch\ vocab\ builder/dutch-vocab-builder/ios/Pods/Headers/Public -Xcc -I/Users/vivek/Documents/vide\ coding/antigravity/dutch\ vocab\ builder/dutch-vocab-builder/ios/Pods/Headers/Public/ExpoModulesCore -Xcc -I/Users/vivek/Documents/vide\ coding/antigravity/dutch\ vocab\ builder/dutch-vocab-builder/ios/Pods/Headers/Public/FBLazyVector -Xcc -I/Users/vivek/Documents/vide\ coding/antigravity/dutch\ vocab\ builder/dutch-vocab-builder/ios/Pods/Headers/Public/RCTRequired -Xcc -I/Users/vivek/Documents/vide\ coding/antigravity/dutch\ vocab\ builder/dutch-vocab-builder/ios/Pods/Headers/Public/RCTTypeSafety -Xcc -I/Users/vivek/Documents/vide\ coding/antigravity/dutch\ vocab\ builder/dutch-vocab-builder/ios/Pods/Headers/Public/React-Core -Xcc -I/Users/vivek/Documents/vide\ coding/antigravity/dutch\ vocab\ builder/dutch-vocab-builder/ios/Pods/Headers/Public/React-Core-prebuilt -Xcc -I/Users/vivek/Documents/vide\ coding/antigravity/dutch\ vocab\ builder/dutch-vocab-builder/ios/Pods/Headers/Public/React-CoreModules -Xcc -I/Users/vivek/Documents/vide\ coding/antigravity/dutch\ vocab\ builder/dutch-vocab-builder/ios/Pods/Headers/Public/React-Fabric -Xcc -I/Users/vivek/Documents/vide\ coding/antigravity/dutch\ vocab\ builder/dutch-vocab-builder/ios/Pods/Headers/Public/React-FabricComponents -Xcc -I/Users/vivek/Documents/vide\ coding/antigravity/dutch\ vocab\ builder/dutch-vocab-builder/ios/Pods/Headers/Public/React-FabricImage -Xcc -I/Users/vivek/Documents/vide\ coding/antigravity/dutch\ vocab\ builder/dutch-vocab-builder/ios/Pods/Headers/Public/React-ImageManager -Xcc -I/Users/vivek/Documents/vide\ coding/antigravity/dutch\ vocab\ builder/dutch-vocab-builder/ios/Pods/Headers/Public/React-Mapbuffer -Xcc -I/Users/vivek/Documents/vide\ coding/antigravity/dutch\ vocab\ builder/dutch-vocab-builder/ios/Pods/Headers/Public/React-NativeModulesApple -Xcc -I/Users/vivek/Documents/vide\ coding/antigravity/dutch\ vocab\ builder/dutch-vocab-builder/ios/Pods/Headers/Public/React-RCTAnimation -Xcc -I/Users/vivek/Documents/vide\ coding/antigravity/dutch\ vocab\ builder/dutch-vocab-builder/ios/Pods/Headers/Public/React-RCTBlob -Xcc -I/Users/vivek/Documents/vide\ coding/antigravity/dutch\ vocab\ builder/dutch-vocab-builder/ios/Pods/Headers/Public/React-RCTFBReactNativeSpec -Xcc -I/Users/vivek/Documents/vide\ coding/antigravity/dutch\ vocab\ builder/dutch-vocab-builder/ios/Pods/Headers/Public/React-RCTFabric -Xcc -I/Users/vivek/Documents/vide\ coding/antigravity/dutch\ vocab\ builder/dutch-vocab-builder/ios/Pods/Headers/Public/React-RCTImage -Xcc -I/Users/vivek/Documents/vide\ coding/antigravity/dutch\ vocab\ builder/dutch-vocab-builder/ios/Pods/Headers/Public/React-RCTRuntime -Xcc -I/Users/vivek/Documents/vide\ coding/antigravity/dutch\ vocab\ builder/dutch-vocab-builder/ios/Pods/Headers/Public/React-RCTText -Xcc -I/Users/vivek/Documents/vide\ coding/antigravity/dutch\ vocab\ builder/dutch-vocab-builder/ios/Pods/Headers/Public/React-RuntimeApple -Xcc -I/Users/vivek/Documents/vide\ coding/antigravity/dutch\ vocab\ builder/dutch-vocab-builder/ios/Pods/Headers/Public/React-RuntimeCore -Xcc -I/Users/vivek/Documents/vide\ coding/antigravity/dutch\ vocab\ builder/dutch-vocab-builder/ios/Pods/Headers/Public/React-RuntimeHermes -Xcc -I/Users/vivek/Documents/vide\ coding/antigravity/dutch\ vocab\ builder/dutch-vocab-builder/ios/Pods/Headers/Public/React-callinvoker -Xcc -I/Users/vivek/Documents/vide\ coding/antigravity/dutch\ vocab\ builder/dutch-vocab-builder/ios/Pods/Headers/Public/React-cxxreact -Xcc -I/Users/vivek/Documents/vide\ coding/antigravity/dutch\ vocab\ builder/dutch-vocab-builder/ios/Pods/Headers/Public/React-debug -Xcc -I/Users/vivek/Documents/vide\ coding/antigravity/dutch\ vocab\ builder/dutch-vocab-builder/ios/Pods/Headers/Public/React-defaultsnativemodule -Xcc -I/Users/vivek/Documents/vide\ coding/antigravity/dutch\ vocab\ builder/dutch-vocab-builder/ios/Pods/Headers/Public/React-domnativemodule -Xcc -I/Users/vivek/Documents/vide\ coding/antigravity/dutch\ vocab\ builder/dutch-vocab-builder/ios/Pods/Headers/Public/React-featureflags -Xcc -I/Users/vivek/Documents/vide\ coding/antigravity/dutch\ vocab\ builder/dutch-vocab-builder/ios/Pods/Headers/Public/React-featureflagsnativemodule -Xcc -I/Users/vivek/Documents/vide\ coding/antigravity/dutch\ vocab\ builder/dutch-vocab-builder/ios/Pods/Headers/Public/React-graphics -Xcc -I/Users/vivek/Documents/vide\ coding/antigravity/dutch\ vocab\ builder/dutch-vocab-builder/ios/Pods/Headers/Public/React-hermes -Xcc -I/Users/vivek/Documents/vide\ coding/antigravity/dutch\ vocab\ builder/dutch-vocab-builder/ios/Pods/Headers/Public/React-idlecallbacksnativemodule -Xcc -I/Users/vivek/Documents/vide\ coding/antigravity/dutch\ vocab\ builder/dutch-vocab-builder/ios/Pods/Headers/Public/React-jserrorhandler -Xcc -I/Users/vivek/Documents/vide\ coding/antigravity/dutch\ vocab\ builder/dutch-vocab-builder/ios/Pods/Headers/Public/React-jsi -Xcc -I/Users/vivek/Documents/vide\ coding/antigravity/dutch\ vocab\ builder/dutch-vocab-builder/ios/Pods/Headers/Public/React-jsiexecutor -Xcc -I/Users/vivek/Documents/vide\ coding/antigravity/dutch\ vocab\ builder/dutch-vocab-builder/ios/Pods/Headers/Public/React-jsinspector -Xcc -I/Users/vivek/Documents/vide\ coding/antigravity/dutch\ vocab\ builder/dutch-vocab-builder/ios/Pods/Headers/Public/React-jsinspectorcdp -Xcc -I/Users/vivek/Documents/vide\ coding/antigravity/dutch\ vocab\ builder/dutch-vocab-builder/ios/Pods/Headers/Public/React-jsinspectornetwork -Xcc -I/Users/vivek/Documents/vide\ coding/antigravity/dutch\ vocab\ builder/dutch-vocab-builder/ios/Pods/Headers/Public/React-jsinspectortracing -Xcc -I/Users/vivek/Documents/vide\ coding/antigravity/dutch\ vocab\ builder/dutch-vocab-builder/ios/Pods/Headers/Public/React-jsitooling -Xcc -I/Users/vivek/Documents/vide\ coding/antigravity/dutch\ vocab\ builder/dutch-vocab-builder/ios/Pods/Headers/Public/React-logger -Xcc -I/Users/vivek/Documents/vide\ coding/antigravity/dutch\ vocab\ builder/dutch-vocab-builder/ios/Pods/Headers/Public/React-microtasksnativemodule -Xcc -I/Users/vivek/Documents/vide\ coding/antigravity/dutch\ vocab\ builder/dutch-vocab-builder/ios/Pods/Headers/Public/React-oscompat -Xcc -I/Users/vivek/Documents/vide\ coding/antigravity/dutch\ vocab\ builder/dutch-vocab-builder/ios/Pods/Headers/Public/React-perflogger -Xcc -I/Users/vivek/Documents/vide\ coding/antigravity/dutch\ vocab\ builder/dutch-vocab-builder/ios/Pods/Headers/Public/React-performancetimeline -Xcc -I/Users/vivek/Documents/vide\ coding/antigravity/dutch\ vocab\ builder/dutch-vocab-builder/ios/Pods/Headers/Public/React-rendererconsistency -Xcc -I/Users/vivek/Documents/vide\ coding/antigravity/dutch\ vocab\ builder/dutch-vocab-builder/ios/Pods/Headers/Public/React-renderercss -Xcc -I/Users/vivek/Documents/vide\ coding/antigravity/dutch\ vocab\ builder/dutch-vocab-builder/ios/Pods/Headers/Public/React-rendererdebug -Xcc -I/Users/vivek/Documents/vide\ coding/antigravity/dutch\ vocab\ builder/dutch-vocab-builder/ios/Pods/Headers/Public/React-runtimeexecutor -Xcc -I/Users/vivek/Documents/vide\ coding/antigravity/dutch\ vocab\ builder/dutch-vocab-builder/ios/Pods/Headers/Public/React-runtimescheduler -Xcc -I/Users/vivek/Documents/vide\ coding/antigravity/dutch\ vocab\ builder/dutch-vocab-builder/ios/Pods/Headers/Public/React-timing -Xcc -I/Users/vivek/Documents/vide\ coding/antigravity/dutch\ vocab\ builder/dutch-vocab-builder/ios/Pods/Headers/Public/React-utils -Xcc -I/Users/vivek/Documents/vide\ coding/antigravity/dutch\ vocab\ builder/dutch-vocab-builder/ios/Pods/Headers/Public/ReactCodegen -Xcc -I/Users/vivek/Documents/vide\ coding/antigravity/dutch\ vocab\ builder/dutch-vocab-builder/ios/Pods/Headers/Public/ReactCommon -Xcc -I/Users/vivek/Documents/vide\ coding/antigravity/dutch\ vocab\ builder/dutch-vocab-builder/ios/Pods/Headers/Public/ReactNativeDependencies -Xcc -I/Users/vivek/Documents/vide\ coding/antigravity/dutch\ vocab\ builder/dutch-vocab-builder/ios/Pods/Headers/Public/Yoga -Xcc -I/Users/vivek/Documents/vide\ coding/antigravity/dutch\ vocab\ builder/dutch-vocab-builder/ios/Pods/Headers/Public/hermes-engine -Xcc -I/Users/vivek/Library/Developer/Xcode/DerivedData/dutchvocabbuilder-ekvgrffdbexgzcfvrslzlsvtuhiq/Build/Intermediates.noindex/Pods.build/Debug-iphonesimulator/ExpoFont.build/DerivedSources-normal/arm64 -Xcc -I/Users/vivek/Library/Developer/Xcode/DerivedData/dutchvocabbuilder-ekvgrffdbexgzcfvrslzlsvtuhiq/Build/Intermediates.noindex/Pods.build/Debug-iphonesimulator/ExpoFont.build/DerivedSources/arm64 -Xcc -I/Users/vivek/Library/Developer/Xcode/DerivedData/dutchvocabbuilder-ekvgrffdbexgzcfvrslzlsvtuhiq/Build/Intermediates.noindex/Pods.build/Debug-iphonesimulator/ExpoFont.build/DerivedSources -Xcc -DPOD_CONFIGURATION_DEBUG\=1 -Xcc -DDEBUG\=1 -Xcc -DCOCOAPODS\=1 -emit-objc-header -emit-objc-header-path /Users/vivek/Library/Developer/Xcode/DerivedData/dutchvocabbuilder-ekvgrffdbexgzcfvrslzlsvtuhiq/Build/Intermediates.noindex/Pods.build/Debug-iphonesimulator/ExpoFont.build/Objects-normal/arm64/ExpoFont-Swift.h -working-directory /Users/vivek/Documents/vide\ coding/antigravity/dutch\ vocab\ builder/dutch-vocab-builder/ios/Pods -experimental-emit-module-separately -disable-cmo

SwiftDriver ExpoHead normal arm64 com.apple.xcode.tools.swift.compiler (in target 'ExpoHead' from project 'Pods')
    cd /Users/vivek/Documents/vide\ coding/antigravity/dutch\ vocab\ builder/dutch-vocab-builder/ios/Pods
    builtin-SwiftDriver -- /Applications/Xcode.app/Contents/Developer/Toolchains/XcodeDefault.xctoolchain/usr/bin/swiftc -module-name ExpoHead -Onone -whole-module-optimization -enforce-exclusivity\=checked @/Users/vivek/Library/Developer/Xcode/DerivedData/dutchvocabbuilder-ekvgrffdbexgzcfvrslzlsvtuhiq/Build/Intermediates.noindex/Pods.build/Debug-iphonesimulator/ExpoHead.build/Objects-normal/arm64/ExpoHead.SwiftFileList -DDEBUG -D COCOAPODS -Xcc -fmodule-map-file\=/Users/vivek/Library/Developer/Xcode/DerivedData/dutchvocabbuilder-ekvgrffdbexgzcfvrslzlsvtuhiq/Build/Products/Debug-iphonesimulator/ExpoModulesCore/ExpoModulesCore.modulemap -Xcc -fmodule-map-file\=/Users/vivek/Documents/vide\ coding/antigravity/dutch\ vocab\ builder/dutch-vocab-builder/ios/Pods/Headers/Public/RNScreens/RNScreens.modulemap -Xcc -fmodule-map-file\=/Users/vivek/Documents/vide\ coding/antigravity/dutch\ vocab\ builder/dutch-vocab-builder/ios/Pods/Headers/Public/ReactCodegen/ReactCodegen.modulemap -import-underlying-module -Xcc -fmodule-map-file\=/Users/vivek/Documents/vide\ coding/antigravity/dutch\ vocab\ builder/dutch-vocab-builder/ios/Pods/Headers/Public/ExpoHead/ExpoHead.modulemap -DRCT_NEW_ARCH_ENABLED -enable-bare-slash-regex -enable-experimental-feature DebugDescriptionMacro -sdk /Applications/Xcode.app/Contents/Developer/Platforms/iPhoneSimulator.platform/Developer/SDKs/iPhoneSimulator18.2.sdk -target arm64-apple-ios15.1-simulator -g -module-cache-path /Users/vivek/Library/Developer/Xcode/DerivedData/ModuleCache.noindex -Xfrontend -serialize-debugging-options -enable-testing -index-store-path /Users/vivek/Library/Developer/Xcode/DerivedData/dutchvocabbuilder-ekvgrffdbexgzcfvrslzlsvtuhiq/Index.noindex/DataStore -enable-experimental-feature OpaqueTypeErasure -Xcc -D_LIBCPP_HARDENING_MODE\=_LIBCPP_HARDENING_MODE_DEBUG -swift-version 5 -I /Users/vivek/Library/Developer/Xcode/DerivedData/dutchvocabbuilder-ekvgrffdbexgzcfvrslzlsvtuhiq/Build/Products/Debug-iphonesimulator/ExpoHead -I /Users/vivek/Library/Developer/Xcode/DerivedData/dutchvocabbuilder-ekvgrffdbexgzcfvrslzlsvtuhiq/Build/Products/Debug-iphonesimulator/ExpoModulesCore -F /Users/vivek/Library/Developer/Xcode/DerivedData/dutchvocabbuilder-ekvgrffdbexgzcfvrslzlsvtuhiq/Build/Products/Debug-iphonesimulator/ExpoHead -F /Users/vivek/Documents/vide\ coding/antigravity/dutch\ vocab\ builder/dutch-vocab-builder/ios/Pods/React-Core-prebuilt -F /Users/vivek/Documents/vide\ coding/antigravity/dutch\ vocab\ builder/dutch-vocab-builder/ios/Pods/ReactNativeDependencies/framework/packages/react-native -F /Users/vivek/Documents/vide\ coding/antigravity/dutch\ vocab\ builder/dutch-vocab-builder/ios/Pods/hermes-engine/destroot/Library/Frameworks/universal -F /Users/vivek/Library/Developer/Xcode/DerivedData/dutchvocabbuilder-ekvgrffdbexgzcfvrslzlsvtuhiq/Build/Products/Debug-iphonesimulator/XCFrameworkIntermediates/React-Core-prebuilt -F /Users/vivek/Library/Developer/Xcode/DerivedData/dutchvocabbuilder-ekvgrffdbexgzcfvrslzlsvtuhiq/Build/Products/Debug-iphonesimulator/XCFrameworkIntermediates/ReactNativeDependencies -F /Users/vivek/Library/Developer/Xcode/DerivedData/dutchvocabbuilder-ekvgrffdbexgzcfvrslzlsvtuhiq/Build/Products/Debug-iphonesimulator/XCFrameworkIntermediates/hermes-engine/Pre-built -c -num-threads 8 -Xcc -ivfsstatcache -Xcc /Users/vivek/Library/Developer/Xcode/DerivedData/SDKStatCaches.noindex/iphonesimulator18.2-22C146-07b28473f605e47e75261259d3ef3b5a.sdkstatcache -output-file-map /Users/vivek/Library/Developer/Xcode/DerivedData/dutchvocabbuilder-ekvgrffdbexgzcfvrslzlsvtuhiq/Build/Intermediates.noindex/Pods.build/Debug-iphonesimulator/ExpoHead.build/Objects-normal/arm64/ExpoHead-OutputFileMap.json -use-frontend-parseable-output -save-temps -no-color-diagnostics -serialize-diagnostics -emit-dependencies -emit-module -emit-module-path /Users/vivek/Library/Developer/Xcode/DerivedData/dutchvocabbuilder-ekvgrffdbexgzcfvrslzlsvtuhiq/Build/Intermediates.noindex/Pods.build/Debug-iphonesimulator/ExpoHead.build/Objects-normal/arm64/ExpoHead.swiftmodule -validate-clang-modules-once -clang-build-session-file /Users/vivek/Library/Developer/Xcode/DerivedData/ModuleCache.noindex/Session.modulevalidation -Xcc -I/Users/vivek/Library/Developer/Xcode/DerivedData/dutchvocabbuilder-ekvgrffdbexgzcfvrslzlsvtuhiq/Build/Intermediates.noindex/Pods.build/Debug-iphonesimulator/ExpoHead.build/swift-overrides.hmap -emit-const-values -Xfrontend -const-gather-protocols-file -Xfrontend /Users/vivek/Library/Developer/Xcode/DerivedData/dutchvocabbuilder-ekvgrffdbexgzcfvrslzlsvtuhiq/Build/Intermediates.noindex/Pods.build/Debug-iphonesimulator/ExpoHead.build/Objects-normal/arm64/ExpoHead_const_extract_protocols.json -Xcc -iquote -Xcc /Users/vivek/Library/Developer/Xcode/DerivedData/dutchvocabbuilder-ekvgrffdbexgzcfvrslzlsvtuhiq/Build/Intermediates.noindex/Pods.build/Debug-iphonesimulator/ExpoHead.build/ExpoHead-generated-files.hmap -Xcc -I/Users/vivek/Library/Developer/Xcode/DerivedData/dutchvocabbuilder-ekvgrffdbexgzcfvrslzlsvtuhiq/Build/Intermediates.noindex/Pods.build/Debug-iphonesimulator/ExpoHead.build/ExpoHead-own-target-headers.hmap -Xcc -I/Users/vivek/Library/Developer/Xcode/DerivedData/dutchvocabbuilder-ekvgrffdbexgzcfvrslzlsvtuhiq/Build/Intermediates.noindex/Pods.build/Debug-iphonesimulator/ExpoHead.build/ExpoHead-all-non-framework-target-headers.hmap -Xcc -ivfsoverlay -Xcc /Users/vivek/Library/Developer/Xcode/DerivedData/dutchvocabbuilder-ekvgrffdbexgzcfvrslzlsvtuhiq/Build/Intermediates.noindex/Pods.build/Debug-iphonesimulator/Pods-8699adb1dd336b26511df848a716bd42-VFS-iphonesimulator/all-product-headers.yaml -Xcc -iquote -Xcc /Users/vivek/Library/Developer/Xcode/DerivedData/dutchvocabbuilder-ekvgrffdbexgzcfvrslzlsvtuhiq/Build/Intermediates.noindex/Pods.build/Debug-iphonesimulator/ExpoHead.build/ExpoHead-project-headers.hmap -Xcc -I/Users/vivek/Library/Developer/Xcode/DerivedData/dutchvocabbuilder-ekvgrffdbexgzcfvrslzlsvtuhiq/Build/Products/Debug-iphonesimulator/ExpoHead/include -Xcc -I/Users/vivek/Documents/vide\ coding/antigravity/dutch\ vocab\ builder/dutch-vocab-builder/ios/Pods/Headers/Private -Xcc -I/Users/vivek/Documents/vide\ coding/antigravity/dutch\ vocab\ builder/dutch-vocab-builder/ios/Pods/Headers/Private/ExpoHead -Xcc -I/Users/vivek/Documents/vide\ coding/antigravity/dutch\ vocab\ builder/dutch-vocab-builder/ios/Pods/Headers/Public -Xcc -I/Users/vivek/Documents/vide\ coding/antigravity/dutch\ vocab\ builder/dutch-vocab-builder/ios/Pods/Headers/Public/ExpoModulesCore -Xcc -I/Users/vivek/Documents/vide\ coding/antigravity/dutch\ vocab\ builder/dutch-vocab-builder/ios/Pods/Headers/Public/FBLazyVector -Xcc -I/Users/vivek/Documents/vide\ coding/antigravity/dutch\ vocab\ builder/dutch-vocab-builder/ios/Pods/Headers/Public/RCTRequired -Xcc -I/Users/vivek/Documents/vide\ coding/antigravity/dutch\ vocab\ builder/dutch-vocab-builder/ios/Pods/Headers/Public/RCTTypeSafety -Xcc -I/Users/vivek/Documents/vide\ coding/antigravity/dutch\ vocab\ builder/dutch-vocab-builder/ios/Pods/Headers/Public/RNScreens -Xcc -I/Users/vivek/Documents/vide\ coding/antigravity/dutch\ vocab\ builder/dutch-vocab-builder/ios/Pods/Headers/Public/React-Core -Xcc -I/Users/vivek/Documents/vide\ coding/antigravity/dutch\ vocab\ builder/dutch-vocab-builder/ios/Pods/Headers/Public/React-Core-prebuilt -Xcc -I/Users/vivek/Documents/vide\ coding/antigravity/dutch\ vocab\ builder/dutch-vocab-builder/ios/Pods/Headers/Public/React-CoreModules -Xcc -I/Users/vivek/Documents/vide\ coding/antigravity/dutch\ vocab\ builder/dutch-vocab-builder/ios/Pods/Headers/Public/React-Fabric -Xcc -I/Users/vivek/Documents/vide\ coding/antigravity/dutch\ vocab\ builder/dutch-vocab-builder/ios/Pods/Headers/Public/React-FabricComponents -Xcc -I/Users/vivek/Documents/vide\ coding/antigravity/dutch\ vocab\ builder/dutch-vocab-builder/ios/Pods/Headers/Public/React-FabricImage -Xcc -I/Users/vivek/Documents/vide\ coding/antigravity/dutch\ vocab\ builder/dutch-vocab-builder/ios/Pods/Headers/Public/React-ImageManager -Xcc -I/Users/vivek/Documents/vide\ coding/antigravity/dutch\ vocab\ builder/dutch-vocab-builder/ios/Pods/Headers/Public/React-Mapbuffer -Xcc -I/Users/vivek/Documents/vide\ coding/antigravity/dutch\ vocab\ builder/dutch-vocab-builder/ios/Pods/Headers/Public/React-NativeModulesApple -Xcc -I/Users/vivek/Documents/vide\ coding/antigravity/dutch\ vocab\ builder/dutch-vocab-builder/ios/Pods/Headers/Public/React-RCTAnimation -Xcc -I/Users/vivek/Documents/vide\ coding/antigravity/dutch\ vocab\ builder/dutch-vocab-builder/ios/Pods/Headers/Public/React-RCTBlob -Xcc -I/Users/vivek/Documents/vide\ coding/antigravity/dutch\ vocab\ builder/dutch-vocab-builder/ios/Pods/Headers/Public/React-RCTFBReactNativeSpec -Xcc -I/Users/vivek/Documents/vide\ coding/antigravity/dutch\ vocab\ builder/dutch-vocab-builder/ios/Pods/Headers/Public/React-RCTFabric -Xcc -I/Users/vivek/Documents/vide\ coding/antigravity/dutch\ vocab\ builder/dutch-vocab-builder/ios/Pods/Headers/Public/React-RCTImage -Xcc -I/Users/vivek/Documents/vide\ coding/antigravity/dutch\ vocab\ builder/dutch-vocab-builder/ios/Pods/Headers/Public/React-RCTRuntime -Xcc -I/Users/vivek/Documents/vide\ coding/antigravity/dutch\ vocab\ builder/dutch-vocab-builder/ios/Pods/Headers/Public/React-RCTText -Xcc -I/Users/vivek/Documents/vide\ coding/antigravity/dutch\ vocab\ builder/dutch-vocab-builder/ios/Pods/Headers/Public/React-RuntimeApple -Xcc -I/Users/vivek/Documents/vide\ coding/antigravity/dutch\ vocab\ builder/dutch-vocab-builder/ios/Pods/Headers/Public/React-RuntimeCore -Xcc -I/Users/vivek/Documents/vide\ coding/antigravity/dutch\ vocab\ builder/dutch-vocab-builder/ios/Pods/Headers/Public/React-RuntimeHermes -Xcc -I/Users/vivek/Documents/vide\ coding/antigravity/dutch\ vocab\ builder/dutch-vocab-builder/ios/Pods/Headers/Public/React-callinvoker -Xcc -I/Users/vivek/Documents/vide\ coding/antigravity/dutch\ vocab\ builder/dutch-vocab-builder/ios/Pods/Headers/Public/React-cxxreact -Xcc -I/Users/vivek/Documents/vide\ coding/antigravity/dutch\ vocab\ builder/dutch-vocab-builder/ios/Pods/Headers/Public/React-debug -Xcc -I/Users/vivek/Documents/vide\ coding/antigravity/dutch\ vocab\ builder/dutch-vocab-builder/ios/Pods/Headers/Public/React-defaultsnativemodule -Xcc -I/Users/vivek/Documents/vide\ coding/antigravity/dutch\ vocab\ builder/dutch-vocab-builder/ios/Pods/Headers/Public/React-domnativemodule -Xcc -I/Users/vivek/Documents/vide\ coding/antigravity/dutch\ vocab\ builder/dutch-vocab-builder/ios/Pods/Headers/Public/React-featureflags -Xcc -I/Users/vivek/Documents/vide\ coding/antigravity/dutch\ vocab\ builder/dutch-vocab-builder/ios/Pods/Headers/Public/React-featureflagsnativemodule -Xcc -I/Users/vivek/Documents/vide\ coding/antigravity/dutch\ vocab\ builder/dutch-vocab-builder/ios/Pods/Headers/Public/React-graphics -Xcc -I/Users/vivek/Documents/vide\ coding/antigravity/dutch\ vocab\ builder/dutch-vocab-builder/ios/Pods/Headers/Public/React-hermes -Xcc -I/Users/vivek/Documents/vide\ coding/antigravity/dutch\ vocab\ builder/dutch-vocab-builder/ios/Pods/Headers/Public/React-idlecallbacksnativemodule -Xcc -I/Users/vivek/Documents/vide\ coding/antigravity/dutch\ vocab\ builder/dutch-vocab-builder/ios/Pods/Headers/Public/React-jserrorhandler -Xcc -I/Users/vivek/Documents/vide\ coding/antigravity/dutch\ vocab\ builder/dutch-vocab-builder/ios/Pods/Headers/Public/React-jsi -Xcc -I/Users/vivek/Documents/vide\ coding/antigravity/dutch\ vocab\ builder/dutch-vocab-builder/ios/Pods/Headers/Public/React-jsiexecutor -Xcc -I/Users/vivek/Documents/vide\ coding/antigravity/dutch\ vocab\ builder/dutch-vocab-builder/ios/Pods/Headers/Public/React-jsinspector -Xcc -I/Users/vivek/Documents/vide\ coding/antigravity/dutch\ vocab\ builder/dutch-vocab-builder/ios/Pods/Headers/Public/React-jsinspectorcdp -Xcc -I/Users/vivek/Documents/vide\ coding/antigravity/dutch\ vocab\ builder/dutch-vocab-builder/ios/Pods/Headers/Public/React-jsinspectornetwork -Xcc -I/Users/vivek/Documents/vide\ coding/antigravity/dutch\ vocab\ builder/dutch-vocab-builder/ios/Pods/Headers/Public/React-jsinspectortracing -Xcc -I/Users/vivek/Documents/vide\ coding/antigravity/dutch\ vocab\ builder/dutch-vocab-builder/ios/Pods/Headers/Public/React-jsitooling -Xcc -I/Users/vivek/Documents/vide\ coding/antigravity/dutch\ vocab\ builder/dutch-vocab-builder/ios/Pods/Headers/Public/React-logger -Xcc -I/Users/vivek/Documents/vide\ coding/antigravity/dutch\ vocab\ builder/dutch-vocab-builder/ios/Pods/Headers/Public/React-microtasksnativemodule -Xcc -I/Users/vivek/Documents/vide\ coding/antigravity/dutch\ vocab\ builder/dutch-vocab-builder/ios/Pods/Headers/Public/React-oscompat -Xcc -I/Users/vivek/Documents/vide\ coding/antigravity/dutch\ vocab\ builder/dutch-vocab-builder/ios/Pods/Headers/Public/React-perflogger -Xcc -I/Users/vivek/Documents/vide\ coding/antigravity/dutch\ vocab\ builder/dutch-vocab-builder/ios/Pods/Headers/Public/React-performancetimeline -Xcc -I/Users/vivek/Documents/vide\ coding/antigravity/dutch\ vocab\ builder/dutch-vocab-builder/ios/Pods/Headers/Public/React-rendererconsistency -Xcc -I/Users/vivek/Documents/vide\ coding/antigravity/dutch\ vocab\ builder/dutch-vocab-builder/ios/Pods/Headers/Public/React-renderercss -Xcc -I/Users/vivek/Documents/vide\ coding/antigravity/dutch\ vocab\ builder/dutch-vocab-builder/ios/Pods/Headers/Public/React-rendererdebug -Xcc -I/Users/vivek/Documents/vide\ coding/antigravity/dutch\ vocab\ builder/dutch-vocab-builder/ios/Pods/Headers/Public/React-runtimeexecutor -Xcc -I/Users/vivek/Documents/vide\ coding/antigravity/dutch\ vocab\ builder/dutch-vocab-builder/ios/Pods/Headers/Public/React-runtimescheduler -Xcc -I/Users/vivek/Documents/vide\ coding/antigravity/dutch\ vocab\ builder/dutch-vocab-builder/ios/Pods/Headers/Public/React-timing -Xcc -I/Users/vivek/Documents/vide\ coding/antigravity/dutch\ vocab\ builder/dutch-vocab-builder/ios/Pods/Headers/Public/React-utils -Xcc -I/Users/vivek/Documents/vide\ coding/antigravity/dutch\ vocab\ builder/dutch-vocab-builder/ios/Pods/Headers/Public/ReactCodegen -Xcc -I/Users/vivek/Documents/vide\ coding/antigravity/dutch\ vocab\ builder/dutch-vocab-builder/ios/Pods/Headers/Public/ReactCommon -Xcc -I/Users/vivek/Documents/vide\ coding/antigravity/dutch\ vocab\ builder/dutch-vocab-builder/ios/Pods/Headers/Public/ReactNativeDependencies -Xcc -I/Users/vivek/Documents/vide\ coding/antigravity/dutch\ vocab\ builder/dutch-vocab-builder/ios/Pods/Headers/Public/Yoga -Xcc -I/Users/vivek/Documents/vide\ coding/antigravity/dutch\ vocab\ builder/dutch-vocab-builder/ios/Pods/Headers/Public/hermes-engine -Xcc -I/Users/vivek/Library/Developer/Xcode/DerivedData/dutchvocabbuilder-ekvgrffdbexgzcfvrslzlsvtuhiq/Build/Intermediates.noindex/Pods.build/Debug-iphonesimulator/ExpoHead.build/DerivedSources-normal/arm64 -Xcc -I/Users/vivek/Library/Developer/Xcode/DerivedData/dutchvocabbuilder-ekvgrffdbexgzcfvrslzlsvtuhiq/Build/Intermediates.noindex/Pods.build/Debug-iphonesimulator/ExpoHead.build/DerivedSources/arm64 -Xcc -I/Users/vivek/Library/Developer/Xcode/DerivedData/dutchvocabbuilder-ekvgrffdbexgzcfvrslzlsvtuhiq/Build/Intermediates.noindex/Pods.build/Debug-iphonesimulator/ExpoHead.build/DerivedSources -Xcc -DPOD_CONFIGURATION_DEBUG\=1 -Xcc -DDEBUG\=1 -Xcc -DCOCOAPODS\=1 -emit-objc-header -emit-objc-header-path /Users/vivek/Library/Developer/Xcode/DerivedData/dutchvocabbuilder-ekvgrffdbexgzcfvrslzlsvtuhiq/Build/Intermediates.noindex/Pods.build/Debug-iphonesimulator/ExpoHead.build/Objects-normal/arm64/ExpoHead-Swift.h -working-directory /Users/vivek/Documents/vide\ coding/antigravity/dutch\ vocab\ builder/dutch-vocab-builder/ios/Pods -no-emit-module-separately-wmo

SwiftDriver ExpoSpeech normal arm64 com.apple.xcode.tools.swift.compiler (in target 'ExpoSpeech' from project 'Pods')
    cd /Users/vivek/Documents/vide\ coding/antigravity/dutch\ vocab\ builder/dutch-vocab-builder/ios/Pods
    builtin-SwiftDriver -- /Applications/Xcode.app/Contents/Developer/Toolchains/XcodeDefault.xctoolchain/usr/bin/swiftc -module-name ExpoSpeech -Onone -enforce-exclusivity\=checked @/Users/vivek/Library/Developer/Xcode/DerivedData/dutchvocabbuilder-ekvgrffdbexgzcfvrslzlsvtuhiq/Build/Intermediates.noindex/Pods.build/Debug-iphonesimulator/ExpoSpeech.build/Objects-normal/arm64/ExpoSpeech.SwiftFileList -DDEBUG -D COCOAPODS -Xcc -fmodule-map-file\=/Users/vivek/Library/Developer/Xcode/DerivedData/dutchvocabbuilder-ekvgrffdbexgzcfvrslzlsvtuhiq/Build/Products/Debug-iphonesimulator/ExpoModulesCore/ExpoModulesCore.modulemap -Xcc -fmodule-map-file\=/Users/vivek/Documents/vide\ coding/antigravity/dutch\ vocab\ builder/dutch-vocab-builder/ios/Pods/Headers/Public/ReactCodegen/ReactCodegen.modulemap -import-underlying-module -Xcc -fmodule-map-file\=/Users/vivek/Documents/vide\ coding/antigravity/dutch\ vocab\ builder/dutch-vocab-builder/ios/Pods/Headers/Public/ExpoSpeech/ExpoSpeech.modulemap -enable-bare-slash-regex -enable-experimental-feature DebugDescriptionMacro -sdk /Applications/Xcode.app/Contents/Developer/Platforms/iPhoneSimulator.platform/Developer/SDKs/iPhoneSimulator18.2.sdk -target arm64-apple-ios15.1-simulator -g -module-cache-path /Users/vivek/Library/Developer/Xcode/DerivedData/ModuleCache.noindex -Xfrontend -serialize-debugging-options -enable-testing -index-store-path /Users/vivek/Library/Developer/Xcode/DerivedData/dutchvocabbuilder-ekvgrffdbexgzcfvrslzlsvtuhiq/Index.noindex/DataStore -enable-experimental-feature OpaqueTypeErasure -Xcc -D_LIBCPP_HARDENING_MODE\=_LIBCPP_HARDENING_MODE_DEBUG -swift-version 5 -I /Users/vivek/Library/Developer/Xcode/DerivedData/dutchvocabbuilder-ekvgrffdbexgzcfvrslzlsvtuhiq/Build/Products/Debug-iphonesimulator/ExpoSpeech -I /Users/vivek/Library/Developer/Xcode/DerivedData/dutchvocabbuilder-ekvgrffdbexgzcfvrslzlsvtuhiq/Build/Products/Debug-iphonesimulator/ExpoModulesCore -F /Users/vivek/Library/Developer/Xcode/DerivedData/dutchvocabbuilder-ekvgrffdbexgzcfvrslzlsvtuhiq/Build/Products/Debug-iphonesimulator/ExpoSpeech -F /Users/vivek/Documents/vide\ coding/antigravity/dutch\ vocab\ builder/dutch-vocab-builder/ios/Pods/React-Core-prebuilt -F /Users/vivek/Documents/vide\ coding/antigravity/dutch\ vocab\ builder/dutch-vocab-builder/ios/Pods/ReactNativeDependencies/framework/packages/react-native -F /Users/vivek/Documents/vide\ coding/antigravity/dutch\ vocab\ builder/dutch-vocab-builder/ios/Pods/hermes-engine/destroot/Library/Frameworks/universal -F /Users/vivek/Library/Developer/Xcode/DerivedData/dutchvocabbuilder-ekvgrffdbexgzcfvrslzlsvtuhiq/Build/Products/Debug-iphonesimulator/XCFrameworkIntermediates/React-Core-prebuilt -F /Users/vivek/Library/Developer/Xcode/DerivedData/dutchvocabbuilder-ekvgrffdbexgzcfvrslzlsvtuhiq/Build/Products/Debug-iphonesimulator/XCFrameworkIntermediates/ReactNativeDependencies -F /Users/vivek/Library/Developer/Xcode/DerivedData/dutchvocabbuilder-ekvgrffdbexgzcfvrslzlsvtuhiq/Build/Products/Debug-iphonesimulator/XCFrameworkIntermediates/hermes-engine/Pre-built -c -j8 -enable-batch-mode -incremental -Xcc -ivfsstatcache -Xcc /Users/vivek/Library/Developer/Xcode/DerivedData/SDKStatCaches.noindex/iphonesimulator18.2-22C146-07b28473f605e47e75261259d3ef3b5a.sdkstatcache -output-file-map /Users/vivek/Library/Developer/Xcode/DerivedData/dutchvocabbuilder-ekvgrffdbexgzcfvrslzlsvtuhiq/Build/Intermediates.noindex/Pods.build/Debug-iphonesimulator/ExpoSpeech.build/Objects-normal/arm64/ExpoSpeech-OutputFileMap.json -use-frontend-parseable-output -save-temps -no-color-diagnostics -serialize-diagnostics -emit-dependencies -emit-module -emit-module-path /Users/vivek/Library/Developer/Xcode/DerivedData/dutchvocabbuilder-ekvgrffdbexgzcfvrslzlsvtuhiq/Build/Intermediates.noindex/Pods.build/Debug-iphonesimulator/ExpoSpeech.build/Objects-normal/arm64/ExpoSpeech.swiftmodule -validate-clang-modules-once -clang-build-session-file /Users/vivek/Library/Developer/Xcode/DerivedData/ModuleCache.noindex/Session.modulevalidation -Xcc -I/Users/vivek/Library/Developer/Xcode/DerivedData/dutchvocabbuilder-ekvgrffdbexgzcfvrslzlsvtuhiq/Build/Intermediates.noindex/Pods.build/Debug-iphonesimulator/ExpoSpeech.build/swift-overrides.hmap -emit-const-values -Xfrontend -const-gather-protocols-file -Xfrontend /Users/vivek/Library/Developer/Xcode/DerivedData/dutchvocabbuilder-ekvgrffdbexgzcfvrslzlsvtuhiq/Build/Intermediates.noindex/Pods.build/Debug-iphonesimulator/ExpoSpeech.build/Objects-normal/arm64/ExpoSpeech_const_extract_protocols.json -Xcc -iquote -Xcc /Users/vivek/Library/Developer/Xcode/DerivedData/dutchvocabbuilder-ekvgrffdbexgzcfvrslzlsvtuhiq/Build/Intermediates.noindex/Pods.build/Debug-iphonesimulator/ExpoSpeech.build/ExpoSpeech-generated-files.hmap -Xcc -I/Users/vivek/Library/Developer/Xcode/DerivedData/dutchvocabbuilder-ekvgrffdbexgzcfvrslzlsvtuhiq/Build/Intermediates.noindex/Pods.build/Debug-iphonesimulator/ExpoSpeech.build/ExpoSpeech-own-target-headers.hmap -Xcc -I/Users/vivek/Library/Developer/Xcode/DerivedData/dutchvocabbuilder-ekvgrffdbexgzcfvrslzlsvtuhiq/Build/Intermediates.noindex/Pods.build/Debug-iphonesimulator/ExpoSpeech.build/ExpoSpeech-all-non-framework-target-headers.hmap -Xcc -ivfsoverlay -Xcc /Users/vivek/Library/Developer/Xcode/DerivedData/dutchvocabbuilder-ekvgrffdbexgzcfvrslzlsvtuhiq/Build/Intermediates.noindex/Pods.build/Debug-iphonesimulator/Pods-8699adb1dd336b26511df848a716bd42-VFS-iphonesimulator/all-product-headers.yaml -Xcc -iquote -Xcc /Users/vivek/Library/Developer/Xcode/DerivedData/dutchvocabbuilder-ekvgrffdbexgzcfvrslzlsvtuhiq/Build/Intermediates.noindex/Pods.build/Debug-iphonesimulator/ExpoSpeech.build/ExpoSpeech-project-headers.hmap -Xcc -I/Users/vivek/Library/Developer/Xcode/DerivedData/dutchvocabbuilder-ekvgrffdbexgzcfvrslzlsvtuhiq/Build/Products/Debug-iphonesimulator/ExpoSpeech/include -Xcc -I/Users/vivek/Documents/vide\ coding/antigravity/dutch\ vocab\ builder/dutch-vocab-builder/ios/Pods/Headers/Public -Xcc -I/Users/vivek/Documents/vide\ coding/antigravity/dutch\ vocab\ builder/dutch-vocab-builder/ios/Pods/Headers/Public/ExpoModulesCore -Xcc -I/Users/vivek/Documents/vide\ coding/antigravity/dutch\ vocab\ builder/dutch-vocab-builder/ios/Pods/Headers/Public/FBLazyVector -Xcc -I/Users/vivek/Documents/vide\ coding/antigravity/dutch\ vocab\ builder/dutch-vocab-builder/ios/Pods/Headers/Public/RCTRequired -Xcc -I/Users/vivek/Documents/vide\ coding/antigravity/dutch\ vocab\ builder/dutch-vocab-builder/ios/Pods/Headers/Public/RCTTypeSafety -Xcc -I/Users/vivek/Documents/vide\ coding/antigravity/dutch\ vocab\ builder/dutch-vocab-builder/ios/Pods/Headers/Public/React-Core -Xcc -I/Users/vivek/Documents/vide\ coding/antigravity/dutch\ vocab\ builder/dutch-vocab-builder/ios/Pods/Headers/Public/React-Core-prebuilt -Xcc -I/Users/vivek/Documents/vide\ coding/antigravity/dutch\ vocab\ builder/dutch-vocab-builder/ios/Pods/Headers/Public/React-CoreModules -Xcc -I/Users/vivek/Documents/vide\ coding/antigravity/dutch\ vocab\ builder/dutch-vocab-builder/ios/Pods/Headers/Public/React-Fabric -Xcc -I/Users/vivek/Documents/vide\ coding/antigravity/dutch\ vocab\ builder/dutch-vocab-builder/ios/Pods/Headers/Public/React-FabricComponents -Xcc -I/Users/vivek/Documents/vide\ coding/antigravity/dutch\ vocab\ builder/dutch-vocab-builder/ios/Pods/Headers/Public/React-FabricImage -Xcc -I/Users/vivek/Documents/vide\ coding/antigravity/dutch\ vocab\ builder/dutch-vocab-builder/ios/Pods/Headers/Public/React-ImageManager -Xcc -I/Users/vivek/Documents/vide\ coding/antigravity/dutch\ vocab\ builder/dutch-vocab-builder/ios/Pods/Headers/Public/React-Mapbuffer -Xcc -I/Users/vivek/Documents/vide\ coding/antigravity/dutch\ vocab\ builder/dutch-vocab-builder/ios/Pods/Headers/Public/React-NativeModulesApple -Xcc -I/Users/vivek/Documents/vide\ coding/antigravity/dutch\ vocab\ builder/dutch-vocab-builder/ios/Pods/Headers/Public/React-RCTAnimation -Xcc -I/Users/vivek/Documents/vide\ coding/antigravity/dutch\ vocab\ builder/dutch-vocab-builder/ios/Pods/Headers/Public/React-RCTBlob -Xcc -I/Users/vivek/Documents/vide\ coding/antigravity/dutch\ vocab\ builder/dutch-vocab-builder/ios/Pods/Headers/Public/React-RCTFBReactNativeSpec -Xcc -I/Users/vivek/Documents/vide\ coding/antigravity/dutch\ vocab\ builder/dutch-vocab-builder/ios/Pods/Headers/Public/React-RCTFabric -Xcc -I/Users/vivek/Documents/vide\ coding/antigravity/dutch\ vocab\ builder/dutch-vocab-builder/ios/Pods/Headers/Public/React-RCTImage -Xcc -I/Users/vivek/Documents/vide\ coding/antigravity/dutch\ vocab\ builder/dutch-vocab-builder/ios/Pods/Headers/Public/React-RCTRuntime -Xcc -I/Users/vivek/Documents/vide\ coding/antigravity/dutch\ vocab\ builder/dutch-vocab-builder/ios/Pods/Headers/Public/React-RCTText -Xcc -I/Users/vivek/Documents/vide\ coding/antigravity/dutch\ vocab\ builder/dutch-vocab-builder/ios/Pods/Headers/Public/React-RuntimeApple -Xcc -I/Users/vivek/Documents/vide\ coding/antigravity/dutch\ vocab\ builder/dutch-vocab-builder/ios/Pods/Headers/Public/React-RuntimeCore -Xcc -I/Users/vivek/Documents/vide\ coding/antigravity/dutch\ vocab\ builder/dutch-vocab-builder/ios/Pods/Headers/Public/React-RuntimeHermes -Xcc -I/Users/vivek/Documents/vide\ coding/antigravity/dutch\ vocab\ builder/dutch-vocab-builder/ios/Pods/Headers/Public/React-callinvoker -Xcc -I/Users/vivek/Documents/vide\ coding/antigravity/dutch\ vocab\ builder/dutch-vocab-builder/ios/Pods/Headers/Public/React-cxxreact -Xcc -I/Users/vivek/Documents/vide\ coding/antigravity/dutch\ vocab\ builder/dutch-vocab-builder/ios/Pods/Headers/Public/React-debug -Xcc -I/Users/vivek/Documents/vide\ coding/antigravity/dutch\ vocab\ builder/dutch-vocab-builder/ios/Pods/Headers/Public/React-defaultsnativemodule -Xcc -I/Users/vivek/Documents/vide\ coding/antigravity/dutch\ vocab\ builder/dutch-vocab-builder/ios/Pods/Headers/Public/React-domnativemodule -Xcc -I/Users/vivek/Documents/vide\ coding/antigravity/dutch\ vocab\ builder/dutch-vocab-builder/ios/Pods/Headers/Public/React-featureflags -Xcc -I/Users/vivek/Documents/vide\ coding/antigravity/dutch\ vocab\ builder/dutch-vocab-builder/ios/Pods/Headers/Public/React-featureflagsnativemodule -Xcc -I/Users/vivek/Documents/vide\ coding/antigravity/dutch\ vocab\ builder/dutch-vocab-builder/ios/Pods/Headers/Public/React-graphics -Xcc -I/Users/vivek/Documents/vide\ coding/antigravity/dutch\ vocab\ builder/dutch-vocab-builder/ios/Pods/Headers/Public/React-hermes -Xcc -I/Users/vivek/Documents/vide\ coding/antigravity/dutch\ vocab\ builder/dutch-vocab-builder/ios/Pods/Headers/Public/React-idlecallbacksnativemodule -Xcc -I/Users/vivek/Documents/vide\ coding/antigravity/dutch\ vocab\ builder/dutch-vocab-builder/ios/Pods/Headers/Public/React-jserrorhandler -Xcc -I/Users/vivek/Documents/vide\ coding/antigravity/dutch\ vocab\ builder/dutch-vocab-builder/ios/Pods/Headers/Public/React-jsi -Xcc -I/Users/vivek/Documents/vide\ coding/antigravity/dutch\ vocab\ builder/dutch-vocab-builder/ios/Pods/Headers/Public/React-jsiexecutor -Xcc -I/Users/vivek/Documents/vide\ coding/antigravity/dutch\ vocab\ builder/dutch-vocab-builder/ios/Pods/Headers/Public/React-jsinspector -Xcc -I/Users/vivek/Documents/vide\ coding/antigravity/dutch\ vocab\ builder/dutch-vocab-builder/ios/Pods/Headers/Public/React-jsinspectorcdp -Xcc -I/Users/vivek/Documents/vide\ coding/antigravity/dutch\ vocab\ builder/dutch-vocab-builder/ios/Pods/Headers/Public/React-jsinspectornetwork -Xcc -I/Users/vivek/Documents/vide\ coding/antigravity/dutch\ vocab\ builder/dutch-vocab-builder/ios/Pods/Headers/Public/React-jsinspectortracing -Xcc -I/Users/vivek/Documents/vide\ coding/antigravity/dutch\ vocab\ builder/dutch-vocab-builder/ios/Pods/Headers/Public/React-jsitooling -Xcc -I/Users/vivek/Documents/vide\ coding/antigravity/dutch\ vocab\ builder/dutch-vocab-builder/ios/Pods/Headers/Public/React-logger -Xcc -I/Users/vivek/Documents/vide\ coding/antigravity/dutch\ vocab\ builder/dutch-vocab-builder/ios/Pods/Headers/Public/React-microtasksnativemodule -Xcc -I/Users/vivek/Documents/vide\ coding/antigravity/dutch\ vocab\ builder/dutch-vocab-builder/ios/Pods/Headers/Public/React-oscompat -Xcc -I/Users/vivek/Documents/vide\ coding/antigravity/dutch\ vocab\ builder/dutch-vocab-builder/ios/Pods/Headers/Public/React-perflogger -Xcc -I/Users/vivek/Documents/vide\ coding/antigravity/dutch\ vocab\ builder/dutch-vocab-builder/ios/Pods/Headers/Public/React-performancetimeline -Xcc -I/Users/vivek/Documents/vide\ coding/antigravity/dutch\ vocab\ builder/dutch-vocab-builder/ios/Pods/Headers/Public/React-rendererconsistency -Xcc -I/Users/vivek/Documents/vide\ coding/antigravity/dutch\ vocab\ builder/dutch-vocab-builder/ios/Pods/Headers/Public/React-renderercss -Xcc -I/Users/vivek/Documents/vide\ coding/antigravity/dutch\ vocab\ builder/dutch-vocab-builder/ios/Pods/Headers/Public/React-rendererdebug -Xcc -I/Users/vivek/Documents/vide\ coding/antigravity/dutch\ vocab\ builder/dutch-vocab-builder/ios/Pods/Headers/Public/React-runtimeexecutor -Xcc -I/Users/vivek/Documents/vide\ coding/antigravity/dutch\ vocab\ builder/dutch-vocab-builder/ios/Pods/Headers/Public/React-runtimescheduler -Xcc -I/Users/vivek/Documents/vide\ coding/antigravity/dutch\ vocab\ builder/dutch-vocab-builder/ios/Pods/Headers/Public/React-timing -Xcc -I/Users/vivek/Documents/vide\ coding/antigravity/dutch\ vocab\ builder/dutch-vocab-builder/ios/Pods/Headers/Public/React-utils -Xcc -I/Users/vivek/Documents/vide\ coding/antigravity/dutch\ vocab\ builder/dutch-vocab-builder/ios/Pods/Headers/Public/ReactCodegen -Xcc -I/Users/vivek/Documents/vide\ coding/antigravity/dutch\ vocab\ builder/dutch-vocab-builder/ios/Pods/Headers/Public/ReactCommon -Xcc -I/Users/vivek/Documents/vide\ coding/antigravity/dutch\ vocab\ builder/dutch-vocab-builder/ios/Pods/Headers/Public/ReactNativeDependencies -Xcc -I/Users/vivek/Documents/vide\ coding/antigravity/dutch\ vocab\ builder/dutch-vocab-builder/ios/Pods/Headers/Public/Yoga -Xcc -I/Users/vivek/Documents/vide\ coding/antigravity/dutch\ vocab\ builder/dutch-vocab-builder/ios/Pods/Headers/Public/hermes-engine -Xcc -I/Users/vivek/Library/Developer/Xcode/DerivedData/dutchvocabbuilder-ekvgrffdbexgzcfvrslzlsvtuhiq/Build/Intermediates.noindex/Pods.build/Debug-iphonesimulator/ExpoSpeech.build/DerivedSources-normal/arm64 -Xcc -I/Users/vivek/Library/Developer/Xcode/DerivedData/dutchvocabbuilder-ekvgrffdbexgzcfvrslzlsvtuhiq/Build/Intermediates.noindex/Pods.build/Debug-iphonesimulator/ExpoSpeech.build/DerivedSources/arm64 -Xcc -I/Users/vivek/Library/Developer/Xcode/DerivedData/dutchvocabbuilder-ekvgrffdbexgzcfvrslzlsvtuhiq/Build/Intermediates.noindex/Pods.build/Debug-iphonesimulator/ExpoSpeech.build/DerivedSources -Xcc -DPOD_CONFIGURATION_DEBUG\=1 -Xcc -DDEBUG\=1 -Xcc -DCOCOAPODS\=1 -emit-objc-header -emit-objc-header-path /Users/vivek/Library/Developer/Xcode/DerivedData/dutchvocabbuilder-ekvgrffdbexgzcfvrslzlsvtuhiq/Build/Intermediates.noindex/Pods.build/Debug-iphonesimulator/ExpoSpeech.build/Objects-normal/arm64/ExpoSpeech-Swift.h -working-directory /Users/vivek/Documents/vide\ coding/antigravity/dutch\ vocab\ builder/dutch-vocab-builder/ios/Pods -experimental-emit-module-separately -disable-cmo

SwiftDriver ExpoFileSystem normal arm64 com.apple.xcode.tools.swift.compiler (in target 'ExpoFileSystem' from project 'Pods')
    cd /Users/vivek/Documents/vide\ coding/antigravity/dutch\ vocab\ builder/dutch-vocab-builder/ios/Pods
    builtin-SwiftDriver -- /Applications/Xcode.app/Contents/Developer/Toolchains/XcodeDefault.xctoolchain/usr/bin/swiftc -module-name ExpoFileSystem -Onone -enforce-exclusivity\=checked @/Users/vivek/Library/Developer/Xcode/DerivedData/dutchvocabbuilder-ekvgrffdbexgzcfvrslzlsvtuhiq/Build/Intermediates.noindex/Pods.build/Debug-iphonesimulator/ExpoFileSystem.build/Objects-normal/arm64/ExpoFileSystem.SwiftFileList -DDEBUG -D COCOAPODS -Xcc -fmodule-map-file\=/Users/vivek/Library/Developer/Xcode/DerivedData/dutchvocabbuilder-ekvgrffdbexgzcfvrslzlsvtuhiq/Build/Products/Debug-iphonesimulator/ExpoModulesCore/ExpoModulesCore.modulemap -Xcc -fmodule-map-file\=/Users/vivek/Documents/vide\ coding/antigravity/dutch\ vocab\ builder/dutch-vocab-builder/ios/Pods/Headers/Public/ReactCodegen/ReactCodegen.modulemap -import-underlying-module -Xcc -fmodule-map-file\=/Users/vivek/Documents/vide\ coding/antigravity/dutch\ vocab\ builder/dutch-vocab-builder/ios/Pods/Headers/Public/ExpoFileSystem/ExpoFileSystem.modulemap -enable-bare-slash-regex -enable-experimental-feature DebugDescriptionMacro -sdk /Applications/Xcode.app/Contents/Developer/Platforms/iPhoneSimulator.platform/Developer/SDKs/iPhoneSimulator18.2.sdk -target arm64-apple-ios15.1-simulator -g -module-cache-path /Users/vivek/Library/Developer/Xcode/DerivedData/ModuleCache.noindex -Xfrontend -serialize-debugging-options -enable-testing -index-store-path /Users/vivek/Library/Developer/Xcode/DerivedData/dutchvocabbuilder-ekvgrffdbexgzcfvrslzlsvtuhiq/Index.noindex/DataStore -enable-experimental-feature OpaqueTypeErasure -Xcc -D_LIBCPP_HARDENING_MODE\=_LIBCPP_HARDENING_MODE_DEBUG -swift-version 5 -I /Users/vivek/Library/Developer/Xcode/DerivedData/dutchvocabbuilder-ekvgrffdbexgzcfvrslzlsvtuhiq/Build/Products/Debug-iphonesimulator/ExpoFileSystem -I /Users/vivek/Library/Developer/Xcode/DerivedData/dutchvocabbuilder-ekvgrffdbexgzcfvrslzlsvtuhiq/Build/Products/Debug-iphonesimulator/ExpoModulesCore -F /Users/vivek/Library/Developer/Xcode/DerivedData/dutchvocabbuilder-ekvgrffdbexgzcfvrslzlsvtuhiq/Build/Products/Debug-iphonesimulator/ExpoFileSystem -F /Users/vivek/Documents/vide\ coding/antigravity/dutch\ vocab\ builder/dutch-vocab-builder/ios/Pods/React-Core-prebuilt -F /Users/vivek/Documents/vide\ coding/antigravity/dutch\ vocab\ builder/dutch-vocab-builder/ios/Pods/ReactNativeDependencies/framework/packages/react-native -F /Users/vivek/Documents/vide\ coding/antigravity/dutch\ vocab\ builder/dutch-vocab-builder/ios/Pods/hermes-engine/destroot/Library/Frameworks/universal -F /Users/vivek/Library/Developer/Xcode/DerivedData/dutchvocabbuilder-ekvgrffdbexgzcfvrslzlsvtuhiq/Build/Products/Debug-iphonesimulator/XCFrameworkIntermediates/React-Core-prebuilt -F /Users/vivek/Library/Developer/Xcode/DerivedData/dutchvocabbuilder-ekvgrffdbexgzcfvrslzlsvtuhiq/Build/Products/Debug-iphonesimulator/XCFrameworkIntermediates/ReactNativeDependencies -F /Users/vivek/Library/Developer/Xcode/DerivedData/dutchvocabbuilder-ekvgrffdbexgzcfvrslzlsvtuhiq/Build/Products/Debug-iphonesimulator/XCFrameworkIntermediates/hermes-engine/Pre-built -c -j8 -enable-batch-mode -incremental -Xcc -ivfsstatcache -Xcc /Users/vivek/Library/Developer/Xcode/DerivedData/SDKStatCaches.noindex/iphonesimulator18.2-22C146-07b28473f605e47e75261259d3ef3b5a.sdkstatcache -output-file-map /Users/vivek/Library/Developer/Xcode/DerivedData/dutchvocabbuilder-ekvgrffdbexgzcfvrslzlsvtuhiq/Build/Intermediates.noindex/Pods.build/Debug-iphonesimulator/ExpoFileSystem.build/Objects-normal/arm64/ExpoFileSystem-OutputFileMap.json -use-frontend-parseable-output -save-temps -no-color-diagnostics -serialize-diagnostics -emit-dependencies -emit-module -emit-module-path /Users/vivek/Library/Developer/Xcode/DerivedData/dutchvocabbuilder-ekvgrffdbexgzcfvrslzlsvtuhiq/Build/Intermediates.noindex/Pods.build/Debug-iphonesimulator/ExpoFileSystem.build/Objects-normal/arm64/ExpoFileSystem.swiftmodule -validate-clang-modules-once -clang-build-session-file /Users/vivek/Library/Developer/Xcode/DerivedData/ModuleCache.noindex/Session.modulevalidation -Xcc -I/Users/vivek/Library/Developer/Xcode/DerivedData/dutchvocabbuilder-ekvgrffdbexgzcfvrslzlsvtuhiq/Build/Intermediates.noindex/Pods.build/Debug-iphonesimulator/ExpoFileSystem.build/swift-overrides.hmap -emit-const-values -Xfrontend -const-gather-protocols-file -Xfrontend /Users/vivek/Library/Developer/Xcode/DerivedData/dutchvocabbuilder-ekvgrffdbexgzcfvrslzlsvtuhiq/Build/Intermediates.noindex/Pods.build/Debug-iphonesimulator/ExpoFileSystem.build/Objects-normal/arm64/ExpoFileSystem_const_extract_protocols.json -Xcc -iquote -Xcc /Users/vivek/Library/Developer/Xcode/DerivedData/dutchvocabbuilder-ekvgrffdbexgzcfvrslzlsvtuhiq/Build/Intermediates.noindex/Pods.build/Debug-iphonesimulator/ExpoFileSystem.build/ExpoFileSystem-generated-files.hmap -Xcc -I/Users/vivek/Library/Developer/Xcode/DerivedData/dutchvocabbuilder-ekvgrffdbexgzcfvrslzlsvtuhiq/Build/Intermediates.noindex/Pods.build/Debug-iphonesimulator/ExpoFileSystem.build/ExpoFileSystem-own-target-headers.hmap -Xcc -I/Users/vivek/Library/Developer/Xcode/DerivedData/dutchvocabbuilder-ekvgrffdbexgzcfvrslzlsvtuhiq/Build/Intermediates.noindex/Pods.build/Debug-iphonesimulator/ExpoFileSystem.build/ExpoFileSystem-all-non-framework-target-headers.hmap -Xcc -ivfsoverlay -Xcc /Users/vivek/Library/Developer/Xcode/DerivedData/dutchvocabbuilder-ekvgrffdbexgzcfvrslzlsvtuhiq/Build/Intermediates.noindex/Pods.build/Debug-iphonesimulator/Pods-8699adb1dd336b26511df848a716bd42-VFS-iphonesimulator/all-product-headers.yaml -Xcc -iquote -Xcc /Users/vivek/Library/Developer/Xcode/DerivedData/dutchvocabbuilder-ekvgrffdbexgzcfvrslzlsvtuhiq/Build/Intermediates.noindex/Pods.build/Debug-iphonesimulator/ExpoFileSystem.build/ExpoFileSystem-project-headers.hmap -Xcc -I/Users/vivek/Library/Developer/Xcode/DerivedData/dutchvocabbuilder-ekvgrffdbexgzcfvrslzlsvtuhiq/Build/Products/Debug-iphonesimulator/ExpoFileSystem/include -Xcc -I/Users/vivek/Documents/vide\ coding/antigravity/dutch\ vocab\ builder/dutch-vocab-builder/ios/Pods/Headers/Private -Xcc -I/Users/vivek/Documents/vide\ coding/antigravity/dutch\ vocab\ builder/dutch-vocab-builder/ios/Pods/Headers/Private/ExpoFileSystem -Xcc -I/Users/vivek/Documents/vide\ coding/antigravity/dutch\ vocab\ builder/dutch-vocab-builder/ios/Pods/Headers/Public -Xcc -I/Users/vivek/Documents/vide\ coding/antigravity/dutch\ vocab\ builder/dutch-vocab-builder/ios/Pods/Headers/Public/ExpoModulesCore -Xcc -I/Users/vivek/Documents/vide\ coding/antigravity/dutch\ vocab\ builder/dutch-vocab-builder/ios/Pods/Headers/Public/FBLazyVector -Xcc -I/Users/vivek/Documents/vide\ coding/antigravity/dutch\ vocab\ builder/dutch-vocab-builder/ios/Pods/Headers/Public/RCTRequired -Xcc -I/Users/vivek/Documents/vide\ coding/antigravity/dutch\ vocab\ builder/dutch-vocab-builder/ios/Pods/Headers/Public/RCTTypeSafety -Xcc -I/Users/vivek/Documents/vide\ coding/antigravity/dutch\ vocab\ builder/dutch-vocab-builder/ios/Pods/Headers/Public/React-Core -Xcc -I/Users/vivek/Documents/vide\ coding/antigravity/dutch\ vocab\ builder/dutch-vocab-builder/ios/Pods/Headers/Public/React-Core-prebuilt -Xcc -I/Users/vivek/Documents/vide\ coding/antigravity/dutch\ vocab\ builder/dutch-vocab-builder/ios/Pods/Headers/Public/React-CoreModules -Xcc -I/Users/vivek/Documents/vide\ coding/antigravity/dutch\ vocab\ builder/dutch-vocab-builder/ios/Pods/Headers/Public/React-Fabric -Xcc -I/Users/vivek/Documents/vide\ coding/antigravity/dutch\ vocab\ builder/dutch-vocab-builder/ios/Pods/Headers/Public/React-FabricComponents -Xcc -I/Users/vivek/Documents/vide\ coding/antigravity/dutch\ vocab\ builder/dutch-vocab-builder/ios/Pods/Headers/Public/React-FabricImage -Xcc -I/Users/vivek/Documents/vide\ coding/antigravity/dutch\ vocab\ builder/dutch-vocab-builder/ios/Pods/Headers/Public/React-ImageManager -Xcc -I/Users/vivek/Documents/vide\ coding/antigravity/dutch\ vocab\ builder/dutch-vocab-builder/ios/Pods/Headers/Public/React-Mapbuffer -Xcc -I/Users/vivek/Documents/vide\ coding/antigravity/dutch\ vocab\ builder/dutch-vocab-builder/ios/Pods/Headers/Public/React-NativeModulesApple -Xcc -I/Users/vivek/Documents/vide\ coding/antigravity/dutch\ vocab\ builder/dutch-vocab-builder/ios/Pods/Headers/Public/React-RCTAnimation -Xcc -I/Users/vivek/Documents/vide\ coding/antigravity/dutch\ vocab\ builder/dutch-vocab-builder/ios/Pods/Headers/Public/React-RCTBlob -Xcc -I/Users/vivek/Documents/vide\ coding/antigravity/dutch\ vocab\ builder/dutch-vocab-builder/ios/Pods/Headers/Public/React-RCTFBReactNativeSpec -Xcc -I/Users/vivek/Documents/vide\ coding/antigravity/dutch\ vocab\ builder/dutch-vocab-builder/ios/Pods/Headers/Public/React-RCTFabric -Xcc -I/Users/vivek/Documents/vide\ coding/antigravity/dutch\ vocab\ builder/dutch-vocab-builder/ios/Pods/Headers/Public/React-RCTImage -Xcc -I/Users/vivek/Documents/vide\ coding/antigravity/dutch\ vocab\ builder/dutch-vocab-builder/ios/Pods/Headers/Public/React-RCTRuntime -Xcc -I/Users/vivek/Documents/vide\ coding/antigravity/dutch\ vocab\ builder/dutch-vocab-builder/ios/Pods/Headers/Public/React-RCTText -Xcc -I/Users/vivek/Documents/vide\ coding/antigravity/dutch\ vocab\ builder/dutch-vocab-builder/ios/Pods/Headers/Public/React-RuntimeApple -Xcc -I/Users/vivek/Documents/vide\ coding/antigravity/dutch\ vocab\ builder/dutch-vocab-builder/ios/Pods/Headers/Public/React-RuntimeCore -Xcc -I/Users/vivek/Documents/vide\ coding/antigravity/dutch\ vocab\ builder/dutch-vocab-builder/ios/Pods/Headers/Public/React-RuntimeHermes -Xcc -I/Users/vivek/Documents/vide\ coding/antigravity/dutch\ vocab\ builder/dutch-vocab-builder/ios/Pods/Headers/Public/React-callinvoker -Xcc -I/Users/vivek/Documents/vide\ coding/antigravity/dutch\ vocab\ builder/dutch-vocab-builder/ios/Pods/Headers/Public/React-cxxreact -Xcc -I/Users/vivek/Documents/vide\ coding/antigravity/dutch\ vocab\ builder/dutch-vocab-builder/ios/Pods/Headers/Public/React-debug -Xcc -I/Users/vivek/Documents/vide\ coding/antigravity/dutch\ vocab\ builder/dutch-vocab-builder/ios/Pods/Headers/Public/React-defaultsnativemodule -Xcc -I/Users/vivek/Documents/vide\ coding/antigravity/dutch\ vocab\ builder/dutch-vocab-builder/ios/Pods/Headers/Public/React-domnativemodule -Xcc -I/Users/vivek/Documents/vide\ coding/antigravity/dutch\ vocab\ builder/dutch-vocab-builder/ios/Pods/Headers/Public/React-featureflags -Xcc -I/Users/vivek/Documents/vide\ coding/antigravity/dutch\ vocab\ builder/dutch-vocab-builder/ios/Pods/Headers/Public/React-featureflagsnativemodule -Xcc -I/Users/vivek/Documents/vide\ coding/antigravity/dutch\ vocab\ builder/dutch-vocab-builder/ios/Pods/Headers/Public/React-graphics -Xcc -I/Users/vivek/Documents/vide\ coding/antigravity/dutch\ vocab\ builder/dutch-vocab-builder/ios/Pods/Headers/Public/React-hermes -Xcc -I/Users/vivek/Documents/vide\ coding/antigravity/dutch\ vocab\ builder/dutch-vocab-builder/ios/Pods/Headers/Public/React-idlecallbacksnativemodule -Xcc -I/Users/vivek/Documents/vide\ coding/antigravity/dutch\ vocab\ builder/dutch-vocab-builder/ios/Pods/Headers/Public/React-jserrorhandler -Xcc -I/Users/vivek/Documents/vide\ coding/antigravity/dutch\ vocab\ builder/dutch-vocab-builder/ios/Pods/Headers/Public/React-jsi -Xcc -I/Users/vivek/Documents/vide\ coding/antigravity/dutch\ vocab\ builder/dutch-vocab-builder/ios/Pods/Headers/Public/React-jsiexecutor -Xcc -I/Users/vivek/Documents/vide\ coding/antigravity/dutch\ vocab\ builder/dutch-vocab-builder/ios/Pods/Headers/Public/React-jsinspector -Xcc -I/Users/vivek/Documents/vide\ coding/antigravity/dutch\ vocab\ builder/dutch-vocab-builder/ios/Pods/Headers/Public/React-jsinspectorcdp -Xcc -I/Users/vivek/Documents/vide\ coding/antigravity/dutch\ vocab\ builder/dutch-vocab-builder/ios/Pods/Headers/Public/React-jsinspectornetwork -Xcc -I/Users/vivek/Documents/vide\ coding/antigravity/dutch\ vocab\ builder/dutch-vocab-builder/ios/Pods/Headers/Public/React-jsinspectortracing -Xcc -I/Users/vivek/Documents/vide\ coding/antigravity/dutch\ vocab\ builder/dutch-vocab-builder/ios/Pods/Headers/Public/React-jsitooling -Xcc -I/Users/vivek/Documents/vide\ coding/antigravity/dutch\ vocab\ builder/dutch-vocab-builder/ios/Pods/Headers/Public/React-logger -Xcc -I/Users/vivek/Documents/vide\ coding/antigravity/dutch\ vocab\ builder/dutch-vocab-builder/ios/Pods/Headers/Public/React-microtasksnativemodule -Xcc -I/Users/vivek/Documents/vide\ coding/antigravity/dutch\ vocab\ builder/dutch-vocab-builder/ios/Pods/Headers/Public/React-oscompat -Xcc -I/Users/vivek/Documents/vide\ coding/antigravity/dutch\ vocab\ builder/dutch-vocab-builder/ios/Pods/Headers/Public/React-perflogger -Xcc -I/Users/vivek/Documents/vide\ coding/antigravity/dutch\ vocab\ builder/dutch-vocab-builder/ios/Pods/Headers/Public/React-performancetimeline -Xcc -I/Users/vivek/Documents/vide\ coding/antigravity/dutch\ vocab\ builder/dutch-vocab-builder/ios/Pods/Headers/Public/React-rendererconsistency -Xcc -I/Users/vivek/Documents/vide\ coding/antigravity/dutch\ vocab\ builder/dutch-vocab-builder/ios/Pods/Headers/Public/React-renderercss -Xcc -I/Users/vivek/Documents/vide\ coding/antigravity/dutch\ vocab\ builder/dutch-vocab-builder/ios/Pods/Headers/Public/React-rendererdebug -Xcc -I/Users/vivek/Documents/vide\ coding/antigravity/dutch\ vocab\ builder/dutch-vocab-builder/ios/Pods/Headers/Public/React-runtimeexecutor -Xcc -I/Users/vivek/Documents/vide\ coding/antigravity/dutch\ vocab\ builder/dutch-vocab-builder/ios/Pods/Headers/Public/React-runtimescheduler -Xcc -I/Users/vivek/Documents/vide\ coding/antigravity/dutch\ vocab\ builder/dutch-vocab-builder/ios/Pods/Headers/Public/React-timing -Xcc -I/Users/vivek/Documents/vide\ coding/antigravity/dutch\ vocab\ builder/dutch-vocab-builder/ios/Pods/Headers/Public/React-utils -Xcc -I/Users/vivek/Documents/vide\ coding/antigravity/dutch\ vocab\ builder/dutch-vocab-builder/ios/Pods/Headers/Public/ReactCodegen -Xcc -I/Users/vivek/Documents/vide\ coding/antigravity/dutch\ vocab\ builder/dutch-vocab-builder/ios/Pods/Headers/Public/ReactCommon -Xcc -I/Users/vivek/Documents/vide\ coding/antigravity/dutch\ vocab\ builder/dutch-vocab-builder/ios/Pods/Headers/Public/ReactNativeDependencies -Xcc -I/Users/vivek/Documents/vide\ coding/antigravity/dutch\ vocab\ builder/dutch-vocab-builder/ios/Pods/Headers/Public/Yoga -Xcc -I/Users/vivek/Documents/vide\ coding/antigravity/dutch\ vocab\ builder/dutch-vocab-builder/ios/Pods/Headers/Public/hermes-engine -Xcc -I/Users/vivek/Library/Developer/Xcode/DerivedData/dutchvocabbuilder-ekvgrffdbexgzcfvrslzlsvtuhiq/Build/Intermediates.noindex/Pods.build/Debug-iphonesimulator/ExpoFileSystem.build/DerivedSources-normal/arm64 -Xcc -I/Users/vivek/Library/Developer/Xcode/DerivedData/dutchvocabbuilder-ekvgrffdbexgzcfvrslzlsvtuhiq/Build/Intermediates.noindex/Pods.build/Debug-iphonesimulator/ExpoFileSystem.build/DerivedSources/arm64 -Xcc -I/Users/vivek/Library/Developer/Xcode/DerivedData/dutchvocabbuilder-ekvgrffdbexgzcfvrslzlsvtuhiq/Build/Intermediates.noindex/Pods.build/Debug-iphonesimulator/ExpoFileSystem.build/DerivedSources -Xcc -DPOD_CONFIGURATION_DEBUG\=1 -Xcc -DDEBUG\=1 -Xcc -DCOCOAPODS\=1 -emit-objc-header -emit-objc-header-path /Users/vivek/Library/Developer/Xcode/DerivedData/dutchvocabbuilder-ekvgrffdbexgzcfvrslzlsvtuhiq/Build/Intermediates.noindex/Pods.build/Debug-iphonesimulator/ExpoFileSystem.build/Objects-normal/arm64/ExpoFileSystem-Swift.h -working-directory /Users/vivek/Documents/vide\ coding/antigravity/dutch\ vocab\ builder/dutch-vocab-builder/ios/Pods -experimental-emit-module-separately -disable-cmo

note: Run script build phase '[Expo] Configure project' will be run during every build because the option to run the script phase "Based on dependency analysis" is unchecked. (in target 'dutchvocabbuilder' from project 'dutchvocabbuilder')
note: Run script build phase 'Bundle React Native code and images' will be run during every build because the option to run the script phase "Based on dependency analysis" is unchecked. (in target 'dutchvocabbuilder' from project 'dutchvocabbuilder')
warning: Run script build phase '[CP-User] [Hermes] Replace Hermes for the right configuration, if needed' will be run during every build because it does not specify any outputs. To address this issue, either add output dependencies to the script phase, or configure it to run in every build by unchecking "Based on dependency analysis" in the script phase. (in target 'hermes-engine' from project 'Pods')
note: Run script build phase '[CP-User] [RNDeps] Replace React Native Dependencies for the right configuration, if needed' will be run during every build because the option to run the script phase "Based on dependency analysis" is unchecked. (in target 'ReactNativeDependencies' from project 'Pods')
note: Run script build phase '[CP-User] Generate app.config for prebuilt Constants.manifest' will be run during every build because the option to run the script phase "Based on dependency analysis" is unchecked. (in target 'EXConstants' from project 'Pods')


--- xcodebuild: WARNING: Using the first of multiple matching destinations:
{ platform:iOS Simulator, id:26CBEFC5-7D3A-41B2-B7D6-D5F9CE78E77D, OS:18.3.1, name:iPhone 16 }
{ platform:iOS Simulator, id:26CBEFC5-7D3A-41B2-B7D6-D5F9CE78E77D, OS:18.3.1, name:iPhone 16 }
** BUILD FAILED **


The following build commands failed:
	PhaseScriptExecution [CP-User]\ Generate\ app.config\ for\ prebuilt\ Constants.manifest /Users/vivek/Library/Developer/Xcode/DerivedData/dutchvocabbuilder-ekvgrffdbexgzcfvrslzlsvtuhiq/Build/Intermediates.noindex/Pods.build/Debug-iphonesimulator/EXConstants.build/Script-46EB2E0001F7D0.sh (in target 'EXConstants' from project 'Pods')
	Building workspace dutchvocabbuilder with scheme dutchvocabbuilder and configuration Debug
(2 failures)
Build logs written to /Users/vivek/Documents/vide coding/antigravity/dutch vocab builder/dutch-vocab-builder/.expo/xcodebuild.log
